--
-- PostgreSQL database dump
--

-- Dumped from database version 13.6 (Ubuntu 13.6-1.pgdg20.04+1+b1)
-- Dumped by pg_dump version 13.6 (Ubuntu 13.6-1.pgdg20.04+1+b1)

SET statement_timeout = 0;
SET lock_timeout = 0;
SET idle_in_transaction_session_timeout = 0;
SET client_encoding = 'UTF8';
SET standard_conforming_strings = on;
SELECT pg_catalog.set_config('search_path', '', false);
SET check_function_bodies = false;
SET xmloption = content;
SET client_min_messages = warning;
SET row_security = off;

SET default_tablespace = '';

SET default_table_access_method = heap;

--
-- Name: cart; Type: TABLE; Schema: public; Owner: user_1
--

CREATE TABLE public.cart (
    id integer NOT NULL,
    user_id integer NOT NULL,
    goods_id integer NOT NULL,
    count integer DEFAULT 1,
    order_id integer DEFAULT 0,
    status integer DEFAULT 0,
    created_at timestamp without time zone
);


ALTER TABLE public.cart OWNER TO user_1;

--
-- Name: cart_id_seq; Type: SEQUENCE; Schema: public; Owner: user_1
--

CREATE SEQUENCE public.cart_id_seq
    AS integer
    START WITH 1
    INCREMENT BY 1
    NO MINVALUE
    NO MAXVALUE
    CACHE 1;


ALTER TABLE public.cart_id_seq OWNER TO user_1;

--
-- Name: cart_id_seq; Type: SEQUENCE OWNED BY; Schema: public; Owner: user_1
--

ALTER SEQUENCE public.cart_id_seq OWNED BY public.cart.id;


--
-- Name: categories; Type: TABLE; Schema: public; Owner: user_1
--

CREATE TABLE public.categories (
    id integer NOT NULL,
    name character varying(100) NOT NULL
);


ALTER TABLE public.categories OWNER TO user_1;

--
-- Name: categories_id_seq; Type: SEQUENCE; Schema: public; Owner: user_1
--

CREATE SEQUENCE public.categories_id_seq
    AS integer
    START WITH 1
    INCREMENT BY 1
    NO MINVALUE
    NO MAXVALUE
    CACHE 1;


ALTER TABLE public.categories_id_seq OWNER TO user_1;

--
-- Name: categories_id_seq; Type: SEQUENCE OWNED BY; Schema: public; Owner: user_1
--

ALTER SEQUENCE public.categories_id_seq OWNED BY public.categories.id;


--
-- Name: goods; Type: TABLE; Schema: public; Owner: user_1
--

CREATE TABLE public.goods (
    id integer NOT NULL,
    name character varying(100) NOT NULL,
    main_photo_id integer NOT NULL,
    price integer NOT NULL,
    description character varying(300) NOT NULL,
    full_description text NOT NULL,
    category_id integer,
    shop_id integer NOT NULL,
    created_at timestamp without time zone
);


ALTER TABLE public.goods OWNER TO user_1;

--
-- Name: goods_id_seq; Type: SEQUENCE; Schema: public; Owner: user_1
--

CREATE SEQUENCE public.goods_id_seq
    AS integer
    START WITH 1
    INCREMENT BY 1
    NO MINVALUE
    NO MAXVALUE
    CACHE 1;


ALTER TABLE public.goods_id_seq OWNER TO user_1;

--
-- Name: goods_id_seq; Type: SEQUENCE OWNED BY; Schema: public; Owner: user_1
--

ALTER SEQUENCE public.goods_id_seq OWNED BY public.goods.id;


--
-- Name: messages; Type: TABLE; Schema: public; Owner: user_1
--

CREATE TABLE public.messages (
    id integer NOT NULL,
    sender_id integer NOT NULL,
    recipient_id integer NOT NULL,
    body text,
    is_delivered boolean,
    is_read boolean,
    created_at timestamp without time zone
);


ALTER TABLE public.messages OWNER TO user_1;

--
-- Name: messages_id_seq; Type: SEQUENCE; Schema: public; Owner: user_1
--

CREATE SEQUENCE public.messages_id_seq
    AS integer
    START WITH 1
    INCREMENT BY 1
    NO MINVALUE
    NO MAXVALUE
    CACHE 1;


ALTER TABLE public.messages_id_seq OWNER TO user_1;

--
-- Name: messages_id_seq; Type: SEQUENCE OWNED BY; Schema: public; Owner: user_1
--

ALTER SEQUENCE public.messages_id_seq OWNED BY public.messages.id;


--
-- Name: order_status; Type: TABLE; Schema: public; Owner: user_1
--

CREATE TABLE public.order_status (
    id integer NOT NULL,
    status character varying(200) NOT NULL
);


ALTER TABLE public.order_status OWNER TO user_1;

--
-- Name: order_status_id_seq; Type: SEQUENCE; Schema: public; Owner: user_1
--

CREATE SEQUENCE public.order_status_id_seq
    AS integer
    START WITH 1
    INCREMENT BY 1
    NO MINVALUE
    NO MAXVALUE
    CACHE 1;


ALTER TABLE public.order_status_id_seq OWNER TO user_1;

--
-- Name: order_status_id_seq; Type: SEQUENCE OWNED BY; Schema: public; Owner: user_1
--

ALTER SEQUENCE public.order_status_id_seq OWNED BY public.order_status.id;


--
-- Name: orders; Type: TABLE; Schema: public; Owner: user_1
--

CREATE TABLE public.orders (
    id integer NOT NULL,
    user_id integer NOT NULL,
    status_id integer NOT NULL,
    created_at timestamp without time zone
);


ALTER TABLE public.orders OWNER TO user_1;

--
-- Name: orders_id_seq; Type: SEQUENCE; Schema: public; Owner: user_1
--

CREATE SEQUENCE public.orders_id_seq
    AS integer
    START WITH 1
    INCREMENT BY 1
    NO MINVALUE
    NO MAXVALUE
    CACHE 1;


ALTER TABLE public.orders_id_seq OWNER TO user_1;

--
-- Name: orders_id_seq; Type: SEQUENCE OWNED BY; Schema: public; Owner: user_1
--

ALTER SEQUENCE public.orders_id_seq OWNED BY public.orders.id;


--
-- Name: photo; Type: TABLE; Schema: public; Owner: user_1
--

CREATE TABLE public.photo (
    id integer NOT NULL,
    url character varying(250) NOT NULL,
    good_id integer NOT NULL,
    size integer NOT NULL,
    uploaded_at timestamp without time zone
);


ALTER TABLE public.photo OWNER TO user_1;

--
-- Name: photo_id_seq; Type: SEQUENCE; Schema: public; Owner: user_1
--

CREATE SEQUENCE public.photo_id_seq
    AS integer
    START WITH 1
    INCREMENT BY 1
    NO MINVALUE
    NO MAXVALUE
    CACHE 1;


ALTER TABLE public.photo_id_seq OWNER TO user_1;

--
-- Name: photo_id_seq; Type: SEQUENCE OWNED BY; Schema: public; Owner: user_1
--

ALTER SEQUENCE public.photo_id_seq OWNED BY public.photo.id;


--
-- Name: sellers; Type: TABLE; Schema: public; Owner: user_1
--

CREATE TABLE public.sellers (
    id integer NOT NULL,
    first_name character varying(50) NOT NULL,
    last_name character varying(50) NOT NULL,
    email character varying(200) NOT NULL,
    phone character varying(20),
    inn character varying(20) NOT NULL,
    created_at timestamp without time zone
);


ALTER TABLE public.sellers OWNER TO user_1;

--
-- Name: sellers_id_seq; Type: SEQUENCE; Schema: public; Owner: user_1
--

CREATE SEQUENCE public.sellers_id_seq
    AS integer
    START WITH 1
    INCREMENT BY 1
    NO MINVALUE
    NO MAXVALUE
    CACHE 1;


ALTER TABLE public.sellers_id_seq OWNER TO user_1;

--
-- Name: sellers_id_seq; Type: SEQUENCE OWNED BY; Schema: public; Owner: user_1
--

ALTER SEQUENCE public.sellers_id_seq OWNED BY public.sellers.id;


--
-- Name: shops; Type: TABLE; Schema: public; Owner: user_1
--

CREATE TABLE public.shops (
    id integer NOT NULL,
    name character varying(120) NOT NULL,
    description text NOT NULL,
    photo_url character varying(300),
    owner_id integer NOT NULL,
    created_at timestamp without time zone
);


ALTER TABLE public.shops OWNER TO user_1;

--
-- Name: shops_id_seq; Type: SEQUENCE; Schema: public; Owner: user_1
--

CREATE SEQUENCE public.shops_id_seq
    AS integer
    START WITH 1
    INCREMENT BY 1
    NO MINVALUE
    NO MAXVALUE
    CACHE 1;


ALTER TABLE public.shops_id_seq OWNER TO user_1;

--
-- Name: shops_id_seq; Type: SEQUENCE OWNED BY; Schema: public; Owner: user_1
--

ALTER SEQUENCE public.shops_id_seq OWNED BY public.shops.id;


--
-- Name: subscriptions; Type: TABLE; Schema: public; Owner: user_1
--

CREATE TABLE public.subscriptions (
    shop_id integer NOT NULL,
    user_id integer NOT NULL,
    confirmed_at timestamp without time zone
);


ALTER TABLE public.subscriptions OWNER TO user_1;

--
-- Name: users; Type: TABLE; Schema: public; Owner: user_1
--

CREATE TABLE public.users (
    id integer NOT NULL,
    first_name character varying(50) NOT NULL,
    last_name character varying(50) NOT NULL,
    email character varying(200) NOT NULL,
    phone character varying(20),
    address character varying(300),
    photo_url character varying(300),
    created_at timestamp without time zone
);


ALTER TABLE public.users OWNER TO user_1;

--
-- Name: users_id_seq; Type: SEQUENCE; Schema: public; Owner: user_1
--

CREATE SEQUENCE public.users_id_seq
    AS integer
    START WITH 1
    INCREMENT BY 1
    NO MINVALUE
    NO MAXVALUE
    CACHE 1;


ALTER TABLE public.users_id_seq OWNER TO user_1;

--
-- Name: users_id_seq; Type: SEQUENCE OWNED BY; Schema: public; Owner: user_1
--

ALTER SEQUENCE public.users_id_seq OWNED BY public.users.id;


--
-- Name: cart id; Type: DEFAULT; Schema: public; Owner: user_1
--

ALTER TABLE ONLY public.cart ALTER COLUMN id SET DEFAULT nextval('public.cart_id_seq'::regclass);


--
-- Name: categories id; Type: DEFAULT; Schema: public; Owner: user_1
--

ALTER TABLE ONLY public.categories ALTER COLUMN id SET DEFAULT nextval('public.categories_id_seq'::regclass);


--
-- Name: goods id; Type: DEFAULT; Schema: public; Owner: user_1
--

ALTER TABLE ONLY public.goods ALTER COLUMN id SET DEFAULT nextval('public.goods_id_seq'::regclass);


--
-- Name: messages id; Type: DEFAULT; Schema: public; Owner: user_1
--

ALTER TABLE ONLY public.messages ALTER COLUMN id SET DEFAULT nextval('public.messages_id_seq'::regclass);


--
-- Name: order_status id; Type: DEFAULT; Schema: public; Owner: user_1
--

ALTER TABLE ONLY public.order_status ALTER COLUMN id SET DEFAULT nextval('public.order_status_id_seq'::regclass);


--
-- Name: orders id; Type: DEFAULT; Schema: public; Owner: user_1
--

ALTER TABLE ONLY public.orders ALTER COLUMN id SET DEFAULT nextval('public.orders_id_seq'::regclass);


--
-- Name: photo id; Type: DEFAULT; Schema: public; Owner: user_1
--

ALTER TABLE ONLY public.photo ALTER COLUMN id SET DEFAULT nextval('public.photo_id_seq'::regclass);


--
-- Name: sellers id; Type: DEFAULT; Schema: public; Owner: user_1
--

ALTER TABLE ONLY public.sellers ALTER COLUMN id SET DEFAULT nextval('public.sellers_id_seq'::regclass);


--
-- Name: shops id; Type: DEFAULT; Schema: public; Owner: user_1
--

ALTER TABLE ONLY public.shops ALTER COLUMN id SET DEFAULT nextval('public.shops_id_seq'::regclass);


--
-- Name: users id; Type: DEFAULT; Schema: public; Owner: user_1
--

ALTER TABLE ONLY public.users ALTER COLUMN id SET DEFAULT nextval('public.users_id_seq'::regclass);


--
-- Data for Name: cart; Type: TABLE DATA; Schema: public; Owner: user_1
--

COPY public.cart (id, user_id, goods_id, count, order_id, status, created_at) FROM stdin;
1	19	88	7	0	0	2022-08-01 13:01:37
2	152	24	7	1	1	2021-10-25 19:22:08
3	27	212	5	0	0	2023-04-09 22:38:43
4	67	284	6	0	0	2023-05-20 12:33:34
5	79	40	7	0	0	2022-11-28 08:26:47
6	98	119	6	2	1	2021-12-22 16:47:23
7	151	14	5	3	1	2021-05-26 03:25:33
8	102	10	7	4	1	2022-08-01 22:11:21
9	167	21	2	5	1	2021-11-29 21:54:47
10	17	111	4	6	1	2022-05-28 07:29:49
11	27	286	3	7	1	2022-01-14 10:33:01
12	97	131	1	8	1	2021-11-10 19:32:31
13	97	146	8	9	1	2021-08-26 17:10:01
14	57	18	3	10	1	2021-08-10 06:46:18
15	32	239	3	0	0	2022-04-28 09:28:09
16	128	264	10	11	1	2021-07-24 03:40:02
17	159	262	9	12	1	2023-05-02 23:41:12
18	19	285	2	13	1	2022-09-04 10:06:56
19	190	186	9	0	0	2022-11-19 20:16:28
20	38	199	10	0	0	2022-06-13 20:05:23
21	130	169	4	0	0	2021-07-03 04:43:55
22	189	87	8	0	0	2022-12-25 18:09:29
23	133	197	6	14	1	2022-02-22 17:30:53
24	166	186	7	0	0	2023-04-15 21:17:42
25	87	63	3	15	1	2021-05-30 01:13:06
26	88	270	6	0	0	2021-12-29 23:28:20
27	100	154	2	16	1	2021-06-15 14:44:36
28	121	53	4	0	0	2021-09-30 09:01:53
29	99	118	4	0	0	2022-04-17 01:58:00
30	58	191	1	0	0	2023-02-27 20:40:43
31	5	251	10	0	0	2022-11-21 12:42:35
32	67	185	8	0	0	2021-07-15 00:57:14
33	24	208	8	17	1	2022-04-26 08:30:37
34	187	179	2	0	0	2021-11-26 18:51:35
35	115	210	3	18	1	2022-02-27 12:32:12
36	152	129	4	0	0	2022-12-22 21:54:20
37	167	117	9	0	0	2022-11-28 12:28:51
38	93	243	6	0	0	2023-04-13 04:27:19
39	54	129	2	0	0	2022-09-13 06:18:01
40	179	257	6	0	0	2023-02-27 03:47:56
41	190	22	3	0	0	2022-07-29 20:21:25
42	110	52	7	0	0	2023-03-17 12:37:12
43	156	95	5	0	0	2022-12-29 02:45:29
44	20	158	9	0	0	2022-07-13 08:43:39
45	119	207	1	0	0	2023-03-26 06:01:04
46	195	1	2	0	0	2022-06-05 16:31:31
47	52	105	7	0	0	2022-11-22 08:28:50
48	69	18	9	0	0	2022-04-17 18:56:54
49	93	264	2	0	0	2023-03-31 10:43:50
50	53	169	1	0	0	2021-06-20 07:08:21
51	36	134	6	19	1	2022-10-05 16:39:14
52	60	96	9	20	1	2022-10-27 14:49:38
53	68	267	5	0	0	2022-04-09 08:05:55
54	50	284	8	21	1	2023-02-23 12:33:40
55	101	155	9	22	1	2021-12-14 01:09:58
56	174	178	6	0	0	2021-12-02 05:25:44
57	121	105	2	0	0	2021-08-19 16:02:48
58	155	69	8	23	1	2023-02-17 03:44:20
59	84	38	3	0	0	2022-11-30 00:02:07
60	97	64	5	0	0	2021-05-30 06:46:00
61	18	294	10	24	1	2022-03-26 23:11:23
62	159	113	6	25	1	2023-01-05 05:59:37
63	123	66	3	0	0	2021-06-30 11:30:05
64	20	207	4	0	0	2021-12-13 01:38:02
65	197	291	4	0	0	2023-04-17 23:50:06
66	199	196	10	0	0	2021-12-23 18:39:49
67	146	253	5	26	1	2022-09-28 06:59:51
68	178	195	2	0	0	2021-06-11 00:09:14
69	38	152	4	0	0	2023-01-06 09:52:39
70	68	104	5	27	1	2023-02-03 02:05:57
71	65	48	3	0	0	2021-11-17 21:22:44
72	61	52	5	28	1	2023-04-16 01:43:05
73	163	138	7	29	1	2022-07-15 08:14:51
74	194	139	7	0	0	2022-10-12 16:28:48
75	199	154	8	30	1	2021-07-23 14:36:47
76	46	232	2	31	1	2021-09-02 16:38:46
77	87	283	6	32	1	2022-10-09 19:44:51
78	64	149	7	33	1	2023-02-09 19:38:48
79	122	43	7	0	0	2021-08-03 11:10:06
80	43	247	9	34	1	2022-04-23 06:10:07
81	74	22	6	0	0	2023-03-25 02:05:14
82	32	243	9	35	1	2022-12-27 12:20:18
83	4	264	7	0	0	2022-07-14 16:42:11
84	179	124	7	36	1	2021-09-27 19:04:36
85	51	248	2	0	0	2022-04-02 10:40:41
86	179	255	8	37	1	2023-02-02 17:11:49
87	73	120	5	0	0	2023-01-26 16:57:43
88	172	108	8	0	0	2023-01-25 15:29:12
89	192	106	2	0	0	2022-07-16 06:55:09
90	172	49	9	0	0	2021-09-16 08:36:45
91	195	65	1	0	0	2022-07-14 12:00:40
92	152	79	9	0	0	2022-07-05 06:38:01
93	29	52	7	0	0	2021-11-13 04:20:10
94	157	17	8	0	0	2021-12-07 02:50:57
95	32	243	2	0	0	2022-06-30 15:10:55
96	133	127	5	38	1	2023-02-21 01:45:45
97	40	51	7	0	0	2023-03-18 13:40:19
98	184	107	5	0	0	2022-12-15 18:16:07
99	135	279	8	0	0	2022-01-15 23:11:29
100	190	106	9	0	0	2021-10-22 13:46:20
\.


--
-- Data for Name: categories; Type: TABLE DATA; Schema: public; Owner: user_1
--

COPY public.categories (id, name) FROM stdin;
1	lorem
2	vestibulum. Mauris
3	ligula
4	hendrerit
5	morbi tristique
6	justo nec
7	id
8	Morbi
9	tellus,
10	dolor
\.


--
-- Data for Name: goods; Type: TABLE DATA; Schema: public; Owner: user_1
--

COPY public.goods (id, name, main_photo_id, price, description, full_description, category_id, shop_id, created_at) FROM stdin;
1	ipsum	130	6752	metus sit amet ante.	Proin dolor. Nulla semper tellus id nunc interdum feugiat. Sed nec metus facilisis lorem tristique aliquet. Phasellus fermentum convallis ligula. Donec luctus aliquet odio. Etiam ligula tortor, dictum eu, placerat eget, venenatis a, magna. Lorem ipsum dolor sit amet, consectetuer adipiscing elit. Etiam laoreet, libero et tristique pellentesque, tellus sem mollis dui, in sodales elit erat vitae risus. Duis a mi fringilla mi lacinia mattis. Integer eu lacus. Quisque imperdiet, erat nonummy ultricies ornare, elit elit fermentum risus, at fringilla purus mauris a nunc. In at pede. Cras vulputate	1	285	2022-03-07 16:53:00
2	consectetuer adipiscing	137	1011	felis eget varius ultrices,	vel, venenatis vel, faucibus id, libero. Donec consectetuer mauris id sapien. Cras dolor dolor, tempus	3	188	2021-08-20 02:41:11
3	rutrum eu,	363	6678	lorem ipsum sodales purus,	Duis elementum, dui quis accumsan convallis, ante lectus convallis est, vitae sodales nisi magna sed dui. Fusce aliquam, enim nec tempus scelerisque, lorem ipsum sodales purus, in molestie tortor nibh sit amet orci. Ut sagittis lobortis mauris. Suspendisse aliquet molestie tellus. Aenean egestas hendrerit neque. In ornare sagittis felis. Donec tempor, est ac mattis semper, dui lectus rutrum urna,	9	38	2022-06-29 17:05:44
4	ipsum leo	214	3090	vel est	in magna. Phasellus dolor elit, pellentesque a, facilisis non, bibendum sed, est. Nunc laoreet lectus quis massa. Mauris vestibulum, neque sed dictum eleifend, nunc risus varius orci, in consequat enim diam vel arcu. Curabitur ut odio vel est tempor bibendum. Donec felis orci, adipiscing non, luctus sit amet, faucibus ut, nulla. Cras eu tellus eu augue porttitor interdum. Sed auctor odio a purus. Duis elementum, dui quis accumsan convallis, ante lectus convallis est, vitae	3	65	2023-01-20 13:33:38
5	auctor vitae,	138	4767	tellus eu augue porttitor	Integer id magna et ipsum cursus vestibulum. Mauris magna. Duis dignissim tempor arcu. Vestibulum ut eros non enim commodo hendrerit. Donec porttitor tellus non magna. Nam ligula elit, pretium et, rutrum non, hendrerit id, ante. Nunc mauris sapien,	6	118	2022-04-11 23:55:04
6	lacus. Nulla	190	886	ut lacus. Nulla tincidunt,	tempus scelerisque, lorem ipsum sodales purus, in molestie tortor nibh sit amet orci. Ut	5	237	2023-04-23 16:17:50
7	vel nisl.	130	2938	Quisque fringilla euismod enim. Etiam	risus a ultricies adipiscing, enim mi tempor lorem, eget mollis lectus pede et risus. Quisque libero lacus, varius et, euismod et, commodo at, libero. Morbi accumsan laoreet ipsum. Curabitur consequat, lectus sit amet luctus vulputate, nisi sem semper erat, in consectetuer ipsum nunc id enim. Curabitur massa. Vestibulum accumsan neque et nunc. Quisque ornare tortor at risus. Nunc ac sem ut dolor dapibus gravida. Aliquam tincidunt, nunc ac mattis ornare, lectus ante dictum mi, ac mattis velit justo nec ante. Maecenas	541	2022-08-12 09:28:54
8	Morbi	228	1041	ligula.	vehicula. Pellentesque tincidunt tempus risus. Donec egestas. Duis ac arcu. Nunc mauris. Morbi non sapien molestie orci tincidunt adipiscing. Mauris molestie pharetra nibh. Aliquam ornare, libero at auctor ullamcorper, nisl arcu iaculis enim,	1	244	2022-02-20 09:01:52
9	nec, malesuada ut,	316	1720	Proin non	Suspendisse aliquet molestie tellus. Aenean egestas hendrerit neque. In ornare sagittis felis. Donec tempor, est ac mattis semper, dui lectus rutrum urna, nec	4	3	2022-11-02 03:04:14
10	faucibus leo, in	371	9131	Nam porttitor scelerisque neque. Nullam	eget, venenatis a, magna. Lorem ipsum dolor sit amet, consectetuer adipiscing elit. Etiam laoreet, libero et tristique pellentesque, tellus sem mollis dui, in sodales elit erat vitae risus. Duis a mi fringilla mi lacinia mattis. Integer eu lacus. Quisque imperdiet, erat nonummy ultricies ornare, elit elit fermentum risus, at fringilla purus mauris a nunc. In at pede. Cras vulputate velit eu sem. Pellentesque ut ipsum ac mi eleifend egestas. Sed pharetra, felis eget varius ultrices, mauris ipsum porta elit, a feugiat tellus lorem	9	19	2021-10-28 11:53:53
11	iaculis, lacus	375	7299	Sed neque. Sed eget	sit amet ante. Vivamus non lorem vitae odio sagittis semper. Nam tempor diam dictum sapien. Aenean massa. Integer vitae nibh. Donec est mauris, rhoncus id, mollis nec, cursus a, enim. Suspendisse aliquet, sem ut cursus luctus, ipsum leo elementum sem, vitae aliquam eros turpis non enim. Mauris quis turpis vitae purus gravida sagittis. Duis gravida. Praesent eu nulla at	3	276	2022-07-28 19:50:32
12	eget, ipsum.	122	7443	nec orci. Donec nibh.	accumsan sed, facilisis vitae, orci. Phasellus dapibus quam quis diam. Pellentesque habitant morbi tristique senectus et netus et malesuada fames ac turpis egestas. Fusce aliquet magna a neque. Nullam ut nisi a odio semper cursus. Integer mollis. Integer tincidunt aliquam arcu. Aliquam ultrices iaculis odio. Nam interdum enim non nisi. Aenean eget metus. In nec orci. Donec nibh. Quisque nonummy ipsum non arcu. Vivamus sit amet risus. Donec egestas. Aliquam nec enim. Nunc ut erat. Sed nunc est, mollis non, cursus non, egestas a, dui. Cras pellentesque. Sed dictum. Proin eget odio. Aliquam vulputate ullamcorper magna. Sed eu eros.	4	9	2021-07-27 06:21:30
13	neque. Nullam	101	4420	metus eu	malesuada vel, venenatis vel, faucibus id, libero. Donec consectetuer mauris id sapien. Cras dolor dolor, tempus non, lacinia at, iaculis quis, pede. Praesent eu dui. Cum sociis natoque penatibus et magnis dis parturient montes, nascetur ridiculus mus. Aenean eget magna. Suspendisse tristique neque venenatis lacus. Etiam bibendum fermentum metus. Aenean sed pede nec ante blandit viverra. Donec tempus, lorem fringilla ornare placerat, orci lacus vestibulum lorem, sit amet ultricies sem	9	48	2021-07-17 01:30:33
14	at, egestas	272	6224	sapien molestie orci tincidunt adipiscing.	sit amet ornare lectus justo eu arcu. Morbi sit amet massa. Quisque porttitor eros nec tellus. Nunc lectus pede, ultrices a, auctor non, feugiat nec, diam. Duis mi enim, condimentum eget, volutpat ornare, facilisis eget, ipsum. Donec sollicitudin adipiscing ligula. Aenean gravida nunc sed pede. Cum sociis natoque penatibus et magnis dis parturient montes, nascetur ridiculus mus. Proin vel arcu eu odio tristique pharetra. Quisque ac libero nec ligula consectetuer rhoncus. Nullam velit dui, semper	9	212022-04-29 04:33:17
15	ipsum. Donec sollicitudin	253	3138	amet, risus. Donec nibh enim,	et, magna. Praesent interdum ligula eu enim. Etiam imperdiet dictum magna. Ut tincidunt orci quis lectus. Nullam suscipit, est ac facilisis	4	45	2021-11-26 17:45:17
16	est, congue	334	6344	risus.	lacus. Quisque purus sapien, gravida non, sollicitudin a, malesuada id, erat. Etiam vestibulum massa	2	101	2023-02-09 08:16:48
17	magnis	111	762	dis	sapien, cursus in, hendrerit consectetuer, cursus et, magna. Praesent interdum ligula eu enim. Etiam imperdiet dictum magna. Ut tincidunt orci quis lectus. Nullam suscipit, est ac facilisis facilisis, magna tellus faucibus leo, in lobortis tellus justo sit amet nulla. Donec non justo. Proin non massa non ante bibendum ullamcorper. Duis cursus, diam at pretium aliquet, metus urna convallis erat, eget tincidunt dui augue eu tellus. Phasellus elit pede,	3	75	2021-05-22 16:41:03
18	egestas.	384	9002	et malesuada fames ac turpis	sed dictum eleifend, nunc risus varius orci, in consequat enim diam vel arcu. Curabitur ut odio vel est tempor bibendum. Donec felis orci, adipiscing non, luctus sit amet, faucibus ut, nulla.	5	276	2021-12-24 22:55:01
19	dictum.	359	2039	nec, malesuada ut,	malesuada fames ac turpis egestas. Aliquam fringilla cursus purus. Nullam	4	188	2022-04-30 18:59:45
20	sem molestie	151	3764	Suspendisse	est, congue a, aliquet vel, vulputate eu, odio. Phasellus at augue id ante dictum cursus. Nunc mauris elit, dictum eu, eleifend nec, malesuada ut, sem. Nulla interdum. Curabitur dictum. Phasellus in felis. Nulla tempor augue ac ipsum. Phasellus vitae mauris sit amet lorem semper auctor. Mauris vel turpis. Aliquam adipiscing lobortis risus. In mi pede, nonummy ut,	4	44	2021-07-08 11:15:52
21	fames ac turpis	363	1619	cubilia Curae Donec tincidunt.	diam luctus lobortis. Class aptent taciti sociosqu ad litora torquent per conubia nostra, per inceptos hymenaeos. Mauris ut quam vel sapien imperdiet ornare. In faucibus. Morbi vehicula. Pellentesque tincidunt tempus risus. Donec egestas. Duis ac arcu. Nunc mauris. Morbi non sapien molestie orci tincidunt adipiscing. Mauris molestie pharetra nibh. Aliquam ornare, libero at auctor ullamcorper, nisl arcu iaculis enim, sit amet ornare lectus justo eu arcu. Morbi sit	1	113	2021-08-26 06:41:42
22	nunc sit	377	4035	feugiat non, lobortis quis,	morbi tristique senectus et netus et malesuada fames ac turpis egestas. Aliquam fringilla cursus purus. Nullam scelerisque neque sed sem egestas blandit. Nam nulla magna, malesuada vel, convallis in, cursus et, eros. Proin ultrices. Duis volutpat nunc sit amet metus. Aliquam erat volutpat. Nulla facilisis. Suspendisse commodo tincidunt nibh. Phasellus nulla. Integer vulputate, risus a ultricies adipiscing, enim mi tempor lorem, eget mollis lectus pede et risus. Quisque libero lacus, varius et, euismod et, commodo	8	244	2022-10-23 21:04:15
23	felis ullamcorper viverra.	251	5921	mollis non, cursus non, egestas	magna a neque. Nullam ut nisi a odio semper cursus. Integer mollis. Integer tincidunt aliquam arcu. Aliquam ultrices iaculis odio. Nam interdum enim non nisi. Aenean eget metus. In nec orci. Donec nibh. Quisque nonummy ipsum non arcu. Vivamus sit amet risus. Donec egestas. Aliquam nec enim. Nunc ut erat. Sed nunc est, mollis non, cursus non, egestas a, dui. Cras pellentesque. Sed dictum. Proin eget odio. Aliquam vulputate ullamcorper magna. Sed eu eros. Nam consequat dolor vitae dolor. Donec fringilla. Donec feugiat metus sit amet ante. Vivamus non	7	225	2022-09-29 15:37:45
24	et libero. Proin	380	1570	dictum eleifend, nunc risus varius	augue porttitor interdum. Sed auctor odio a purus. Duis elementum, dui quis accumsan convallis, ante lectus convallis est, vitae sodales nisi magna sed dui. Fusce aliquam, enim nec tempus scelerisque, lorem ipsum sodales purus, in molestie tortor nibh sit amet orci. Ut sagittis lobortis mauris. Suspendisse aliquet molestie tellus. Aenean egestas hendrerit neque. In ornare sagittis felis. Donec tempor, est ac mattis semper, dui lectus rutrum urna, nec luctus felis	10	9	2022-08-28 14:25:44
25	nec ante.	388	2968	habitant morbi	neque sed dictum eleifend, nunc risus varius orci, in consequat enim diam vel arcu. Curabitur ut odio vel est tempor bibendum. Donec felis orci, adipiscing non, luctus sit amet, faucibus ut, nulla. Cras eu tellus eu augue porttitor interdum. Sed auctor odio a purus. Duis elementum, dui quis accumsan convallis, ante lectus convallis est, vitae sodales nisi magna sed dui. Fusce aliquam, enim nec tempus scelerisque, lorem ipsum sodales purus, in molestie tortor nibh sit amet orci. Ut sagittis lobortis mauris. Suspendisse aliquet molestie tellus. Aenean egestas hendrerit neque. In ornare sagittis felis. Donec tempor, est ac mattis semper, dui	2	104	2021-10-15 18:30:42
26	ante. Nunc mauris	159	6585	facilisis, magna tellus faucibus leo,	arcu. Vestibulum ante ipsum primis in faucibus orci luctus et ultrices posuere cubilia Curae Phasellus ornare. Fusce mollis. Duis sit amet diam eu dolor egestas rhoncus. Proin nisl sem, consequat nec, mollis vitae, posuere at, velit. Cras lorem lorem, luctus ut, pellentesque eget, dictum placerat, augue. Sed molestie. Sed id risus quis diam luctus lobortis. Class aptent taciti sociosqu ad litora torquent	10	21	2021-08-07 01:29:10
27	Pellentesque ultricies	255	9872	quis arcu	porta elit, a feugiat tellus lorem eu metus. In lorem. Donec elementum, lorem ut aliquam iaculis, lacus pede sagittis augue, eu tempor erat neque non quam. Pellentesque	3	95	2023-05-14 04:52:18
28	eu neque	237	1740	aliquet nec, imperdiet nec,	non dui nec urna suscipit nonummy. Fusce fermentum fermentum arcu. Vestibulum ante ipsum primis in faucibus orci luctus et ultrices posuere cubilia Curae Phasellus ornare. Fusce mollis. Duis sit amet diam eu dolor egestas rhoncus. Proin nisl sem, consequat nec, mollis vitae, posuere at, velit. Cras lorem lorem, luctus ut, pellentesque eget, dictum placerat, augue. Sed molestie. Sed id risus quis diam luctus lobortis. Class aptent taciti sociosqu ad litora torquent per conubia nostra, per inceptos hymenaeos. Mauris ut quam	3133	2022-07-25 01:45:28
29	amet,	108	1346	Nulla aliquet. Proin	cursus luctus, ipsum leo elementum sem, vitae aliquam eros turpis non enim. Mauris quis turpis vitae purus gravida sagittis. Duis gravida. Praesent eu nulla at sem molestie sodales. Mauris blandit enim consequat	4	261	2021-08-11 21:33:25
30	iaculis aliquet	353	7325	per inceptos	id magna et ipsum cursus vestibulum. Mauris magna. Duis dignissim tempor arcu. Vestibulum ut eros non enim commodo hendrerit. Donec porttitor tellus non magna. Nam ligula elit, pretium et, rutrum non, hendrerit id, ante. Nunc mauris sapien, cursus in, hendrerit consectetuer, cursus et, magna. Praesent interdum ligula eu enim. Etiam imperdiet dictum magna. Ut tincidunt	5	29	2023-01-15 23:56:05
31	sem mollis	314	5492	Morbi vehicula.	Maecenas malesuada fringilla est. Mauris eu turpis. Nulla aliquet. Proin velit. Sed malesuada augue ut lacus. Nulla tincidunt, neque vitae semper egestas, urna justo faucibus lectus, a sollicitudin orci sem eget massa. Suspendisse eleifend. Cras sed leo. Cras vehicula aliquet libero. Integer in magna. Phasellus dolor elit, pellentesque a, facilisis non, bibendum sed, est. Nunc laoreet lectus quis massa. Mauris vestibulum, neque	6	85	2021-10-08 06:09:09
32	eu turpis.	346	7197	risus, at	Duis sit amet diam eu dolor egestas rhoncus. Proin nisl sem, consequat nec, mollis vitae, posuere at, velit. Cras lorem lorem, luctus ut, pellentesque eget, dictum placerat, augue. Sed molestie. Sed id risus quis diam luctus lobortis. Class aptent taciti sociosqu ad litora torquent per conubia nostra, per inceptos hymenaeos. Mauris ut quam vel sapien imperdiet ornare. In faucibus. Morbi vehicula. Pellentesque tincidunt tempus risus. Donec egestas. Duis ac arcu. Nunc mauris. Morbi non sapien molestie orci tincidunt adipiscing. Mauris molestie pharetra nibh. Aliquam	10	74	2022-03-02 02:22:21
33	venenatis lacus. Etiam	276	9470	Aliquam fringilla cursus purus.	semper, dui lectus rutrum urna, nec luctus felis purus ac tellus. Suspendisse sed dolor. Fusce mi lorem, vehicula et, rutrum eu, ultrices sit amet, risus.	2	32	2022-02-02 19:04:47
34	nec tellus. Nunc	193	5320	augue id ante	Nam porttitor scelerisque neque. Nullam nisl. Maecenas malesuada fringilla est. Mauris eu turpis. Nulla aliquet. Proin velit. Sed malesuada augue ut	6	79	2022-01-09 06:25:17
35	nisi. Cum	270	4795	magnis dis parturient	imperdiet, erat nonummy ultricies ornare, elit elit fermentum risus, at fringilla purus mauris a nunc. In at pede. Cras vulputate velit eu sem. Pellentesque ut ipsum ac mi eleifend egestas. Sed pharetra, felis eget varius ultrices, mauris ipsum porta	4	271	2022-04-20 04:26:18
36	dis parturient montes,	208	2723	nisl.	nec metus facilisis lorem tristique aliquet. Phasellus fermentum convallis ligula. Donec luctus aliquet odio. Etiam ligula tortor, dictum eu, placerat eget, venenatis a, magna. Lorem ipsum dolor sit amet, consectetuer adipiscing elit. Etiam laoreet, libero et tristique pellentesque, tellus sem mollis dui, in sodales elit erat vitae risus. Duis a mi fringilla mi lacinia mattis. Integer eu lacus. Quisque imperdiet, erat nonummy ultricies ornare, elit elit fermentum risus, at fringilla purus mauris a nunc. In at pede. Cras vulputate	9	522022-12-30 12:07:08
37	lorem tristique aliquet.	303	446	a sollicitudin	In lorem. Donec elementum, lorem ut aliquam iaculis, lacus pede sagittis augue, eu tempor erat neque non quam. Pellentesque habitant morbi tristique senectus et netus et malesuada fames ac turpis egestas. Aliquam fringilla cursus purus. Nullam scelerisque neque sed sem egestas blandit. Nam nulla magna, malesuada vel, convallis in, cursus et, eros. Proin ultrices. Duis volutpat nunc sit	6	138	2022-02-03 07:04:56
38	quis	122	4627	et	lorem, sit amet ultricies sem magna nec quam. Curabitur vel lectus. Cum sociis natoque penatibus et magnis dis parturient montes, nascetur ridiculus mus. Donec dignissim magna a tortor. Nunc commodo auctor velit. Aliquam nisl. Nulla eu neque pellentesque massa lobortis ultrices. Vivamus rhoncus. Donec est. Nunc ullamcorper, velit in aliquet lobortis, nisi nibh lacinia orci, consectetuer euismod est arcu ac orci. Ut semper pretium neque. Morbi quis urna. Nunc quis arcu vel quam dignissim pharetra. Nam ac nulla. In tincidunt congue turpis. In	8	30	2023-01-09 16:34:32
39	Nam	219	8663	sem. Nulla	consequat purus. Maecenas libero est, congue a, aliquet vel, vulputate eu, odio. Phasellus at	7	268	2023-03-29 07:01:13
40	at,	315	804	ipsum sodales purus,	diam dictum sapien. Aenean massa. Integer vitae nibh. Donec est mauris, rhoncus id, mollis nec, cursus a, enim. Suspendisse aliquet, sem ut cursus luctus, ipsum leo elementum sem, vitae aliquam eros turpis non enim. Mauris quis turpis vitae purus gravida sagittis. Duis gravida.	4	163	2022-05-19 06:16:39
41	Aliquam auctor,	217	8330	mus. Proin vel	est mauris, rhoncus id, mollis nec, cursus a, enim. Suspendisse aliquet, sem ut cursus luctus, ipsum leo elementum sem, vitae aliquam eros turpis non enim. Mauris quis turpis vitae purus	9	203	2021-08-23 05:27:40
42	vitae purus	298	4887	Cras	eget, dictum placerat, augue. Sed molestie. Sed id risus quis diam luctus lobortis. Class aptent taciti sociosqu ad litora torquent per conubia nostra, per inceptos hymenaeos. Mauris ut quam vel sapien imperdiet ornare. In faucibus. Morbi vehicula. Pellentesque tincidunt tempus risus. Donec egestas. Duis ac arcu. Nunc mauris. Morbi non sapien molestie orci tincidunt adipiscing. Mauris molestie pharetra nibh. Aliquam ornare, libero at auctor ullamcorper, nisl arcu iaculis enim, sit amet ornare lectus justo eu arcu. Morbi sit amet massa. Quisque porttitor eros nec tellus. Nunc lectus pede, ultrices a, auctor non,	9	107	2021-10-06 04:35:55
43	fermentum arcu.	271	386	sit amet nulla.	non nisi. Aenean eget metus. In nec orci. Donec nibh. Quisque nonummy ipsum non arcu. Vivamus sit amet risus. Donec egestas. Aliquam nec enim. Nunc ut erat. Sed nunc est, mollis non, cursus non, egestas a, dui. Cras pellentesque.	9	234	2023-04-27 12:09:18
44	Nulla facilisis. Suspendisse	329	1637	Praesent eu	enim. Nunc ut erat. Sed nunc est, mollis non, cursus non, egestas a, dui. Cras pellentesque. Sed dictum. Proin eget odio. Aliquam vulputate ullamcorper magna. Sed eu eros. Nam consequat dolor vitae dolor. Donec fringilla. Donec feugiat metus sit amet ante. Vivamus non lorem vitae odio sagittis semper. Nam tempor diam dictum sapien. Aenean massa. Integer	3	76	2021-06-02 11:35:43
45	in felis.	209	5461	Nullam nisl. Maecenas malesuada	eget, ipsum. Donec sollicitudin adipiscing ligula. Aenean gravida nunc sed pede. Cum sociis natoque penatibus et magnis dis parturient montes, nascetur ridiculus mus. Proin vel arcu eu odio tristique pharetra. Quisque ac libero nec ligula consectetuer rhoncus. Nullam velit dui, semper et, lacinia vitae, sodales at, velit. Pellentesque ultricies dignissim	5	186	2022-03-23 05:02:00
46	massa. Quisque	119	1270	ultrices, mauris	Vivamus euismod urna. Nullam lobortis quam a felis ullamcorper viverra. Maecenas iaculis aliquet diam. Sed diam lorem, auctor quis, tristique ac, eleifend vitae, erat. Vivamus nisi. Mauris nulla. Integer urna. Vivamus molestie dapibus ligula. Aliquam erat volutpat. Nulla dignissim. Maecenas ornare egestas	7	252	2023-01-05 14:42:48
47	quis,	223	6765	non lorem	metus. In lorem. Donec elementum, lorem ut aliquam iaculis, lacus pede sagittis augue, eu tempor erat neque non quam. Pellentesque habitant morbi tristique senectus et netus et malesuada	7	131	2021-10-10 16:44:37
48	interdum ligula	282	3196	et, rutrum non, hendrerit	lobortis augue scelerisque mollis. Phasellus libero mauris, aliquam eu, accumsan sed, facilisis vitae, orci. Phasellus dapibus quam quis diam. Pellentesque habitant morbi tristique senectus et netus et malesuada fames ac turpis egestas. Fusce aliquet magna a neque. Nullam ut nisi a odio semper cursus. Integer mollis. Integer tincidunt aliquam arcu. Aliquam ultrices iaculis odio. Nam interdum enim non nisi. Aenean eget metus. In nec	9	158	2023-02-14 13:32:06
49	fermentum metus.	140	582	nulla. Integer vulputate,	Proin nisl sem, consequat nec, mollis vitae, posuere at, velit. Cras lorem lorem, luctus ut, pellentesque eget, dictum placerat, augue. Sed molestie. Sed id risus quis diam luctus lobortis. Class aptent taciti sociosqu ad litora torquent per conubia nostra, per inceptos hymenaeos. Mauris ut quam vel sapien imperdiet ornare. In faucibus. Morbi vehicula. Pellentesque tincidunt tempus risus. Donec egestas. Duis ac arcu. Nunc mauris. Morbi non sapien molestie orci tincidunt adipiscing. Mauris molestie pharetra nibh. Aliquam ornare, libero at auctor	2	58	2022-04-25 22:05:40
50	velit eu	358	7092	Pellentesque habitant	auctor vitae, aliquet nec, imperdiet nec, leo. Morbi neque tellus, imperdiet non, vestibulum nec, euismod in, dolor. Fusce feugiat. Lorem ipsum dolor sit amet, consectetuer adipiscing elit. Aliquam auctor, velit eget laoreet posuere, enim nisl elementum purus, accumsan interdum	2	207	2023-03-03 14:25:59
51	lacus. Nulla	319	7484	iaculis quis, pede.	molestie dapibus ligula. Aliquam erat volutpat. Nulla dignissim. Maecenas ornare egestas ligula. Nullam	8	8	2021-07-21 05:04:05
52	odio a purus.	104	8284	amet massa. Quisque	quam dignissim pharetra. Nam ac nulla. In tincidunt congue turpis. In condimentum. Donec at arcu. Vestibulum ante ipsum primis in faucibus orci luctus et ultrices posuere cubilia Curae Donec tincidunt. Donec vitae erat vel pede blandit congue. In scelerisque scelerisque dui. Suspendisse ac metus vitae velit egestas lacinia. Sed congue, elit sed consequat auctor, nunc nulla vulputate dui, nec tempus mauris erat eget ipsum. Suspendisse sagittis. Nullam vitae diam. Proin dolor. Nulla semper tellus id nunc interdum feugiat. Sed nec metus facilisis lorem tristique aliquet. Phasellus fermentum convallis ligula. Donec luctus aliquet odio.	2	28	2021-06-03 04:38:02
106	mauris sit amet	380	977	nec, leo. Morbi	pretium neque. Morbi quis urna. Nunc quis arcu vel quam dignissim pharetra. Nam ac nulla. In tincidunt congue turpis. In condimentum. Donec at arcu. Vestibulum ante ipsum primis in faucibus orci luctus et ultrices posuere cubilia Curae Donec tincidunt. Donec vitae erat vel pede blandit congue. In scelerisque scelerisque dui. Suspendisse ac	9183	2023-03-15 08:40:38
53	nunc ac	384	4186	ante, iaculis nec, eleifend non,	congue, elit sed consequat auctor, nunc nulla vulputate dui, nec tempus mauris erat eget ipsum. Suspendisse sagittis. Nullam vitae diam. Proin dolor. Nulla semper tellus id nunc interdum feugiat. Sed nec metus facilisis lorem tristique aliquet. Phasellus fermentum convallis ligula. Donec luctus aliquet odio. Etiam ligula tortor, dictum eu, placerat eget, venenatis a,	5	108	2023-03-04 09:25:54
54	ipsum.	303	1533	nec, euismod	euismod ac, fermentum vel, mauris. Integer sem elit, pharetra ut, pharetra sed, hendrerit a, arcu. Sed et libero. Proin mi. Aliquam gravida mauris ut mi. Duis risus odio, auctor vitae, aliquet nec, imperdiet	3	190	2022-02-08 22:39:35
55	lacus.	153	8483	dui quis accumsan	mauris elit, dictum eu, eleifend nec, malesuada ut, sem. Nulla interdum. Curabitur dictum. Phasellus in felis. Nulla tempor augue ac ipsum. Phasellus vitae mauris sit amet lorem semper auctor. Mauris vel turpis. Aliquam adipiscing lobortis risus. In mi pede, nonummy ut, molestie in, tempus eu, ligula. Aenean euismod mauris eu elit. Nulla facilisi. Sed neque. Sed eget lacus. Mauris non dui nec urna suscipit nonummy. Fusce fermentum fermentum arcu. Vestibulum ante ipsum primis	9	149	2021-08-29 14:20:55
56	erat vel	165	9037	eros nec tellus. Nunc	Aenean egestas hendrerit neque. In ornare sagittis felis. Donec tempor, est ac mattis semper,	4	188	2022-11-10 11:34:26
57	nec urna suscipit	347	1076	Lorem ipsum	egestas a, dui. Cras pellentesque. Sed dictum. Proin eget odio. Aliquam vulputate ullamcorper magna. Sed eu eros. Nam consequat dolor vitae dolor. Donec fringilla. Donec feugiat metus sit amet ante. Vivamus non lorem vitae odio sagittis semper. Nam tempor diam dictum sapien. Aenean massa. Integer vitae nibh. Donec est mauris, rhoncus id, mollis nec, cursus a, enim. Suspendisse aliquet, sem ut cursus luctus, ipsum leo elementum sem, vitae aliquam eros turpis	9	187	2022-11-16 01:11:37
58	odio tristique	285	3710	turpis egestas. Fusce aliquet magna	libero. Donec consectetuer mauris id sapien. Cras dolor dolor, tempus non, lacinia at, iaculis quis, pede. Praesent eu dui. Cum sociis natoque penatibus et magnis dis parturient montes, nascetur ridiculus mus. Aenean eget magna. Suspendisse tristique neque venenatis lacus. Etiam bibendum fermentum metus. Aenean sed pede nec ante blandit viverra. Donec tempus, lorem fringilla ornare placerat, orci lacus vestibulum lorem, sit amet ultricies sem magna nec quam. Curabitur vel lectus. Cum sociis natoque penatibus et magnis dis parturient montes, nascetur ridiculus mus. Donec dignissim magna a tortor. Nunc commodo auctor velit. Aliquam nisl. Nulla eu	9	97	2021-10-13 05:16:38
59	mollis. Duis	237	2275	malesuada fames ac	Phasellus elit pede, malesuada vel, venenatis vel, faucibus id, libero. Donec consectetuer mauris id sapien. Cras dolor dolor, tempus non, lacinia at, iaculis quis, pede. Praesent eu dui. Cum sociis natoque penatibus	6	234	2021-07-19 22:56:12
60	lorem	237	4071	dolor. Nulla	eget, volutpat ornare, facilisis eget, ipsum. Donec sollicitudin adipiscing ligula. Aenean gravida nunc sed pede. Cum sociis natoque penatibus et magnis dis parturient montes, nascetur ridiculus mus. Proin vel arcu eu odio tristique pharetra. Quisque ac libero nec ligula consectetuer rhoncus. Nullam velit dui, semper et, lacinia vitae, sodales at,	5275	2022-08-20 22:09:38
61	nec tempus	129	4366	Nunc laoreet	id nunc interdum feugiat. Sed nec metus facilisis lorem tristique aliquet. Phasellus fermentum convallis ligula. Donec luctus aliquet odio. Etiam ligula tortor, dictum eu, placerat eget, venenatis a, magna. Lorem ipsum dolor sit amet, consectetuer adipiscing elit. Etiam laoreet, libero et tristique pellentesque, tellus sem mollis dui, in sodales elit erat vitae risus. Duis a mi fringilla mi lacinia mattis. Integer eu	10	239	2022-09-24 23:05:30
62	elit. Nulla	249	8142	Nunc commodo auctor velit.	malesuada. Integer id magna et ipsum cursus vestibulum. Mauris magna. Duis dignissim tempor arcu. Vestibulum ut eros non enim commodo hendrerit. Donec porttitor tellus non magna. Nam ligula elit, pretium et, rutrum non, hendrerit	5	8	2022-08-15 13:58:26
63	libero lacus, varius	203	5809	sagittis lobortis	lobortis risus. In mi pede, nonummy ut, molestie in, tempus eu, ligula. Aenean euismod mauris eu elit. Nulla facilisi. Sed neque. Sed eget lacus. Mauris non dui nec urna suscipit nonummy. Fusce fermentum fermentum arcu. Vestibulum ante ipsum primis in faucibus orci luctus et ultrices posuere cubilia Curae Phasellus ornare. Fusce mollis. Duis sit amet diam eu dolor egestas rhoncus. Proin nisl sem, consequat nec, mollis vitae, posuere at, velit. Cras lorem lorem, luctus ut, pellentesque eget, dictum placerat, augue. Sed molestie. Sed id risus	1	241	2021-07-28 23:17:11
64	neque. Sed	322	531	Proin eget	diam. Sed diam lorem, auctor quis, tristique ac, eleifend vitae, erat. Vivamus nisi. Mauris nulla. Integer urna. Vivamus molestie dapibus ligula. Aliquam erat volutpat. Nulla dignissim. Maecenas ornare egestas ligula.	5	88	2023-01-08 09:30:09
65	tincidunt tempus	184	2789	cursus. Integer	in magna. Phasellus dolor elit, pellentesque a, facilisis non, bibendum sed, est. Nunc laoreet lectus quis massa. Mauris vestibulum, neque sed dictum eleifend, nunc risus varius orci,	3	55	2022-05-11 09:03:38
66	quam.	246	1424	Nullam ut	metus vitae velit egestas lacinia. Sed congue, elit sed consequat auctor, nunc nulla vulputate dui,	1	243	2022-11-02 20:12:14
67	sed, est. Nunc	323	7079	molestie. Sed id	lectus justo eu arcu. Morbi sit amet massa. Quisque porttitor eros nec tellus. Nunc lectus pede, ultrices a, auctor non, feugiat nec, diam. Duis mi enim, condimentum eget, volutpat ornare, facilisis eget, ipsum. Donec sollicitudin adipiscing ligula. Aenean gravida nunc sed pede. Cum sociis natoque penatibus et magnis dis parturient montes, nascetur ridiculus mus. Proin vel arcu eu odio tristique pharetra. Quisque ac libero nec ligula consectetuer rhoncus. Nullam velit dui, semper et, lacinia vitae,	1	188	2023-02-12 17:15:57
68	tellus	153	8577	elit. Nulla facilisi. Sed	habitant morbi tristique senectus et netus et malesuada fames ac turpis egestas. Fusce aliquet magna a neque. Nullam ut nisi a odio semper cursus. Integer mollis. Integer tincidunt aliquam arcu. Aliquam ultrices iaculis odio.	4	101	2022-04-27 20:29:33
69	gravida molestie	385	4230	lorem ut aliquam	lorem, eget mollis lectus pede et risus. Quisque libero lacus, varius et, euismod et, commodo at, libero. Morbi accumsan laoreet ipsum. Curabitur consequat, lectus sit amet luctus vulputate, nisi sem semper erat, in consectetuer ipsum nunc id enim. Curabitur massa. Vestibulum accumsan neque et nunc. Quisque ornare tortor at risus. Nunc ac sem ut dolor dapibus gravida. Aliquam tincidunt, nunc ac mattis ornare, lectus ante dictum mi, ac mattis velit justo nec ante. Maecenas mi felis, adipiscing fringilla, porttitor vulputate, posuere vulputate, lacus.	10	218	2022-03-13 18:44:30
70	auctor. Mauris vel	124	8439	magna.	vitae aliquam eros turpis non enim. Mauris quis turpis vitae purus gravida sagittis. Duis gravida. Praesent eu nulla at sem molestie sodales. Mauris blandit enim consequat purus. Maecenas libero est, congue a, aliquet vel, vulputate	1	64	2022-02-21 00:43:07
71	hymenaeos. Mauris	290	7828	mauris	ullamcorper, nisl arcu iaculis enim, sit amet ornare lectus justo eu arcu. Morbi sit amet massa. Quisque porttitor eros nec tellus.	2	72022-05-28 22:46:00
72	nibh. Quisque	218	5922	Quisque	dolor. Fusce mi lorem, vehicula et, rutrum eu, ultrices sit amet, risus. Donec nibh enim, gravida sit amet, dapibus id, blandit at, nisi. Cum sociis natoque penatibus et magnis dis parturient montes, nascetur ridiculus mus. Proin vel nisl. Quisque fringilla euismod enim. Etiam gravida molestie arcu. Sed eu nibh vulputate mauris sagittis placerat. Cras dictum ultricies ligula. Nullam enim. Sed nulla ante, iaculis	7	172	2023-03-11 09:09:40
73	montes,	371	652	tellus justo sit	molestie dapibus ligula. Aliquam erat volutpat. Nulla dignissim. Maecenas ornare egestas ligula. Nullam feugiat placerat velit. Quisque varius. Nam porttitor scelerisque neque. Nullam nisl. Maecenas malesuada fringilla est. Mauris eu turpis. Nulla aliquet. Proin velit. Sed malesuada augue ut lacus. Nulla tincidunt, neque vitae semper egestas, urna justo faucibus lectus, a sollicitudin orci sem	1	151	2022-01-07 21:19:25
74	consequat nec,	259	3116	mollis. Phasellus	ut, molestie in, tempus eu, ligula. Aenean euismod mauris eu elit. Nulla facilisi. Sed neque. Sed eget lacus. Mauris non dui nec urna suscipit nonummy. Fusce fermentum fermentum arcu. Vestibulum ante ipsum primis in	6	51	2021-09-03 09:06:44
75	posuere,	138	4908	libero lacus, varius et, euismod	blandit mattis. Cras eget nisi dictum augue malesuada malesuada. Integer id magna et ipsum cursus vestibulum. Mauris magna. Duis dignissim tempor arcu. Vestibulum ut eros non enim commodo hendrerit. Donec porttitor tellus non magna. Nam ligula elit, pretium et, rutrum non, hendrerit id, ante. Nunc mauris sapien, cursus in, hendrerit consectetuer, cursus et, magna. Praesent interdum ligula	4	226	2021-08-18 22:23:34
76	luctus	319	2427	aliquam iaculis,	mi, ac mattis velit justo nec ante. Maecenas mi felis, adipiscing fringilla, porttitor vulputate, posuere vulputate, lacus. Cras interdum. Nunc sollicitudin commodo ipsum. Suspendisse non leo. Vivamus nibh dolor, nonummy ac, feugiat non, lobortis quis, pede. Suspendisse dui. Fusce diam nunc,	6	272	2023-01-05 03:09:52
77	est. Nunc	241	169	amet orci. Ut	magna. Suspendisse tristique neque venenatis lacus. Etiam bibendum fermentum metus. Aenean sed pede nec ante blandit viverra. Donec tempus, lorem fringilla ornare placerat, orci lacus vestibulum lorem, sit amet ultricies sem magna nec quam. Curabitur vel lectus. Cum sociis natoque penatibus et magnis dis parturient montes, nascetur ridiculus	4214	2023-02-24 17:26:00
78	Etiam imperdiet	346	5540	magna. Suspendisse	Nam consequat dolor vitae dolor. Donec fringilla. Donec feugiat metus sit amet ante. Vivamus non lorem vitae odio sagittis semper. Nam tempor diam dictum sapien. Aenean massa. Integer vitae nibh. Donec est mauris, rhoncus id, mollis nec, cursus a, enim. Suspendisse aliquet, sem ut cursus luctus, ipsum leo elementum sem, vitae aliquam eros turpis non enim. Mauris quis	5	30	2021-12-09 14:39:13
79	nostra, per	353	5972	sit	enim commodo hendrerit. Donec porttitor tellus non magna. Nam ligula elit, pretium et, rutrum non, hendrerit id, ante. Nunc mauris sapien, cursus in, hendrerit consectetuer, cursus et, magna. Praesent interdum ligula eu	3	119	2022-11-01 13:16:23
80	commodo at,	303	8462	Proin vel	ut, sem. Nulla interdum. Curabitur dictum. Phasellus in felis. Nulla tempor augue ac ipsum. Phasellus vitae mauris sit amet lorem semper auctor. Mauris vel turpis. Aliquam adipiscing lobortis risus. In mi pede, nonummy ut, molestie in, tempus eu, ligula. Aenean euismod mauris eu elit. Nulla facilisi. Sed neque. Sed eget lacus. Mauris non dui nec urna suscipit nonummy. Fusce fermentum fermentum arcu. Vestibulum ante ipsum primis in faucibus orci luctus et ultrices posuere cubilia	2	213	2021-08-08 01:25:40
81	mollis dui,	239	3093	diam luctus	nostra, per inceptos hymenaeos. Mauris ut quam vel sapien imperdiet ornare. In faucibus. Morbi vehicula. Pellentesque tincidunt tempus risus. Donec egestas. Duis ac arcu. Nunc mauris. Morbi non sapien molestie orci tincidunt adipiscing. Mauris molestie pharetra nibh. Aliquam ornare, libero	1	127	2022-09-01 20:22:40
82	quis, pede.	156	6434	nisi. Cum sociis natoque	In nec orci. Donec nibh. Quisque nonummy ipsum non arcu. Vivamus sit amet risus. Donec egestas. Aliquam nec enim. Nunc ut erat. Sed nunc est, mollis non, cursus non, egestas a, dui. Cras pellentesque. Sed dictum. Proin eget odio. Aliquam vulputate ullamcorper magna. Sed eu eros. Nam consequat dolor vitae dolor. Donec fringilla. Donec feugiat metus sit amet ante. Vivamus non lorem vitae odio sagittis semper. Nam tempor diam dictum sapien. Aenean massa. Integer vitae nibh. Donec est mauris, rhoncus id, mollis nec, cursus a, enim. Suspendisse aliquet, sem ut cursus luctus, ipsum leo elementum sem, vitae	2	293	2022-04-29 15:07:40
83	orci. Donec	303	7914	nec tempus mauris erat	pharetra, felis eget varius ultrices, mauris ipsum porta elit, a feugiat tellus lorem eu metus. In lorem. Donec elementum, lorem ut	329	2022-09-30 16:17:58
84	Ut	167	8333	consectetuer ipsum nunc id	habitant morbi tristique senectus et netus et malesuada fames ac turpis egestas. Fusce aliquet magna a neque. Nullam ut nisi a odio semper cursus. Integer mollis. Integer tincidunt aliquam arcu. Aliquam ultrices iaculis odio. Nam interdum enim non nisi. Aenean eget metus. In nec orci. Donec nibh. Quisque nonummy ipsum non arcu. Vivamus sit amet risus. Donec egestas. Aliquam nec enim. Nunc ut	9	266	2022-09-04 07:31:42
85	tortor, dictum eu,	237	4466	nunc, ullamcorper eu, euismod	risus. Duis a mi fringilla mi lacinia mattis. Integer eu lacus. Quisque imperdiet, erat nonummy ultricies ornare, elit elit fermentum	4	233	2021-08-08 06:01:30
86	velit. Cras	143	5528	eget, volutpat	facilisis eget, ipsum. Donec sollicitudin adipiscing ligula. Aenean gravida nunc sed pede. Cum sociis natoque penatibus et magnis dis parturient montes, nascetur ridiculus mus. Proin vel arcu eu odio tristique pharetra. Quisque ac libero nec ligula consectetuer rhoncus. Nullam velit dui, semper et, lacinia vitae, sodales at, velit. Pellentesque ultricies dignissim	6	245	2021-10-22 11:55:17
87	urna justo	345	2822	dignissim tempor	massa. Suspendisse eleifend. Cras sed leo. Cras vehicula aliquet libero. Integer in magna. Phasellus dolor elit, pellentesque a, facilisis non, bibendum sed, est. Nunc laoreet lectus quis massa. Mauris vestibulum, neque sed dictum eleifend, nunc risus varius orci, in consequat enim diam vel arcu. Curabitur ut odio vel est tempor bibendum. Donec felis	6	89	2023-04-24 00:20:29
88	Fusce aliquam,	282	7294	malesuada augue ut lacus.	Proin vel arcu eu odio tristique pharetra. Quisque ac libero nec ligula consectetuer rhoncus. Nullam velit dui, semper et, lacinia vitae, sodales at, velit. Pellentesque	8	297	2021-07-29 21:43:00
89	Duis dignissim tempor	106	7957	velit dui, semper	massa. Vestibulum accumsan neque et nunc. Quisque ornare tortor at risus. Nunc ac sem ut dolor dapibus gravida. Aliquam tincidunt, nunc ac mattis ornare, lectus ante dictum mi, ac mattis velit justo nec ante. Maecenas mi felis, adipiscing fringilla, porttitor vulputate, posuere vulputate, lacus. Cras interdum. Nunc sollicitudin commodo ipsum. Suspendisse non leo. Vivamus nibh dolor, nonummy ac, feugiat non, lobortis quis, pede. Suspendisse dui. Fusce diam nunc, ullamcorper eu, euismod ac, fermentum vel, mauris. Integer sem elit, pharetra ut, pharetra sed, hendrerit a, arcu. Sed et libero. Proin mi. Aliquam gravida	3	196	2022-10-22 08:07:04
90	erat semper	343	3191	dis parturient montes,	Curabitur ut odio vel est tempor bibendum. Donec felis orci, adipiscing non, luctus sit amet, faucibus ut, nulla. Cras eu tellus eu augue porttitor interdum. Sed auctor odio a purus. Duis elementum, dui quis accumsan convallis, ante lectus convallis est, vitae sodales nisi magna sed dui. Fusce aliquam, enim nec tempus scelerisque, lorem ipsum sodales purus, in molestie tortor nibh sit amet orci. Ut sagittis lobortis	5	26	2021-10-26 20:04:53
91	mi enim,	320	6755	natoque penatibus et magnis	dolor sit amet, consectetuer adipiscing elit. Etiam laoreet, libero et tristique pellentesque, tellus sem mollis dui, in sodales elit erat vitae risus. Duis a mi fringilla mi lacinia mattis. Integer eu lacus. Quisque imperdiet, erat nonummy ultricies ornare, elit elit fermentum risus, at fringilla purus mauris a nunc. In at pede. Cras vulputate velit eu sem. Pellentesque ut ipsum ac	9	209	2021-10-10 07:47:40
92	mauris. Suspendisse	337	7967	et ultrices	neque venenatis lacus. Etiam bibendum fermentum metus. Aenean sed pede nec ante blandit viverra. Donec tempus, lorem fringilla ornare placerat, orci lacus vestibulum lorem, sit amet ultricies sem magna nec quam. Curabitur vel lectus. Cum sociis natoque penatibus et magnis dis parturient montes, nascetur ridiculus mus. Donec dignissim magna a tortor. Nunc commodo auctor velit. Aliquam nisl. Nulla eu neque pellentesque massa lobortis ultrices. Vivamus rhoncus. Donec est. Nunc ullamcorper, velit in aliquet lobortis, nisi nibh lacinia orci, consectetuer euismod est arcu ac orci. Ut semper pretium neque. Morbi quis urna. Nunc	8	25	2023-04-19 02:55:47
93	Phasellus in felis.	341	1801	in sodales elit	urna. Ut tincidunt vehicula risus. Nulla eget metus eu erat semper rutrum. Fusce	8	200	2022-01-20 11:18:12
94	scelerisque neque. Nullam	394	7766	Nulla facilisis.	Donec sollicitudin adipiscing ligula. Aenean gravida nunc sed pede. Cum sociis natoque penatibus et magnis dis parturient montes, nascetur ridiculus mus. Proin vel arcu eu odio tristique pharetra. Quisque ac libero nec ligula consectetuer rhoncus. Nullam velit	6	15	2022-06-06 19:49:22
95	id nunc	395	3599	Nullam enim. Sed	quam. Curabitur vel lectus. Cum sociis natoque penatibus et magnis dis parturient montes, nascetur ridiculus mus. Donec dignissim magna a tortor. Nunc commodo auctor velit. Aliquam nisl. Nulla eu neque pellentesque massa lobortis ultrices. Vivamus rhoncus. Donec est. Nunc ullamcorper, velit in aliquet lobortis, nisi nibh lacinia orci, consectetuer euismod	10	171	2022-04-02 17:34:20
96	commodo	123	672	montes, nascetur ridiculus	neque et nunc. Quisque ornare tortor at risus. Nunc ac sem ut dolor dapibus gravida. Aliquam tincidunt, nunc ac mattis ornare, lectus ante dictum mi, ac mattis velit justo nec ante. Maecenas mi felis, adipiscing fringilla, porttitor vulputate, posuere vulputate, lacus. Cras interdum. Nunc sollicitudin commodo ipsum. Suspendisse non leo. Vivamus nibh dolor, nonummy ac, feugiat non, lobortis quis, pede. Suspendisse dui. Fusce diam nunc, ullamcorper eu, euismod ac, fermentum vel, mauris. Integer sem elit, pharetra ut, pharetra sed, hendrerit a, arcu. Sed et libero. Proin mi. Aliquam gravida mauris ut mi. Duis risus odio,	4	173	2021-09-27 09:32:20
97	luctus	363	6526	massa. Quisque	libero et tristique pellentesque, tellus sem mollis dui, in sodales elit erat vitae risus. Duis a mi fringilla mi lacinia mattis. Integer eu lacus. Quisque imperdiet, erat nonummy ultricies ornare, elit elit fermentum risus, at fringilla purus mauris a nunc. In at pede. Cras vulputate velit eu sem. Pellentesque ut ipsum ac mi eleifend egestas. Sed pharetra, felis eget varius ultrices, mauris ipsum porta elit, a feugiat tellus lorem eu metus. In lorem. Donec elementum, lorem ut aliquam iaculis, lacus pede sagittis augue, eu tempor erat neque non quam. Pellentesque habitant morbi tristique senectus et	9	90	2022-03-15 12:57:38
98	luctus et	254	8904	a, arcu.	nisi a odio semper cursus. Integer mollis. Integer tincidunt aliquam arcu. Aliquam ultrices iaculis odio. Nam interdum enim non nisi. Aenean eget metus. In nec orci. Donec nibh. Quisque nonummy ipsum non arcu. Vivamus sit amet risus. Donec egestas. Aliquam nec enim. Nunc ut erat. Sed nunc est, mollis non, cursus non, egestas a, dui. Cras pellentesque. Sed dictum. Proin eget odio. Aliquam vulputate ullamcorper magna. Sed eu eros. Nam consequat dolor vitae dolor. Donec fringilla. Donec feugiat metus sit amet ante. Vivamus non lorem vitae odio sagittis semper. Nam	8	209	2023-04-09 06:23:34
99	laoreet posuere,	370	6089	elit, pellentesque a,	Cum sociis natoque penatibus et magnis dis parturient montes, nascetur ridiculus mus. Donec dignissim magna a tortor. Nunc commodo auctor velit. Aliquam nisl. Nulla eu neque pellentesque massa lobortis ultrices. Vivamus rhoncus. Donec est. Nunc ullamcorper, velit in aliquet lobortis, nisi nibh lacinia orci, consectetuer euismod est arcu ac	4	58	2022-09-30 16:14:33
100	lorem lorem,	150	2592	imperdiet ornare. In faucibus.	mollis. Integer tincidunt aliquam arcu. Aliquam ultrices iaculis odio. Nam interdum enim non nisi. Aenean eget metus. In nec orci. Donec nibh. Quisque nonummy ipsum non arcu. Vivamus sit amet risus. Donec egestas. Aliquam nec	2	89	2022-02-18 14:59:48
101	ornare lectus	350	4855	gravida. Praesent eu	amet ornare lectus justo eu arcu. Morbi sit amet massa. Quisque porttitor eros nec tellus. Nunc lectus pede, ultrices a, auctor non, feugiat nec, diam. Duis mi enim, condimentum eget, volutpat ornare, facilisis eget, ipsum. Donec sollicitudin adipiscing ligula. Aenean gravida nunc sed pede. Cum sociis natoque penatibus et magnis dis parturient montes, nascetur ridiculus	1	76	2023-02-08 21:33:44
102	sem ut	181	6370	malesuada vel, venenatis	nunc. Quisque ornare tortor at risus. Nunc ac sem ut dolor dapibus gravida. Aliquam tincidunt, nunc ac mattis ornare, lectus ante dictum mi, ac mattis velit justo nec ante. Maecenas mi felis, adipiscing fringilla, porttitor vulputate, posuere vulputate, lacus. Cras interdum. Nunc sollicitudin commodo ipsum. Suspendisse non leo. Vivamus nibh dolor, nonummy ac, feugiat non, lobortis quis, pede. Suspendisse dui. Fusce diam nunc, ullamcorper eu, euismod ac, fermentum vel, mauris. Integer sem elit, pharetra ut, pharetra sed, hendrerit a, arcu. Sed et libero. Proin mi. Aliquam gravida mauris ut mi. Duis risus odio, auctor vitae, aliquet nec, imperdiet nec,	7	71	2022-05-06 19:36:31
103	laoreet ipsum. Curabitur	287	7566	Donec at	Pellentesque tincidunt tempus risus. Donec egestas. Duis ac arcu. Nunc mauris. Morbi non sapien molestie orci tincidunt adipiscing. Mauris molestie pharetra nibh. Aliquam ornare,	6	254	2022-02-01 00:18:37
104	Phasellus libero	276	7732	orci,	non, feugiat nec, diam. Duis mi enim, condimentum eget, volutpat ornare, facilisis eget, ipsum. Donec sollicitudin adipiscing ligula. Aenean gravida nunc sed pede. Cum sociis natoque penatibus et magnis dis parturient montes, nascetur ridiculus mus. Proin vel arcu eu odio tristique pharetra. Quisque ac libero nec ligula consectetuer rhoncus. Nullam velit dui, semper et,	7	157	2021-06-03 06:11:48
105	Vestibulum	259	5811	volutpat ornare, facilisis eget,	mauris sit amet lorem semper auctor. Mauris vel turpis. Aliquam adipiscing lobortis risus. In mi pede, nonummy ut, molestie in, tempus eu, ligula. Aenean euismod mauris eu elit. Nulla facilisi. Sed neque. Sed eget lacus. Mauris non dui nec urna suscipit nonummy. Fusce fermentum fermentum arcu. Vestibulum ante ipsum primis in faucibus orci luctus et ultrices posuere cubilia Curae Phasellus ornare. Fusce mollis. Duis sit amet diam	10	176	2022-06-04 16:40:33
107	Nunc ac	235	3137	purus, in molestie tortor nibh	Sed nec metus facilisis lorem tristique aliquet. Phasellus fermentum convallis ligula. Donec luctus aliquet odio. Etiam ligula tortor, dictum eu, placerat eget, venenatis a, magna. Lorem ipsum dolor sit amet, consectetuer adipiscing elit. Etiam laoreet, libero et tristique pellentesque, tellus sem mollis dui, in sodales elit erat vitae risus. Duis a mi fringilla mi lacinia mattis. Integer eu lacus. Quisque imperdiet, erat nonummy ultricies ornare, elit elit fermentum risus, at fringilla purus mauris a nunc. In at pede. Cras vulputate velit eu sem. Pellentesque ut ipsum ac mi eleifend egestas. Sed pharetra, felis eget varius ultrices, mauris ipsum porta	7	20	2023-01-14 10:04:13
108	quam vel	111	2779	Pellentesque habitant morbi tristique	malesuada fringilla est. Mauris eu turpis. Nulla aliquet. Proin velit. Sed malesuada augue ut lacus. Nulla tincidunt, neque vitae semper egestas, urna justo faucibus lectus, a sollicitudin orci sem eget massa. Suspendisse eleifend. Cras sed leo. Cras vehicula aliquet libero. Integer in magna. Phasellus dolor elit, pellentesque a, facilisis non, bibendum sed, est. Nunc laoreet lectus quis massa. Mauris vestibulum, neque sed dictum eleifend, nunc risus varius orci, in consequat enim diam vel arcu. Curabitur ut odio vel est tempor bibendum. Donec felis orci, adipiscing non, luctus sit amet, faucibus ut, nulla. Cras	4	120	2021-11-21 14:03:41
109	aliquet lobortis,	392	9428	per conubia nostra, per	arcu imperdiet ullamcorper. Duis at lacus. Quisque purus sapien, gravida non, sollicitudin a, malesuada id, erat. Etiam vestibulum massa rutrum magna. Cras convallis convallis dolor. Quisque tincidunt pede ac urna. Ut tincidunt vehicula risus. Nulla eget metus eu erat semper rutrum. Fusce dolor quam, elementum at, egestas a, scelerisque sed, sapien. Nunc pulvinar arcu et pede. Nunc sed orci lobortis augue scelerisque mollis. Phasellus libero mauris, aliquam eu, accumsan sed, facilisis vitae, orci. Phasellus dapibus quam quis diam. Pellentesque habitant morbi	1	294	2022-11-26 01:06:04
110	euismod	333	5699	luctus. Curabitur egestas nunc	elementum, dui quis accumsan convallis, ante lectus convallis est, vitae sodales nisi magna sed dui. Fusce aliquam, enim nec tempus scelerisque, lorem ipsum sodales purus, in molestie tortor nibh sit amet orci. Ut sagittis lobortis mauris. Suspendisse aliquet molestie tellus. Aenean egestas hendrerit neque. In ornare sagittis felis. Donec tempor, est ac mattis semper, dui lectus rutrum urna, nec luctus felis purus ac tellus. Suspendisse sed dolor. Fusce mi lorem, vehicula et, rutrum eu, ultrices sit amet, risus. Donec nibh enim, gravida sit amet, dapibus id, blandit at, nisi. Cum sociis natoque penatibus et magnis dis parturient	1	200	2022-11-26 19:06:38
111	Integer mollis.	323	6419	ligula. Donec	id, libero. Donec consectetuer mauris id sapien. Cras dolor dolor, tempus non, lacinia at, iaculis quis, pede.	6	65	2022-02-10 23:01:25
112	nunc	357	4313	ac, feugiat	ac turpis egestas. Aliquam fringilla cursus purus. Nullam scelerisque neque sed sem egestas blandit. Nam nulla magna, malesuada vel, convallis in, cursus et, eros. Proin ultrices. Duis volutpat nunc sit amet metus. Aliquam erat volutpat. Nulla facilisis. Suspendisse commodo tincidunt nibh. Phasellus nulla. Integer vulputate, risus a ultricies	9	152022-03-16 20:27:11
113	diam. Duis	174	3883	non massa non	Nam interdum enim non nisi. Aenean eget metus. In nec orci. Donec nibh. Quisque nonummy ipsum non arcu. Vivamus sit	8	115	2022-06-23 03:41:31
114	vitae,	395	4340	sodales at, velit. Pellentesque ultricies	ultricies ligula. Nullam enim. Sed nulla ante, iaculis nec, eleifend non, dapibus rutrum, justo. Praesent luctus. Curabitur egestas nunc sed libero. Proin sed turpis nec mauris blandit mattis. Cras eget	8	199	2022-10-30 11:24:04
115	auctor, velit	297	9969	tellus sem	tempor bibendum. Donec felis orci, adipiscing non, luctus sit amet, faucibus ut, nulla. Cras eu tellus	8	186	2021-07-01 04:43:59
116	mauris sagittis	171	6887	elementum sem, vitae	quam, elementum at, egestas a, scelerisque sed, sapien. Nunc pulvinar arcu et pede. Nunc sed orci lobortis augue scelerisque mollis. Phasellus libero mauris, aliquam eu, accumsan sed, facilisis vitae, orci. Phasellus dapibus quam quis diam. Pellentesque habitant morbi tristique senectus et netus et malesuada fames ac turpis egestas. Fusce aliquet magna a neque. Nullam ut nisi a odio semper cursus. Integer mollis. Integer tincidunt aliquam arcu. Aliquam ultrices iaculis odio. Nam interdum enim non nisi. Aenean eget metus. In nec orci. Donec	7	299	2021-09-27 23:08:14
117	lorem eu metus.	180	5528	pede nec	nisi magna sed dui. Fusce aliquam, enim nec tempus scelerisque, lorem ipsum sodales purus, in molestie tortor nibh sit amet orci. Ut sagittis lobortis mauris. Suspendisse aliquet molestie tellus. Aenean egestas hendrerit neque. In ornare sagittis felis. Donec tempor, est ac mattis semper, dui lectus rutrum urna, nec luctus felis purus ac tellus. Suspendisse sed dolor. Fusce mi lorem, vehicula et, rutrum eu, ultrices sit amet, risus. Donec nibh enim, gravida sit amet, dapibus id, blandit at, nisi. Cum sociis natoque penatibus et magnis dis parturient montes, nascetur ridiculus mus. Proin	2	106	2021-07-28 11:41:12
118	tristique pharetra.	202	4124	et libero.	at, velit. Cras lorem lorem, luctus ut, pellentesque eget, dictum placerat, augue. Sed molestie. Sed id risus quis diam luctus lobortis. Class aptent taciti sociosqu ad litora torquent per conubia nostra, per inceptos hymenaeos. Mauris ut quam vel sapien imperdiet ornare. In faucibus. Morbi vehicula. Pellentesque tincidunt tempus risus. Donec egestas. Duis ac arcu. Nunc mauris. Morbi non sapien molestie orci tincidunt adipiscing. Mauris	5	194	2022-10-11 03:27:43
119	risus quis	278	287	ullamcorper	consectetuer, cursus et, magna. Praesent interdum ligula eu enim. Etiam imperdiet dictum magna. Ut tincidunt orci quis lectus. Nullam suscipit, est ac facilisis facilisis, magna tellus faucibus leo, in lobortis tellus justo sit amet nulla. Donec non	1	208	2021-07-02 04:30:13
120	tempor bibendum.	349	6833	lobortis mauris. Suspendisse aliquet	lorem lorem, luctus ut, pellentesque eget, dictum placerat, augue. Sed molestie. Sed id risus quis diam luctus lobortis. Class aptent taciti sociosqu ad litora torquent per	4	121	2021-05-27 23:50:51
121	ante. Maecenas mi	217	1080	faucibus	nec luctus felis purus ac tellus. Suspendisse sed dolor. Fusce mi lorem, vehicula et, rutrum eu, ultrices sit amet, risus. Donec nibh enim, gravida sit amet, dapibus id, blandit at, nisi. Cum sociis natoque penatibus et magnis dis parturient montes, nascetur ridiculus mus. Proin vel nisl. Quisque fringilla euismod enim. Etiam gravida molestie arcu. Sed eu nibh vulputate mauris sagittis placerat. Cras dictum ultricies ligula. Nullam enim. Sed nulla ante, iaculis nec, eleifend non, dapibus rutrum, justo. Praesent luctus. Curabitur egestas nunc sed libero. Proin	4	54	2022-07-24 11:47:16
122	pellentesque, tellus	363	2855	velit in aliquet lobortis,	dignissim tempor arcu. Vestibulum ut eros non enim commodo hendrerit. Donec porttitor tellus non magna. Nam ligula elit, pretium et, rutrum non, hendrerit id, ante.	7	123	2021-11-02 16:52:12
157	neque	149	4680	sit amet	arcu ac orci. Ut semper pretium neque. Morbi quis urna. Nunc quis arcu vel quam dignissim pharetra. Nam ac nulla. In tincidunt congue turpis. In condimentum. Donec at arcu. Vestibulum ante ipsum	4	217	2023-01-04 07:54:27
123	magnis dis	243	9127	arcu.	dui. Fusce diam nunc, ullamcorper eu, euismod ac, fermentum vel, mauris. Integer sem elit, pharetra ut, pharetra sed, hendrerit a, arcu. Sed et libero. Proin mi. Aliquam gravida mauris ut mi. Duis risus odio, auctor vitae, aliquet nec, imperdiet nec, leo. Morbi neque tellus, imperdiet non, vestibulum nec, euismod in, dolor. Fusce feugiat. Lorem ipsum dolor sit amet, consectetuer adipiscing elit. Aliquam auctor, velit eget laoreet posuere, enim nisl elementum purus,	9	134	2023-02-05 15:03:23
124	diam. Proin dolor.	373	8992	justo eu arcu. Morbi sit	Nunc laoreet lectus quis massa. Mauris vestibulum, neque sed dictum eleifend, nunc risus varius orci, in consequat enim diam vel arcu. Curabitur ut odio vel est tempor bibendum. Donec felis orci, adipiscing non, luctus sit amet, faucibus ut, nulla. Cras eu tellus eu augue porttitor interdum. Sed auctor odio a purus. Duis elementum, dui	5	107	2021-08-24 12:17:10
125	vehicula.	198	9802	amet, dapibus	id nunc interdum feugiat. Sed nec metus facilisis lorem tristique aliquet. Phasellus fermentum convallis ligula. Donec luctus aliquet odio. Etiam ligula tortor, dictum eu, placerat eget, venenatis a, magna. Lorem ipsum dolor sit amet, consectetuer adipiscing elit. Etiam laoreet, libero et tristique pellentesque, tellus sem mollis dui, in sodales elit erat vitae risus. Duis a mi fringilla mi lacinia mattis. Integer eu lacus. Quisque imperdiet, erat nonummy ultricies ornare, elit elit fermentum risus, at	8	16	2021-09-24 15:54:23
126	consectetuer euismod	334	4762	euismod et,	tristique aliquet. Phasellus fermentum convallis ligula. Donec luctus aliquet odio. Etiam ligula tortor, dictum eu, placerat eget, venenatis a, magna. Lorem ipsum dolor sit amet, consectetuer adipiscing elit. Etiam laoreet, libero et tristique pellentesque,	7	71	2021-07-11 06:55:37
127	Cras eget	357	4393	velit. Sed	consequat nec, mollis vitae, posuere at, velit. Cras lorem lorem, luctus ut, pellentesque eget, dictum placerat, augue. Sed molestie. Sed id risus quis diam luctus lobortis. Class aptent taciti sociosqu ad litora torquent per conubia nostra, per inceptos hymenaeos. Mauris ut quam vel sapien	5	60	2021-08-08 05:13:31
128	tristique aliquet.	132	5587	odio, auctor	Proin velit. Sed malesuada augue ut lacus. Nulla tincidunt, neque vitae semper egestas, urna justo faucibus lectus, a sollicitudin orci sem eget massa. Suspendisse eleifend. Cras sed leo. Cras vehicula aliquet libero. Integer in magna. Phasellus dolor elit, pellentesque a, facilisis non, bibendum sed, est. Nunc laoreet lectus quis massa. Mauris vestibulum, neque sed dictum eleifend, nunc risus varius orci, in consequat enim	8	58	2023-05-22 13:29:36
129	leo, in	219	9139	nibh. Donec est mauris,	eget metus. In nec orci. Donec nibh. Quisque nonummy ipsum non arcu. Vivamus sit amet risus. Donec egestas. Aliquam nec enim. Nunc ut erat. Sed nunc est, mollis non, cursus non, egestas a, dui. Cras pellentesque. Sed	7	122	2022-02-21 13:49:24
130	dignissim pharetra. Nam	186	9930	dictum cursus. Nunc mauris	porttitor interdum. Sed auctor odio a purus. Duis elementum, dui quis accumsan convallis, ante lectus convallis est, vitae sodales nisi magna sed dui. Fusce aliquam, enim nec tempus scelerisque, lorem ipsum sodales purus, in molestie tortor nibh sit amet orci. Ut sagittis lobortis mauris. Suspendisse aliquet molestie tellus. Aenean egestas hendrerit neque. In ornare sagittis felis. Donec tempor, est ac mattis semper, dui lectus rutrum urna, nec luctus felis purus ac tellus. Suspendisse	4	115	2023-02-01 06:31:38
131	ornare. Fusce mollis.	368	4007	adipiscing non, luctus	pede ac urna. Ut tincidunt vehicula risus. Nulla eget metus eu erat semper rutrum. Fusce dolor quam, elementum at, egestas a, scelerisque sed, sapien. Nunc pulvinar arcu et pede. Nunc	2	7	2022-04-03 19:07:56
132	euismod in,	171	9746	Curabitur ut odio vel est	lacus. Quisque imperdiet, erat nonummy ultricies ornare, elit elit fermentum	5	29	2023-03-24 06:42:41
133	dis	268	1712	elementum, dui quis accumsan convallis,	et risus. Quisque libero lacus, varius et, euismod et, commodo at, libero. Morbi accumsan laoreet ipsum. Curabitur consequat, lectus sit amet luctus vulputate, nisi sem semper erat, in consectetuer ipsum nunc id enim. Curabitur massa. Vestibulum accumsan neque et nunc. Quisque ornare tortor at risus. Nunc ac sem ut dolor dapibus gravida. Aliquam tincidunt, nunc ac mattis ornare, lectus ante dictum mi, ac mattis velit justo nec ante. Maecenas mi felis, adipiscing fringilla, porttitor vulputate, posuere vulputate, lacus. Cras interdum. Nunc sollicitudin commodo ipsum. Suspendisse	2	36	2023-05-03 01:13:25
134	dolor	127	8246	convallis convallis dolor.	natoque penatibus et magnis dis parturient montes, nascetur ridiculus mus. Proin vel arcu eu odio tristique pharetra. Quisque ac libero nec ligula consectetuer rhoncus. Nullam velit dui, semper et, lacinia vitae, sodales at, velit. Pellentesque ultricies	6	94	2022-12-17 15:12:36
135	cursus. Nunc	302	1412	pharetra, felis eget	egestas blandit. Nam nulla magna, malesuada vel, convallis in, cursus et, eros. Proin ultrices. Duis volutpat nunc sit amet metus. Aliquam erat volutpat. Nulla facilisis. Suspendisse commodo tincidunt nibh. Phasellus nulla. Integer vulputate, risus a ultricies adipiscing, enim mi tempor lorem, eget mollis lectus pede et risus. Quisque libero lacus, varius et, euismod et, commodo at, libero. Morbi accumsan laoreet ipsum. Curabitur consequat, lectus sit amet luctus vulputate, nisi sem semper erat, in consectetuer ipsum nunc id enim. Curabitur massa. Vestibulum accumsan neque et nunc.	10	289	2023-02-26 08:24:33
136	nonummy ultricies	374	2996	mauris sagittis placerat. Cras dictum	blandit enim consequat purus. Maecenas libero est, congue a, aliquet vel, vulputate eu, odio. Phasellus at augue id ante dictum cursus. Nunc mauris elit, dictum eu, eleifend nec, malesuada ut, sem. Nulla interdum. Curabitur dictum. Phasellus in felis. Nulla tempor augue ac ipsum. Phasellus vitae mauris sit amet lorem semper auctor. Mauris vel turpis. Aliquam adipiscing lobortis risus. In mi pede, nonummy ut, molestie in, tempus eu, ligula. Aenean euismod mauris eu	2	155	2022-03-24 06:24:38
137	aptent	244	2448	eu nulla at	mattis. Cras eget nisi dictum augue malesuada malesuada. Integer id magna et ipsum cursus vestibulum. Mauris magna. Duis dignissim tempor arcu. Vestibulum ut eros non enim commodo hendrerit. Donec porttitor tellus non magna. Nam ligula	4	80	2022-07-11 14:48:18
138	eu eros.	177	4173	ante	turpis non enim. Mauris quis turpis vitae purus gravida sagittis. Duis gravida. Praesent eu nulla at sem molestie sodales. Mauris blandit enim consequat purus. Maecenas libero est, congue a, aliquet vel, vulputate eu, odio. Phasellus at augue id ante dictum cursus. Nunc mauris elit, dictum eu, eleifend nec, malesuada ut, sem. Nulla interdum. Curabitur dictum. Phasellus in felis. Nulla tempor augue ac ipsum. Phasellus vitae mauris sit amet lorem semper auctor. Mauris vel turpis. Aliquam	9	201	2022-10-31 21:51:58
139	non massa	144	7375	Sed eu nibh	magna. Sed eu eros. Nam consequat dolor vitae dolor. Donec fringilla. Donec feugiat metus sit amet ante. Vivamus non lorem vitae odio sagittis semper. Nam tempor diam dictum sapien. Aenean massa. Integer vitae nibh. Donec est mauris, rhoncus id, mollis nec, cursus a, enim. Suspendisse aliquet,	2	110	2022-07-12 19:35:26
243	sed leo. Cras	374	2337	urna. Nullam lobortis quam	massa. Integer vitae nibh. Donec est mauris, rhoncus id, mollis nec, cursus a, enim. Suspendisse aliquet, sem ut cursus luctus,	4110	2022-04-12 03:29:10
140	turpis. In	194	782	lacinia mattis. Integer eu lacus.	Curabitur dictum. Phasellus in felis. Nulla tempor augue ac ipsum. Phasellus vitae mauris sit amet lorem semper auctor. Mauris vel turpis. Aliquam adipiscing lobortis risus. In mi pede, nonummy ut, molestie in, tempus eu, ligula. Aenean euismod mauris eu elit. Nulla facilisi. Sed neque. Sed eget lacus. Mauris non dui nec urna suscipit nonummy. Fusce fermentum fermentum arcu. Vestibulum ante ipsum primis in faucibus orci luctus et ultrices posuere cubilia Curae Phasellus ornare. Fusce mollis. Duis sit amet diam eu dolor egestas rhoncus. Proin nisl sem, consequat nec, mollis vitae,	8	291	2022-08-11 04:01:04
141	fermentum	319	4703	Curabitur	enim commodo hendrerit. Donec porttitor tellus non magna. Nam ligula elit, pretium et, rutrum non, hendrerit id, ante. Nunc mauris sapien, cursus in, hendrerit consectetuer, cursus et, magna. Praesent interdum ligula eu enim. Etiam imperdiet dictum magna. Ut tincidunt orci quis lectus. Nullam suscipit, est ac facilisis facilisis, magna tellus faucibus leo, in lobortis tellus justo sit amet nulla. Donec non justo. Proin non massa non ante bibendum ullamcorper. Duis cursus, diam at pretium aliquet, metus urna	8	239	2022-05-13 06:49:42
142	accumsan interdum	322	6223	Integer urna. Vivamus molestie	ligula. Aenean euismod mauris eu elit. Nulla facilisi. Sed neque. Sed eget lacus. Mauris non dui nec urna suscipit nonummy. Fusce fermentum fermentum arcu. Vestibulum ante	3	216	2022-02-24 23:03:46
143	mauris, aliquam	247	8385	et, euismod et, commodo at,	ornare egestas ligula. Nullam feugiat placerat velit. Quisque varius. Nam porttitor scelerisque neque. Nullam nisl. Maecenas malesuada fringilla est. Mauris eu turpis. Nulla aliquet. Proin velit. Sed malesuada augue ut lacus. Nulla tincidunt, neque vitae semper egestas, urna justo faucibus lectus, a sollicitudin orci sem eget massa. Suspendisse eleifend. Cras sed leo. Cras vehicula aliquet libero. Integer in magna. Phasellus dolor elit, pellentesque a, facilisis non, bibendum sed, est. Nunc laoreet lectus quis massa. Mauris vestibulum, neque sed dictum eleifend, nunc risus varius orci, in consequat enim diam	2	220	2022-05-13 23:42:28
144	Integer aliquam adipiscing	215	5939	amet, consectetuer adipiscing elit.	fermentum arcu. Vestibulum ante ipsum primis in faucibus orci luctus et ultrices posuere cubilia Curae Phasellus ornare. Fusce mollis. Duis sit amet diam eu dolor egestas rhoncus. Proin nisl sem, consequat nec, mollis vitae, posuere at, velit. Cras lorem lorem, luctus ut, pellentesque eget, dictum placerat, augue. Sed molestie.	6	49	2022-08-01 08:33:24
145	fringilla cursus	266	6641	tellus. Aenean egestas	libero lacus, varius et, euismod et, commodo at, libero. Morbi accumsan laoreet ipsum. Curabitur consequat, lectus sit amet luctus vulputate, nisi sem semper erat, in consectetuer ipsum nunc id enim. Curabitur massa. Vestibulum accumsan neque et nunc. Quisque ornare tortor at risus. Nunc ac sem ut dolor dapibus gravida. Aliquam tincidunt, nunc ac mattis ornare, lectus ante dictum mi, ac mattis velit justo nec ante. Maecenas	5	177	2023-04-05 01:23:07
146	Quisque porttitor	358	4477	eget magna. Suspendisse	vel pede blandit congue. In scelerisque scelerisque dui. Suspendisse ac metus vitae velit egestas lacinia. Sed congue, elit sed consequat auctor, nunc nulla vulputate dui, nec tempus	3	17	2022-02-25 20:10:30
147	non, feugiat	189	8327	tincidunt,	consequat dolor vitae dolor. Donec fringilla. Donec feugiat metus sit amet ante. Vivamus non lorem vitae odio sagittis semper. Nam tempor diam dictum sapien. Aenean massa. Integer vitae nibh. Donec est mauris, rhoncus id, mollis nec, cursus a, enim. Suspendisse aliquet, sem ut cursus luctus, ipsum leo elementum sem, vitae aliquam eros turpis non enim. Mauris quis turpis vitae	4	236	2022-08-20 19:22:00
148	euismod est arcu	306	9988	odio semper	gravida non, sollicitudin a, malesuada id, erat. Etiam vestibulum massa rutrum magna. Cras convallis convallis dolor. Quisque tincidunt pede ac urna. Ut tincidunt vehicula risus. Nulla eget metus eu erat semper rutrum. Fusce dolor quam, elementum at, egestas a, scelerisque sed, sapien. Nunc pulvinar arcu et pede. Nunc sed orci lobortis augue scelerisque mollis. Phasellus libero mauris, aliquam eu, accumsan sed,	3	280	2023-01-04 22:42:58
149	tincidunt, nunc	268	9454	Donec porttitor tellus non	Aliquam erat volutpat. Nulla facilisis. Suspendisse commodo tincidunt nibh. Phasellus nulla. Integer	8	113	2022-02-01 04:59:34
150	dui.	246	9181	eu nibh	Pellentesque ut ipsum ac mi eleifend egestas. Sed pharetra, felis eget varius ultrices, mauris ipsum porta	7	173	2022-06-04 13:32:29
151	sapien. Nunc	390	1584	laoreet lectus quis massa.	ante ipsum primis in faucibus orci luctus et ultrices posuere cubilia Curae Phasellus ornare. Fusce mollis. Duis sit amet diam eu dolor egestas rhoncus. Proin nisl sem, consequat nec, mollis vitae, posuere at, velit. Cras lorem lorem, luctus ut, pellentesque eget, dictum placerat, augue. Sed molestie. Sed id risus quis diam luctus lobortis.	2	87	2022-11-03 16:12:17
152	euismod	128	1261	sit amet massa.	in consectetuer ipsum nunc id enim. Curabitur massa. Vestibulum accumsan neque et nunc. Quisque ornare tortor at risus. Nunc ac sem ut dolor dapibus gravida. Aliquam tincidunt, nunc ac mattis ornare, lectus ante dictum mi, ac mattis velit justo nec ante. Maecenas mi felis, adipiscing fringilla, porttitor vulputate, posuere vulputate, lacus. Cras interdum. Nunc sollicitudin commodo ipsum. Suspendisse non leo. Vivamus nibh dolor, nonummy ac, feugiat non, lobortis quis, pede. Suspendisse dui. Fusce diam nunc, ullamcorper eu, euismod ac, fermentum vel, mauris. Integer sem elit, pharetra ut, pharetra sed, hendrerit a, arcu. Sed et libero. Proin mi. Aliquam gravida	9	41	2022-01-14 05:53:26
153	vitae dolor.	284	6252	fames ac turpis egestas. Fusce	sed dolor. Fusce mi lorem, vehicula et, rutrum eu, ultrices sit amet, risus. Donec nibh enim, gravida sit amet, dapibus id, blandit at, nisi. Cum sociis natoque penatibus et magnis dis parturient montes, nascetur ridiculus mus. Proin vel nisl. Quisque fringilla euismod enim. Etiam gravida molestie arcu. Sed eu nibh vulputate mauris sagittis placerat. Cras dictum ultricies ligula. Nullam enim. Sed nulla ante, iaculis nec, eleifend non, dapibus rutrum, justo. Praesent luctus. Curabitur egestas nunc sed libero. Proin sed turpis nec mauris blandit mattis. Cras eget nisi dictum augue malesuada malesuada. Integer id magna et	3	75	2022-03-07 10:19:01
154	ante	319	6685	gravida molestie arcu. Sed	Quisque fringilla euismod enim. Etiam gravida molestie arcu. Sed eu nibh vulputate mauris sagittis placerat. Cras dictum ultricies ligula. Nullam enim. Sed nulla ante, iaculis nec, eleifend non, dapibus rutrum, justo. Praesent luctus. Curabitur egestas nunc	9	30	2022-10-17 17:19:07
155	Proin dolor.	398	5597	luctus lobortis. Class aptent	non massa non ante bibendum ullamcorper. Duis cursus, diam at pretium aliquet, metus urna convallis erat, eget tincidunt dui augue eu tellus. Phasellus elit pede, malesuada vel, venenatis vel, faucibus id, libero. Donec consectetuer mauris id sapien. Cras dolor dolor, tempus non, lacinia at,	3	30	2022-08-07 18:36:12
156	sit amet,	150	1406	tellus. Phasellus elit pede,	est tempor bibendum. Donec felis orci, adipiscing non, luctus sit amet, faucibus ut, nulla. Cras eu tellus eu augue porttitor interdum. Sed auctor odio a purus. Duis elementum, dui quis accumsan convallis,	8	197	2023-04-01 23:33:01
158	fringilla ornare	110	4510	non arcu. Vivamus sit amet	egestas, urna justo faucibus lectus, a sollicitudin orci sem eget massa. Suspendisse eleifend. Cras sed leo. Cras vehicula aliquet libero. Integer in magna. Phasellus dolor elit, pellentesque a, facilisis non, bibendum sed, est. Nunc laoreet lectus quis massa. Mauris vestibulum, neque sed dictum eleifend, nunc risus varius orci, in consequat enim	8	166	2023-03-20 00:29:56
159	lectus sit	362	9922	ipsum primis	amet diam eu dolor egestas rhoncus. Proin nisl sem, consequat nec, mollis vitae, posuere at, velit. Cras lorem lorem, luctus ut, pellentesque eget, dictum placerat, augue. Sed molestie. Sed id risus quis diam luctus lobortis. Class aptent taciti sociosqu ad litora torquent per conubia nostra, per inceptos hymenaeos. Mauris ut quam vel sapien imperdiet ornare. In faucibus. Morbi vehicula. Pellentesque tincidunt tempus risus. Donec egestas. Duis ac arcu. Nunc	1	134	2021-09-20 18:17:09
160	elit,	204	9148	faucibus orci	eleifend, nunc risus varius orci, in consequat enim diam vel arcu. Curabitur ut odio vel est tempor bibendum. Donec felis orci, adipiscing non, luctus sit amet, faucibus ut, nulla. Cras eu tellus eu augue porttitor interdum. Sed auctor odio a purus. Duis elementum, dui	8	234	2022-12-05 12:21:57
161	ad	226	1985	vehicula et, rutrum	sociis natoque penatibus et magnis dis parturient montes, nascetur ridiculus mus.	4	34	2022-12-23 01:50:20
162	viverra.	115	8935	et nunc. Quisque ornare tortor	Aenean eget magna. Suspendisse tristique neque venenatis lacus. Etiam bibendum fermentum metus. Aenean sed pede nec ante blandit viverra. Donec tempus, lorem	3	80	2022-07-02 06:51:33
163	sit amet	345	9788	ultrices sit	vitae semper egestas, urna justo faucibus lectus, a sollicitudin orci sem eget massa. Suspendisse eleifend. Cras sed leo. Cras vehicula aliquet libero. Integer in magna. Phasellus dolor elit, pellentesque a, facilisis non, bibendum sed, est. Nunc laoreet lectus quis massa. Mauris vestibulum, neque sed dictum eleifend, nunc risus varius orci, in consequat enim diam vel arcu. Curabitur ut odio vel est tempor bibendum. Donec felis orci, adipiscing non, luctus sit amet, faucibus ut, nulla. Cras eu	10	76	2022-05-24 20:32:05
164	venenatis vel,	381	7834	sodales purus, in molestie tortor	Mauris vestibulum, neque sed dictum eleifend, nunc risus varius orci, in consequat enim diam vel arcu. Curabitur ut odio vel est tempor bibendum. Donec felis orci, adipiscing non, luctus sit amet, faucibus ut, nulla. Cras eu tellus eu augue porttitor interdum. Sed auctor odio a purus. Duis elementum, dui quis accumsan convallis, ante lectus convallis est, vitae sodales nisi magna sed dui. Fusce aliquam, enim nec tempus scelerisque, lorem ipsum sodales purus, in molestie tortor nibh sit amet orci. Ut sagittis lobortis mauris. Suspendisse aliquet molestie tellus. Aenean egestas hendrerit neque. In ornare sagittis	2	73	2021-09-28 05:35:08
165	congue, elit	293	9700	pede, ultrices a,	eget magna. Suspendisse tristique neque venenatis lacus. Etiam bibendum fermentum metus. Aenean sed pede nec ante	6	298	2023-03-19 04:17:58
166	Nulla	376	9103	enim	malesuada vel, convallis in, cursus et, eros. Proin ultrices. Duis volutpat nunc sit amet metus. Aliquam erat volutpat. Nulla facilisis. Suspendisse commodo	1143	2022-11-26 19:45:42
167	nunc. Quisque	391	6693	gravida non,	dictum. Phasellus in felis. Nulla tempor augue ac ipsum. Phasellus vitae mauris sit amet lorem semper auctor. Mauris vel turpis. Aliquam adipiscing lobortis risus. In mi pede, nonummy ut, molestie in, tempus eu, ligula. Aenean euismod mauris eu elit. Nulla facilisi. Sed neque. Sed eget lacus. Mauris non dui nec urna suscipit nonummy. Fusce fermentum fermentum arcu. Vestibulum ante ipsum primis in faucibus orci luctus et ultrices posuere cubilia Curae Phasellus ornare. Fusce mollis. Duis sit amet diam eu dolor egestas rhoncus. Proin nisl sem, consequat nec, mollis vitae,	2	290	2021-06-24 23:16:50
168	accumsan neque et	115	996	Duis	Aliquam rutrum lorem ac risus. Morbi metus. Vivamus euismod urna. Nullam lobortis quam a felis ullamcorper viverra. Maecenas iaculis aliquet diam. Sed diam lorem, auctor quis, tristique ac, eleifend vitae, erat. Vivamus nisi. Mauris nulla. Integer urna. Vivamus molestie dapibus ligula. Aliquam erat volutpat. Nulla dignissim. Maecenas ornare egestas ligula. Nullam feugiat placerat velit. Quisque varius. Nam porttitor scelerisque neque. Nullam nisl. Maecenas malesuada fringilla est. Mauris eu turpis. Nulla aliquet. Proin velit. Sed malesuada augue ut lacus. Nulla tincidunt, neque vitae semper egestas, urna justo faucibus lectus, a sollicitudin orci sem eget massa. Suspendisse eleifend. Cras	4	81	2022-07-28 01:29:04
169	dapibus id, blandit	348	7009	taciti sociosqu	ligula. Aenean euismod mauris eu elit. Nulla facilisi. Sed neque. Sed eget lacus. Mauris non dui nec urna suscipit nonummy. Fusce fermentum fermentum arcu. Vestibulum ante ipsum primis in faucibus	5	34	2022-03-16 22:15:20
170	arcu	223	236	Nullam suscipit, est	montes, nascetur ridiculus mus. Proin vel nisl. Quisque fringilla euismod enim. Etiam gravida molestie arcu. Sed eu nibh vulputate mauris sagittis placerat. Cras dictum ultricies ligula. Nullam enim. Sed nulla ante, iaculis nec, eleifend non, dapibus rutrum, justo. Praesent luctus. Curabitur egestas nunc sed libero. Proin sed turpis nec mauris blandit mattis. Cras eget nisi dictum augue malesuada malesuada. Integer id magna et ipsum cursus vestibulum. Mauris magna. Duis dignissim tempor arcu. Vestibulum ut eros non enim commodo hendrerit. Donec porttitor tellus non	2	181	2023-03-12 22:20:07
171	nonummy ultricies ornare,	105	1824	Aenean sed pede	purus gravida sagittis. Duis gravida. Praesent eu nulla at sem molestie sodales. Mauris blandit enim consequat purus. Maecenas libero	4	128	2022-10-24 15:50:31
172	Cum sociis	166	2769	Morbi neque tellus, imperdiet non,	Proin eget odio. Aliquam vulputate ullamcorper magna. Sed eu eros. Nam consequat dolor vitae dolor. Donec fringilla. Donec feugiat metus sit amet ante. Vivamus non lorem vitae odio	2	254	2022-01-22 04:37:42
173	eros. Proin ultrices.	162	6831	ridiculus mus.	scelerisque mollis. Phasellus libero mauris, aliquam eu, accumsan sed, facilisis vitae, orci. Phasellus dapibus quam quis diam. Pellentesque habitant morbi tristique senectus et netus et malesuada fames ac turpis egestas. Fusce aliquet magna a neque. Nullam ut nisi a odio semper cursus. Integer mollis. Integer tincidunt aliquam arcu. Aliquam ultrices iaculis odio. Nam interdum enim non nisi. Aenean eget metus. In nec orci. Donec nibh. Quisque nonummy	7	207	2022-05-31 02:05:41
174	velit. Aliquam	226	9319	bibendum sed, est. Nunc	vel arcu eu odio tristique pharetra. Quisque ac libero nec ligula consectetuer rhoncus. Nullam velit dui, semper et, lacinia vitae, sodales at, velit. Pellentesque ultricies dignissim lacus. Aliquam rutrum lorem ac	6	298	2023-01-21 15:58:40
175	netus et	258	3501	Vivamus rhoncus. Donec	auctor non, feugiat nec, diam. Duis mi enim, condimentum eget, volutpat ornare, facilisis eget, ipsum. Donec sollicitudin adipiscing ligula. Aenean gravida nunc sed pede. Cum sociis natoque penatibus et magnis dis parturient montes, nascetur ridiculus mus. Proin vel arcu eu odio tristique pharetra. Quisque ac libero nec ligula consectetuer rhoncus. Nullam velit dui, semper et, lacinia vitae, sodales at, velit. Pellentesque ultricies dignissim lacus. Aliquam rutrum lorem ac risus. Morbi metus. Vivamus euismod urna. Nullam lobortis quam a felis ullamcorper viverra. Maecenas iaculis aliquet diam. Sed diam lorem,	9	206	2022-04-15 17:49:09
176	eget,	321	8453	urna et arcu imperdiet ullamcorper.	ac libero nec ligula consectetuer rhoncus. Nullam velit dui, semper et, lacinia vitae, sodales at, velit. Pellentesque ultricies dignissim lacus. Aliquam rutrum lorem ac risus. Morbi metus. Vivamus euismod urna. Nullam lobortis	8	23	2021-11-14 08:25:19
177	dui nec urna	301	9888	massa lobortis	pede. Cras vulputate velit eu sem. Pellentesque ut ipsum ac mi eleifend egestas. Sed pharetra, felis eget varius ultrices, mauris ipsum porta elit, a feugiat tellus lorem eu metus. In lorem. Donec elementum, lorem ut aliquam iaculis, lacus pede sagittis augue, eu tempor erat neque non quam. Pellentesque habitant morbi tristique senectus et netus et malesuada fames ac turpis egestas. Aliquam fringilla cursus purus. Nullam scelerisque neque sed sem egestas blandit. Nam nulla magna, malesuada vel, convallis in, cursus et, eros. Proin ultrices. Duis volutpat nunc	8	299	2022-01-21 10:50:40
178	cursus purus.	325	7501	lacus pede sagittis	dui, semper et, lacinia vitae, sodales at, velit. Pellentesque ultricies dignissim lacus. Aliquam rutrum lorem ac risus. Morbi metus. Vivamus euismod urna. Nullam lobortis quam a felis ullamcorper viverra. Maecenas iaculis aliquet diam. Sed diam lorem, auctor quis, tristique ac, eleifend vitae, erat. Vivamus nisi. Mauris nulla. Integer urna. Vivamus molestie dapibus ligula. Aliquam erat volutpat. Nulla dignissim.	1	226	2021-11-09 21:44:26
179	sagittis	362	3208	Phasellus vitae	Integer urna. Vivamus molestie dapibus ligula. Aliquam erat volutpat. Nulla dignissim. Maecenas ornare egestas ligula. Nullam feugiat placerat velit. Quisque	4	196	2021-11-30 14:59:00
180	egestas.	191	6922	diam. Duis	id, libero. Donec consectetuer mauris id sapien. Cras dolor dolor, tempus non, lacinia at, iaculis quis, pede. Praesent eu dui. Cum sociis natoque penatibus et magnis dis parturient montes, nascetur ridiculus mus. Aenean eget magna. Suspendisse tristique neque venenatis lacus. Etiam bibendum fermentum metus. Aenean sed pede nec ante blandit viverra. Donec tempus, lorem fringilla ornare placerat, orci lacus vestibulum lorem, sit amet ultricies sem magna nec quam. Curabitur	7	54	2022-06-19 20:19:39
181	In mi pede,	364	7198	amet	ultricies ornare, elit elit fermentum risus, at fringilla purus mauris a nunc. In at pede. Cras vulputate velit eu sem. Pellentesque ut ipsum ac mi eleifend egestas. Sed pharetra, felis eget varius	10	108	2022-09-05 02:45:20
182	porttitor eros nec	170	415	urna.	netus et malesuada fames ac turpis egestas. Aliquam fringilla cursus purus. Nullam scelerisque neque sed sem egestas blandit. Nam nulla magna, malesuada vel, convallis in, cursus et, eros. Proin ultrices. Duis volutpat nunc sit amet metus. Aliquam erat volutpat. Nulla facilisis. Suspendisse commodo tincidunt nibh. Phasellus nulla. Integer vulputate, risus a ultricies	7	70	2021-06-08 10:40:57
183	dictum sapien. Aenean	186	9368	egestas. Fusce	nascetur ridiculus mus. Donec dignissim magna a tortor. Nunc commodo auctor velit. Aliquam nisl. Nulla eu neque pellentesque	8	312022-12-19 04:17:36
184	sapien. Aenean massa.	163	603	Donec at arcu. Vestibulum	non, hendrerit id, ante. Nunc mauris sapien, cursus in, hendrerit consectetuer, cursus et, magna. Praesent interdum ligula eu enim. Etiam imperdiet dictum magna. Ut tincidunt orci quis lectus. Nullam suscipit, est ac facilisis facilisis, magna tellus faucibus leo, in lobortis tellus justo sit amet	6	80	2022-05-30 20:12:40
185	tristique senectus	287	6289	iaculis enim, sit amet	et arcu imperdiet ullamcorper. Duis at lacus. Quisque purus sapien, gravida non, sollicitudin a, malesuada id, erat. Etiam vestibulum massa rutrum magna. Cras convallis convallis dolor. Quisque tincidunt pede ac urna. Ut tincidunt vehicula risus. Nulla eget metus eu erat semper rutrum. Fusce dolor quam, elementum at, egestas a, scelerisque sed, sapien. Nunc pulvinar arcu et pede. Nunc sed orci lobortis augue scelerisque mollis. Phasellus libero mauris, aliquam eu, accumsan sed, facilisis vitae, orci. Phasellus dapibus quam quis diam. Pellentesque habitant morbi tristique senectus	5	220	2022-09-27 09:15:11
186	vulputate mauris	383	1961	lorem	ipsum. Suspendisse sagittis. Nullam vitae diam. Proin dolor. Nulla semper tellus id nunc interdum feugiat. Sed nec metus facilisis lorem tristique aliquet. Phasellus fermentum convallis ligula. Donec luctus aliquet odio. Etiam ligula tortor, dictum eu, placerat eget, venenatis a, magna. Lorem ipsum dolor sit amet, consectetuer adipiscing elit. Etiam laoreet, libero et tristique pellentesque, tellus sem mollis dui, in sodales elit erat vitae risus. Duis a mi fringilla mi lacinia mattis. Integer eu lacus. Quisque imperdiet, erat	4	170	2022-07-07 03:00:13
187	blandit enim	375	8131	bibendum	lacus. Etiam bibendum fermentum metus. Aenean sed pede nec ante blandit viverra. Donec tempus, lorem fringilla ornare placerat, orci lacus vestibulum lorem, sit amet ultricies sem magna nec quam. Curabitur vel lectus. Cum sociis natoque penatibus et magnis dis parturient montes, nascetur ridiculus mus. Donec dignissim magna a tortor.	5	267	2022-12-02 07:56:44
188	dui quis	232	8792	mi enim,	Cras sed leo. Cras vehicula aliquet libero. Integer in magna. Phasellus dolor elit, pellentesque a, facilisis non, bibendum sed, est. Nunc laoreet lectus quis massa. Mauris vestibulum, neque sed dictum eleifend, nunc risus varius orci,	6	285	2022-02-28 16:45:09
189	non	178	7038	nec mauris blandit mattis.	vitae, erat. Vivamus nisi. Mauris nulla. Integer urna. Vivamus molestie dapibus ligula. Aliquam erat volutpat. Nulla dignissim. Maecenas ornare egestas ligula. Nullam feugiat placerat velit. Quisque varius. Nam porttitor scelerisque neque. Nullam nisl. Maecenas malesuada fringilla est. Mauris eu turpis. Nulla aliquet. Proin velit. Sed malesuada augue ut lacus. Nulla tincidunt, neque vitae semper egestas, urna justo faucibus lectus, a sollicitudin orci sem eget massa. Suspendisse eleifend. Cras sed leo. Cras vehicula aliquet libero. Integer in magna. Phasellus dolor elit, pellentesque a, facilisis non, bibendum sed, est. Nunc laoreet lectus quis massa.	4	36	2021-08-24 18:45:51
190	Aenean gravida	287	1292	hendrerit id, ante.	dictum. Phasellus in felis. Nulla tempor augue ac ipsum. Phasellus vitae	6	253	2022-11-29 04:41:02
191	vel arcu.	341	4200	semper cursus. Integer mollis.	felis. Donec tempor, est ac mattis semper, dui lectus rutrum urna, nec luctus felis purus ac tellus. Suspendisse sed dolor. Fusce mi lorem, vehicula et, rutrum eu, ultrices sit amet, risus. Donec nibh enim, gravida sit amet, dapibus id, blandit at, nisi. Cum sociis natoque penatibus et magnis dis	3	280	2022-08-10 04:49:19
192	mauris ipsum porta	335	2070	at risus. Nunc ac	ultricies ligula. Nullam enim. Sed nulla ante, iaculis nec, eleifend non, dapibus rutrum, justo. Praesent luctus. Curabitur egestas nunc sed libero. Proin sed turpis nec mauris blandit mattis. Cras eget	5	258	2021-10-13 00:17:03
193	magna a	262	2743	Phasellus in felis.	nunc sit amet metus. Aliquam erat volutpat. Nulla facilisis. Suspendisse commodo tincidunt nibh. Phasellus nulla. Integer vulputate, risus a ultricies adipiscing, enim mi tempor lorem, eget mollis lectus pede et risus. Quisque libero lacus, varius et, euismod et, commodo at, libero. Morbi accumsan laoreet ipsum. Curabitur consequat, lectus sit amet luctus vulputate, nisi sem semper erat, in consectetuer ipsum	8	12	2021-05-24 19:55:34
194	malesuada. Integer	276	2922	non, dapibus	nec orci. Donec nibh. Quisque nonummy ipsum non arcu. Vivamus sit amet risus. Donec egestas. Aliquam nec enim. Nunc ut erat. Sed nunc est, mollis non, cursus non, egestas a, dui. Cras pellentesque. Sed dictum. Proin eget odio. Aliquam vulputate ullamcorper magna. Sed eu eros. Nam consequat dolor vitae dolor. Donec fringilla. Donec feugiat metus sit amet ante. Vivamus non lorem vitae odio sagittis semper. Nam tempor diam dictum sapien. Aenean massa. Integer vitae nibh. Donec est mauris, rhoncus id, mollis nec, cursus a, enim. Suspendisse aliquet,	3	113	2022-09-02 20:38:04
195	molestie in,	206	861	Morbi non sapien	Sed eu eros. Nam consequat dolor vitae dolor. Donec fringilla. Donec feugiat metus	8	101	2021-09-16 14:52:42
196	lacinia at,	330	1193	Proin vel nisl.	fermentum metus. Aenean sed pede nec ante blandit viverra. Donec tempus, lorem fringilla ornare placerat, orci lacus vestibulum lorem, sit amet ultricies sem magna nec quam. Curabitur vel lectus. Cum sociis natoque penatibus et magnis dis parturient montes, nascetur ridiculus mus. Donec dignissim magna a tortor. Nunc commodo auctor velit. Aliquam nisl. Nulla eu neque pellentesque massa lobortis ultrices. Vivamus rhoncus. Donec est. Nunc ullamcorper, velit in aliquet lobortis, nisi nibh lacinia orci, consectetuer euismod est arcu ac orci. Ut semper pretium neque. Morbi quis urna. Nunc quis arcu vel quam dignissim pharetra.	3	46	2023-04-01 19:39:38
197	lectus ante	178	1044	ipsum nunc id	sociis natoque penatibus et magnis dis parturient montes, nascetur ridiculus mus. Aenean eget magna. Suspendisse tristique neque venenatis lacus.259	2022-09-16 09:00:26
198	enim, sit	267	2618	magna a tortor. Nunc commodo	non massa non ante bibendum ullamcorper. Duis cursus, diam at pretium aliquet, metus urna convallis erat, eget tincidunt dui augue eu tellus. Phasellus elit pede, malesuada vel, venenatis vel, faucibus id, libero. Donec consectetuer mauris id sapien. Cras dolor dolor, tempus non, lacinia at, iaculis quis, pede. Praesent eu dui. Cum sociis natoque penatibus et magnis dis parturient montes, nascetur ridiculus mus. Aenean eget magna. Suspendisse tristique neque venenatis lacus.	5	41	2023-04-07 15:59:12
199	fringilla ornare	308	9495	purus. Maecenas	eu metus. In lorem. Donec elementum, lorem ut aliquam iaculis, lacus pede sagittis augue, eu tempor erat neque non quam. Pellentesque habitant morbi tristique	6	49	2022-08-27 12:16:21
200	sociis natoque penatibus	395	8685	et, rutrum non, hendrerit	mi lorem, vehicula et, rutrum eu, ultrices sit amet, risus. Donec nibh enim, gravida sit amet, dapibus id, blandit at, nisi. Cum sociis natoque penatibus et magnis dis parturient montes, nascetur ridiculus mus. Proin vel nisl. Quisque fringilla euismod enim. Etiam gravida molestie arcu. Sed eu nibh vulputate mauris sagittis placerat. Cras dictum ultricies ligula. Nullam enim. Sed nulla ante, iaculis nec, eleifend non, dapibus rutrum, justo. Praesent luctus. Curabitur egestas nunc sed libero. Proin sed turpis nec mauris blandit mattis. Cras eget nisi dictum augue malesuada malesuada. Integer id magna et ipsum cursus vestibulum. Mauris	7	195	2022-03-09 00:43:21
201	magnis dis parturient	266	2542	dolor sit	lorem vitae odio sagittis semper. Nam tempor diam dictum sapien. Aenean massa. Integer vitae nibh. Donec est mauris, rhoncus id, mollis nec, cursus	7	13	2022-10-06 12:06:24
202	parturient montes, nascetur	121	1162	aliquet libero.	lectus pede, ultrices a, auctor non, feugiat nec, diam. Duis mi enim, condimentum eget, volutpat ornare, facilisis eget, ipsum. Donec sollicitudin adipiscing ligula. Aenean gravida nunc sed pede. Cum sociis natoque penatibus et magnis dis parturient montes, nascetur ridiculus mus. Proin vel arcu eu odio tristique pharetra. Quisque ac libero nec ligula consectetuer rhoncus. Nullam velit dui, semper et, lacinia vitae, sodales at, velit. Pellentesque ultricies dignissim lacus. Aliquam rutrum lorem ac risus. Morbi metus. Vivamus euismod urna. Nullam lobortis quam a felis ullamcorper viverra. Maecenas iaculis aliquet diam. Sed	6	293	2022-08-29 03:45:26
203	libero nec	104	4800	purus mauris a nunc.	Aenean gravida nunc sed pede. Cum sociis natoque penatibus et magnis dis parturient montes, nascetur ridiculus mus. Proin vel arcu eu odio tristique pharetra. Quisque ac libero nec ligula consectetuer rhoncus. Nullam velit dui, semper et, lacinia vitae, sodales at, velit. Pellentesque ultricies dignissim lacus. Aliquam rutrum lorem ac risus. Morbi metus. Vivamus euismod urna. Nullam lobortis quam a felis ullamcorper viverra. Maecenas iaculis aliquet diam. Sed diam lorem, auctor quis, tristique ac, eleifend vitae, erat. Vivamus nisi. Mauris nulla. Integer urna. Vivamus molestie dapibus ligula. Aliquam erat volutpat. Nulla dignissim.	4	20	2022-08-23 14:09:50
204	magna.	233	7989	ut erat. Sed	amet luctus vulputate, nisi sem semper erat, in consectetuer ipsum nunc id enim. Curabitur massa. Vestibulum accumsan neque et nunc. Quisque ornare tortor at risus.	5	16	2021-10-26 10:23:53
205	non, dapibus	159	4028	Nunc lectus pede,	ante ipsum primis in faucibus orci luctus et ultrices posuere cubilia Curae Phasellus ornare. Fusce mollis.	4	29	2022-03-23 08:01:22
206	sagittis augue,	205	1699	amet ultricies sem magna	neque. Nullam ut nisi a odio semper cursus. Integer mollis. Integer tincidunt aliquam arcu. Aliquam ultrices iaculis odio. Nam interdum enim non nisi. Aenean eget metus. In nec orci. Donec nibh. Quisque nonummy ipsum non arcu. Vivamus sit amet risus. Donec egestas. Aliquam nec enim. Nunc ut erat. Sed nunc est, mollis non, cursus non, egestas a, dui. Cras pellentesque. Sed dictum. Proin eget odio. Aliquam vulputate ullamcorper magna. Sed eu eros. Nam	4	164	2022-06-21 07:00:27
207	vulputate, lacus.	184	3769	malesuada fringilla est. Mauris	sed dolor. Fusce mi lorem, vehicula et, rutrum eu, ultrices sit amet, risus. Donec nibh enim, gravida sit amet, dapibus id, blandit at, nisi. Cum sociis natoque penatibus et magnis dis parturient montes, nascetur ridiculus mus. Proin vel nisl. Quisque fringilla euismod enim. Etiam gravida molestie arcu. Sed eu nibh vulputate mauris sagittis placerat. Cras dictum ultricies ligula. Nullam enim. Sed nulla ante, iaculis nec, eleifend non, dapibus rutrum, justo. Praesent luctus. Curabitur egestas nunc sed libero. Proin sed turpis nec mauris blandit mattis. Cras eget nisi dictum augue	3	274	2022-03-04 08:11:32
208	lacus. Mauris	141	7279	convallis convallis	mattis semper, dui lectus rutrum urna, nec luctus felis purus ac tellus. Suspendisse sed dolor. Fusce mi lorem, vehicula et, rutrum eu, ultrices sit amet, risus. Donec nibh enim,	9	168	2022-05-04 17:49:31
209	arcu vel	140	5556	et tristique pellentesque,	neque. In ornare sagittis felis. Donec tempor, est ac mattis semper, dui lectus rutrum urna, nec luctus felis purus ac tellus. Suspendisse sed dolor. Fusce mi lorem, vehicula et, rutrum eu, ultrices sit amet, risus. Donec nibh enim, gravida sit amet, dapibus id, blandit at, nisi. Cum sociis natoque penatibus et magnis dis parturient montes, nascetur ridiculus mus. Proin vel nisl. Quisque fringilla euismod enim. Etiam gravida molestie arcu. Sed eu nibh vulputate mauris	3	273	2023-04-28 22:29:26
261	egestas rhoncus.	105	5326	a, scelerisque sed,	lacinia orci, consectetuer euismod est arcu ac orci. Ut semper pretium neque. Morbi quis urna. Nunc quis arcu vel quam dignissim pharetra. Nam ac nulla. In tincidunt congue	6	44	2021-11-01 15:50:32
210	augue. Sed	324	2715	nisl arcu iaculis	et tristique pellentesque, tellus sem mollis dui, in sodales elit erat vitae risus. Duis a mi fringilla mi lacinia mattis. Integer eu lacus. Quisque imperdiet, erat nonummy ultricies ornare, elit elit fermentum risus, at fringilla purus mauris a nunc. In at pede. Cras vulputate velit eu sem. Pellentesque ut ipsum ac mi eleifend egestas. Sed pharetra, felis eget varius ultrices, mauris ipsum porta elit, a feugiat tellus lorem eu metus. In lorem. Donec	7	240	2022-02-08 18:56:33
211	pede	313	6795	sed dictum eleifend, nunc	libero at auctor ullamcorper, nisl arcu iaculis enim, sit amet ornare lectus justo eu arcu. Morbi sit amet massa. Quisque porttitor eros nec tellus. Nunc lectus pede, ultrices a, auctor non, feugiat nec, diam. Duis mi enim, condimentum eget, volutpat ornare, facilisis eget,	9	81	2021-08-22 23:01:03
212	Nunc sollicitudin	301	2710	accumsan	Praesent eu dui. Cum sociis natoque penatibus et magnis dis parturient montes, nascetur ridiculus mus. Aenean eget magna. Suspendisse tristique neque venenatis lacus. Etiam bibendum fermentum metus. Aenean sed pede nec ante blandit viverra. Donec tempus,	7	13	2021-05-27 01:36:22
213	ac	225	8023	tempus non, lacinia at,	pretium et, rutrum non, hendrerit id, ante. Nunc mauris sapien, cursus in, hendrerit consectetuer, cursus et, magna. Praesent interdum ligula eu enim. Etiam imperdiet dictum magna. Ut tincidunt orci quis lectus. Nullam suscipit, est ac facilisis facilisis, magna tellus faucibus leo, in lobortis tellus justo sit amet nulla. Donec non justo.	5145	2021-11-26 16:35:39
214	ligula.	100	6394	ultrices, mauris ipsum porta elit,	tincidunt adipiscing. Mauris molestie pharetra nibh. Aliquam ornare, libero at auctor ullamcorper, nisl arcu iaculis enim, sit amet ornare lectus justo eu arcu. Morbi sit amet massa. Quisque porttitor eros nec	4	2	2023-04-18 09:50:26
215	Mauris nulla. Integer	172	2002	Fusce feugiat.	Proin velit. Sed malesuada augue ut lacus. Nulla tincidunt, neque vitae semper egestas, urna justo faucibus lectus, a sollicitudin orci sem eget massa. Suspendisse eleifend. Cras sed leo. Cras vehicula aliquet libero. Integer in magna. Phasellus dolor elit, pellentesque a, facilisis non, bibendum sed, est. Nunc laoreet lectus quis massa. Mauris vestibulum, neque sed dictum eleifend, nunc risus varius orci, in consequat enim diam vel arcu. Curabitur ut odio vel est tempor bibendum. Donec felis orci, adipiscing non, luctus sit amet, faucibus ut, nulla.	8	277	2022-04-02 22:12:03
216	sagittis augue, eu	206	8592	sed orci lobortis augue scelerisque	rutrum eu, ultrices sit amet, risus. Donec nibh enim, gravida sit amet, dapibus id, blandit at, nisi. Cum sociis natoque penatibus et magnis dis parturient montes, nascetur ridiculus mus.	4	135	2022-08-26 08:27:58
217	felis	190	7111	nec mauris	risus. Quisque libero lacus, varius et, euismod et, commodo at, libero. Morbi accumsan laoreet ipsum. Curabitur consequat, lectus sit amet luctus vulputate, nisi sem semper erat, in consectetuer ipsum nunc id enim. Curabitur massa. Vestibulum accumsan neque et nunc. Quisque ornare tortor at risus. Nunc ac sem ut dolor dapibus gravida. Aliquam tincidunt, nunc ac mattis ornare, lectus ante dictum mi, ac mattis velit justo nec ante. Maecenas mi felis, adipiscing fringilla, porttitor vulputate, posuere vulputate, lacus. Cras interdum. Nunc sollicitudin commodo ipsum. Suspendisse non leo. Vivamus nibh dolor, nonummy ac, feugiat non, lobortis quis, pede. Suspendisse dui.	7	109	2022-08-07 11:23:52
218	mauris ipsum	321	315	ut ipsum	ac tellus. Suspendisse sed dolor. Fusce mi lorem, vehicula et, rutrum eu, ultrices sit amet, risus. Donec nibh enim, gravida sit amet, dapibus id, blandit at, nisi. Cum sociis natoque penatibus et magnis dis parturient montes, nascetur ridiculus mus. Proin vel nisl. Quisque fringilla euismod enim. Etiam gravida molestie arcu. Sed eu nibh vulputate mauris sagittis placerat. Cras dictum ultricies ligula. Nullam enim. Sed nulla ante, iaculis nec, eleifend non, dapibus rutrum, justo. Praesent luctus. Curabitur	5	42	2023-01-25 15:41:52
219	nunc interdum	270	6928	ullamcorper viverra.	et, eros. Proin ultrices. Duis volutpat nunc sit amet metus. Aliquam erat volutpat. Nulla facilisis. Suspendisse commodo tincidunt nibh. Phasellus nulla. Integer vulputate, risus a ultricies adipiscing, enim mi tempor lorem, eget mollis lectus pede et risus. Quisque libero lacus, varius et, euismod et, commodo at, libero. Morbi accumsan laoreet ipsum. Curabitur consequat, lectus sit amet luctus vulputate, nisi sem semper erat, in consectetuer ipsum nunc	3	189	2022-11-07 20:08:20
220	eleifend nec, malesuada	116	4301	scelerisque sed,	at sem molestie sodales. Mauris blandit enim consequat purus. Maecenas libero est, congue a, aliquet vel, vulputate eu, odio. Phasellus at augue id ante dictum cursus. Nunc mauris elit, dictum eu, eleifend nec, malesuada ut, sem. Nulla interdum. Curabitur dictum. Phasellus in felis. Nulla tempor augue ac ipsum. Phasellus vitae mauris sit amet lorem semper auctor. Mauris vel turpis. Aliquam adipiscing lobortis risus. In mi	8	293	2021-10-04 22:53:19
221	malesuada	329	3741	mi	tempor arcu. Vestibulum ut eros non enim commodo hendrerit. Donec porttitor tellus non magna. Nam ligula elit, pretium et, rutrum non, hendrerit id, ante. Nunc mauris sapien, cursus in, hendrerit consectetuer, cursus et, magna. Praesent interdum ligula eu enim. Etiam imperdiet dictum magna. Ut tincidunt orci quis lectus. Nullam suscipit, est ac facilisis facilisis, magna tellus faucibus leo, in lobortis tellus justo sit amet nulla. Donec non justo. Proin non	9	100	2022-07-05 07:30:38
222	vel est	170	4046	aliquet libero. Integer in	tincidunt pede ac urna. Ut tincidunt vehicula risus. Nulla eget metus eu erat semper rutrum. Fusce dolor quam, elementum	4	100	2021-08-25 17:17:51
223	id magna	291	2297	ac, eleifend	adipiscing elit. Curabitur sed tortor. Integer aliquam adipiscing lacus. Ut nec urna et arcu imperdiet ullamcorper. Duis at lacus. Quisque purus sapien, gravida non, sollicitudin a, malesuada id, erat. Etiam vestibulum massa rutrum magna. Cras convallis convallis dolor. Quisque tincidunt pede ac urna. Ut tincidunt vehicula risus. Nulla eget metus eu erat semper rutrum. Fusce dolor	9	272	2023-05-06 07:36:23
224	est. Nunc	237	9628	Sed diam lorem, auctor quis,	Nulla dignissim. Maecenas ornare egestas ligula. Nullam feugiat placerat velit. Quisque varius. Nam porttitor scelerisque neque. Nullam nisl. Maecenas malesuada fringilla est. Mauris eu turpis. Nulla aliquet. Proin velit. Sed malesuada augue ut	8	269	2023-02-01 08:15:41
225	fringilla purus mauris	339	5189	a, facilisis non,	blandit mattis. Cras eget nisi dictum augue malesuada malesuada. Integer id magna et ipsum cursus vestibulum. Mauris magna.	867	2023-01-01 17:08:57
226	vulputate velit	267	5783	in magna. Phasellus	in, hendrerit consectetuer, cursus et, magna. Praesent interdum ligula eu enim. Etiam imperdiet dictum magna. Ut tincidunt orci quis lectus. Nullam suscipit, est ac facilisis facilisis, magna tellus faucibus leo, in lobortis tellus justo sit amet nulla. Donec non justo. Proin non massa non ante bibendum ullamcorper. Duis cursus, diam at pretium aliquet, metus urna convallis erat, eget tincidunt dui augue eu tellus.	7	271	2022-09-06 21:16:29
262	In at	297	5933	mattis. Cras eget nisi dictum	nec ante blandit viverra. Donec tempus, lorem fringilla ornare placerat, orci lacus vestibulum lorem, sit amet ultricies sem magna nec quam. Curabitur vel lectus. Cum sociis natoque penatibus et magnis dis parturient montes,	2	264	2022-04-04 11:58:20
227	convallis est,	279	4546	Vivamus euismod urna. Nullam	eget varius ultrices, mauris ipsum porta elit, a feugiat tellus lorem eu metus. In lorem. Donec elementum, lorem ut aliquam iaculis, lacus pede sagittis augue, eu tempor erat neque non quam. Pellentesque habitant morbi tristique senectus et netus et malesuada fames ac turpis egestas. Aliquam fringilla cursus purus. Nullam scelerisque neque sed sem egestas blandit. Nam nulla magna, malesuada vel, convallis in, cursus et, eros. Proin ultrices. Duis volutpat nunc sit amet	5	92	2022-09-10 04:13:34
228	neque sed	198	7108	auctor	sit amet ornare lectus justo eu arcu. Morbi sit amet massa. Quisque porttitor eros nec tellus. Nunc lectus pede, ultrices a, auctor non, feugiat nec, diam. Duis mi enim, condimentum eget, volutpat ornare, facilisis eget, ipsum. Donec sollicitudin adipiscing ligula. Aenean gravida nunc sed pede. Cum sociis natoque penatibus et magnis dis parturient montes, nascetur ridiculus mus. Proin vel arcu eu odio tristique pharetra. Quisque ac libero nec ligula consectetuer rhoncus. Nullam velit dui, semper et, lacinia vitae, sodales at, velit. Pellentesque ultricies dignissim lacus. Aliquam rutrum lorem ac risus. Morbi metus. Vivamus euismod urna. Nullam lobortis quam	7	146	2021-10-05 11:05:38
229	nec, diam.	333	7966	arcu. Sed eu nibh	feugiat placerat velit. Quisque varius. Nam porttitor scelerisque neque. Nullam nisl. Maecenas malesuada fringilla est. Mauris eu turpis. Nulla aliquet. Proin velit. Sed malesuada augue ut lacus. Nulla tincidunt, neque vitae semper egestas, urna justo faucibus lectus, a sollicitudin orci sem eget massa. Suspendisse eleifend. Cras sed leo. Cras vehicula aliquet libero. Integer in magna. Phasellus dolor elit, pellentesque a, facilisis non, bibendum sed, est. Nunc laoreet lectus quis massa. Mauris vestibulum, neque sed dictum eleifend, nunc risus varius orci, in consequat enim diam vel arcu.	10	42	2022-01-14 03:26:14
230	Mauris eu	148	9831	pede. Cras vulputate velit	neque venenatis lacus. Etiam bibendum fermentum metus. Aenean sed pede nec ante blandit viverra. Donec tempus, lorem fringilla ornare placerat,	6	190	2022-02-20 11:34:22
231	interdum enim	262	9384	vitae aliquam eros turpis	metus facilisis lorem tristique aliquet. Phasellus fermentum convallis ligula. Donec luctus aliquet odio. Etiam ligula	9	152	2022-09-11 08:34:32
232	nunc.	232	7477	Mauris eu	rutrum. Fusce dolor quam, elementum at, egestas a, scelerisque sed, sapien. Nunc pulvinar arcu et pede. Nunc sed orci lobortis augue scelerisque mollis. Phasellus libero mauris, aliquam eu, accumsan sed, facilisis vitae, orci. Phasellus dapibus quam quis diam. Pellentesque habitant morbi tristique senectus et netus et malesuada fames ac turpis egestas.	772	2023-05-20 01:10:51
233	ullamcorper, velit in	343	1460	dolor. Nulla	sodales nisi magna sed dui. Fusce aliquam, enim nec tempus scelerisque, lorem ipsum sodales purus, in molestie tortor nibh sit amet orci. Ut sagittis lobortis mauris. Suspendisse aliquet molestie tellus. Aenean egestas hendrerit neque. In ornare sagittis felis. Donec tempor, est ac mattis semper, dui lectus rutrum urna, nec luctus felis purus ac tellus. Suspendisse sed dolor. Fusce mi lorem, vehicula et, rutrum eu, ultrices sit amet, risus. Donec nibh enim, gravida sit amet, dapibus id, blandit at, nisi. Cum sociis natoque	3	204	2021-09-27 22:18:58
234	consectetuer adipiscing elit.	125	7674	Fusce aliquet magna a	arcu. Morbi sit amet massa. Quisque porttitor eros nec tellus. Nunc lectus pede, ultrices a, auctor non, feugiat nec, diam. Duis mi enim, condimentum eget, volutpat ornare, facilisis eget, ipsum. Donec sollicitudin adipiscing ligula. Aenean gravida nunc sed pede. Cum sociis natoque penatibus et magnis dis parturient montes, nascetur ridiculus mus. Proin vel arcu eu odio	7	261	2022-10-06 18:23:28
235	ante. Nunc	313	3015	et ultrices posuere	ultrices. Vivamus rhoncus. Donec est. Nunc ullamcorper, velit in aliquet lobortis, nisi nibh lacinia orci, consectetuer euismod est arcu ac orci. Ut semper pretium neque. Morbi quis urna. Nunc quis arcu vel quam dignissim pharetra. Nam ac nulla. In tincidunt congue turpis. In condimentum. Donec at arcu. Vestibulum ante ipsum primis in faucibus orci luctus et ultrices posuere cubilia Curae Donec tincidunt. Donec vitae	2	141	2022-06-28 17:10:55
236	at,	309	2422	tincidunt orci quis	quis, pede. Praesent eu dui. Cum sociis natoque penatibus et magnis dis parturient montes, nascetur ridiculus mus. Aenean eget magna. Suspendisse tristique neque venenatis lacus. Etiam bibendum fermentum metus. Aenean sed pede nec ante blandit viverra. Donec tempus, lorem fringilla ornare placerat, orci lacus vestibulum lorem, sit amet ultricies sem magna nec quam. Curabitur vel lectus. Cum sociis natoque penatibus et	6	94	2021-05-22 22:19:13
237	ac mattis	248	9856	aliquet odio. Etiam	In at pede. Cras vulputate velit eu sem. Pellentesque ut ipsum ac mi eleifend egestas. Sed pharetra, felis eget varius ultrices, mauris ipsum porta elit, a feugiat tellus lorem eu metus. In lorem. Donec elementum, lorem ut aliquam iaculis, lacus pede sagittis augue, eu tempor erat neque non quam. Pellentesque habitant morbi	7	282	2022-01-21 07:25:15
238	ante dictum	320	6938	facilisis non, bibendum	netus et malesuada fames ac turpis egestas. Fusce aliquet magna a neque. Nullam ut nisi a odio semper cursus. Integer mollis. Integer tincidunt aliquam arcu. Aliquam ultrices iaculis odio. Nam interdum enim non	7	236	2022-06-20 18:48:46
239	cursus a,	261	4868	enim. Sed nulla ante,	placerat, augue. Sed molestie. Sed id risus quis diam luctus lobortis. Class aptent taciti sociosqu ad litora torquent per conubia nostra, per inceptos hymenaeos. Mauris ut quam vel sapien imperdiet ornare. In faucibus. Morbi vehicula. Pellentesque tincidunt tempus risus. Donec egestas. Duis ac arcu. Nunc mauris. Morbi non sapien molestie orci tincidunt adipiscing. Mauris	3	131	2023-01-15 01:18:47
240	enim	351	4512	facilisis vitae, orci.	volutpat nunc sit amet metus. Aliquam erat volutpat. Nulla facilisis. Suspendisse commodo tincidunt nibh. Phasellus nulla. Integer vulputate, risus a ultricies adipiscing, enim mi tempor lorem, eget mollis lectus pede et risus. Quisque libero lacus, varius et, euismod et, commodo at, libero. Morbi accumsan laoreet ipsum. Curabitur consequat, lectus sit amet luctus vulputate, nisi sem semper erat, in consectetuer ipsum nunc id enim. Curabitur massa. Vestibulum accumsan neque et nunc. Quisque ornare tortor at risus. Nunc ac sem ut dolor dapibus gravida. Aliquam tincidunt, nunc ac	8	64	2023-02-06 04:14:44
241	amet,	118	1066	lectus pede, ultrices a,	non, sollicitudin a, malesuada id, erat. Etiam vestibulum massa rutrum magna. Cras convallis convallis dolor. Quisque tincidunt pede ac urna. Ut tincidunt vehicula risus. Nulla eget metus eu erat semper rutrum. Fusce dolor quam, elementum at, egestas a, scelerisque sed, sapien. Nunc pulvinar arcu et pede. Nunc sed orci lobortis augue scelerisque mollis. Phasellus libero mauris, aliquam eu, accumsan sed, facilisis vitae, orci. Phasellus dapibus quam quis diam. Pellentesque habitant morbi tristique senectus et netus et malesuada fames ac turpis egestas. Fusce aliquet magna a	6	219	2021-09-05 13:31:02
242	erat, in	386	257	volutpat. Nulla dignissim. Maecenas	Suspendisse sagittis. Nullam vitae diam. Proin dolor. Nulla semper tellus id nunc interdum feugiat. Sed nec metus facilisis lorem tristique aliquet. Phasellus fermentum convallis ligula. Donec luctus aliquet odio. Etiam ligula tortor, dictum eu, placerat eget, venenatis a, magna. Lorem ipsum dolor sit amet, consectetuer adipiscing elit. Etiam laoreet, libero et tristique pellentesque,	8	209	2023-02-20 16:20:12
244	Fusce dolor quam,	210	2794	ultricies ligula. Nullam	Cras vulputate velit eu sem. Pellentesque ut ipsum ac mi eleifend egestas. Sed pharetra, felis eget varius ultrices, mauris ipsum porta elit, a feugiat tellus lorem eu metus. In lorem. Donec elementum, lorem ut aliquam iaculis, lacus pede sagittis augue, eu tempor erat neque non quam. Pellentesque habitant morbi tristique senectus et netus et malesuada fames ac turpis egestas. Aliquam fringilla cursus purus. Nullam scelerisque neque sed sem egestas blandit. Nam nulla magna, malesuada vel, convallis in, cursus et, eros. Proin ultrices. Duis volutpat nunc sit amet metus. Aliquam erat volutpat. Nulla facilisis. Suspendisse commodo tincidunt nibh. Phasellus	5	118	2021-05-24 17:56:25
245	Phasellus	223	358	sit amet ornare	at lacus. Quisque purus sapien, gravida non, sollicitudin a, malesuada id, erat. Etiam vestibulum massa rutrum magna. Cras convallis convallis dolor. Quisque tincidunt pede ac urna. Ut tincidunt vehicula risus. Nulla eget metus eu erat semper rutrum. Fusce dolor quam, elementum at, egestas a, scelerisque sed, sapien. Nunc pulvinar arcu et pede. Nunc sed orci lobortis augue scelerisque mollis. Phasellus libero mauris, aliquam eu, accumsan sed, facilisis vitae, orci. Phasellus dapibus quam quis diam. Pellentesque habitant morbi tristique senectus et netus et malesuada fames ac turpis egestas. Fusce aliquet magna a neque. Nullam ut	7	58	2021-10-31 04:23:51
246	interdum feugiat.	190	2691	amet, faucibus ut,	Phasellus ornare. Fusce mollis. Duis sit amet diam eu dolor egestas rhoncus. Proin nisl sem, consequat nec, mollis vitae, posuere at, velit. Cras lorem lorem, luctus ut, pellentesque eget, dictum placerat, augue. Sed molestie. Sed	3	47	2022-09-20 08:45:55
247	Sed eu	361	357	sollicitudin	morbi tristique senectus et netus et malesuada fames ac turpis egestas. Aliquam fringilla cursus purus. Nullam scelerisque neque sed sem egestas blandit. Nam nulla magna, malesuada vel, convallis in, cursus et, eros. Proin ultrices. Duis volutpat nunc sit amet metus. Aliquam erat volutpat. Nulla facilisis. Suspendisse commodo tincidunt nibh. Phasellus nulla. Integer vulputate, risus a ultricies adipiscing, enim mi tempor lorem, eget mollis lectus pede et risus. Quisque libero lacus, varius	6	140	2023-01-09 02:09:45
248	dolor elit,	341	1909	malesuada ut, sem.	vel, faucibus id, libero. Donec consectetuer mauris id sapien. Cras dolor dolor, tempus non, lacinia at, iaculis quis, pede. Praesent eu dui. Cum sociis natoque penatibus	4	260	2023-04-21 02:57:33
249	suscipit	113	1182	fringilla euismod	vulputate, nisi sem semper erat, in consectetuer ipsum nunc id enim. Curabitur massa. Vestibulum accumsan neque et nunc. Quisque ornare tortor at risus. Nunc ac sem ut dolor dapibus gravida. Aliquam tincidunt, nunc ac mattis ornare, lectus ante dictum mi, ac mattis velit justo nec ante. Maecenas mi felis, adipiscing fringilla, porttitor vulputate, posuere vulputate, lacus. Cras interdum. Nunc sollicitudin commodo ipsum. Suspendisse non leo. Vivamus nibh dolor, nonummy ac, feugiat non, lobortis quis, pede. Suspendisse dui. Fusce diam nunc, ullamcorper eu, euismod ac, fermentum vel, mauris. Integer sem elit,	3	160	2022-12-15 02:50:34
250	quis accumsan	150	1791	sed pede. Cum	malesuada fames ac turpis egestas. Aliquam fringilla cursus purus. Nullam scelerisque neque sed sem egestas blandit. Nam nulla magna, malesuada vel,	3	261	2021-12-28 08:12:40
251	aliquam eu, accumsan	341	1589	porttitor eros nec tellus. Nunc	pretium aliquet, metus urna convallis erat, eget tincidunt dui augue eu tellus. Phasellus elit pede, malesuada vel, venenatis vel, faucibus id, libero. Donec consectetuer mauris id sapien. Cras dolor dolor, tempus non, lacinia at, iaculis quis, pede. Praesent eu dui. Cum sociis natoque penatibus et magnis dis	6	270	2022-01-22 08:09:04
252	Phasellus fermentum	142	9481	hendrerit a, arcu.	Nunc ac sem ut dolor dapibus gravida. Aliquam tincidunt, nunc ac mattis ornare, lectus ante dictum mi, ac mattis velit justo nec ante. Maecenas mi felis, adipiscing fringilla, porttitor vulputate, posuere vulputate,	5	270	2022-04-01 01:43:50
253	neque. Nullam ut	339	5875	accumsan laoreet ipsum. Curabitur consequat,	non, cursus non, egestas a, dui. Cras pellentesque. Sed dictum. Proin eget odio. Aliquam vulputate ullamcorper magna. Sed eu eros. Nam consequat dolor vitae dolor. Donec fringilla. Donec feugiat metus sit amet ante. Vivamus non lorem vitae odio sagittis	1	33	2021-07-18 10:42:59
254	vestibulum	311	151	ut eros	tincidunt dui augue eu tellus. Phasellus elit pede, malesuada vel, venenatis vel, faucibus id, libero. Donec consectetuer mauris id sapien. Cras dolor dolor, tempus non, lacinia at, iaculis quis, pede. Praesent eu dui. Cum sociis natoque penatibus et magnis dis parturient montes, nascetur ridiculus mus. Aenean eget magna. Suspendisse tristique neque venenatis lacus. Etiam bibendum fermentum metus. Aenean sed pede nec ante blandit viverra. Donec tempus, lorem fringilla ornare placerat, orci lacus vestibulum lorem, sit amet ultricies sem magna nec quam. Curabitur vel lectus. Cum sociis natoque penatibus et magnis dis parturient montes, nascetur	4	274	2021-11-09 12:35:55
255	Nullam scelerisque neque	154	4514	Nulla tincidunt, neque	ultricies sem magna nec quam. Curabitur vel lectus. Cum sociis natoque penatibus et magnis dis parturient montes, nascetur ridiculus mus. Donec dignissim magna a tortor. Nunc commodo auctor velit. Aliquam nisl. Nulla eu neque pellentesque massa lobortis ultrices. Vivamus rhoncus. Donec est. Nunc ullamcorper, velit in aliquet lobortis, nisi nibh lacinia orci, consectetuer euismod est	7	165	2022-06-03 09:33:07
256	pede. Nunc	248	9338	arcu. Vestibulum ante	convallis ligula. Donec luctus aliquet odio. Etiam ligula tortor, dictum eu, placerat eget, venenatis a, magna. Lorem ipsum dolor sit amet, consectetuer	5	78	2021-07-05 06:53:00
257	aliquet, metus urna	205	7970	malesuada fringilla	Vivamus nibh dolor, nonummy ac, feugiat non, lobortis quis, pede. Suspendisse dui. Fusce diam nunc, ullamcorper eu, euismod ac, fermentum vel, mauris. Integer sem elit, pharetra ut, pharetra sed, hendrerit a, arcu. Sed et libero. Proin mi. Aliquam gravida mauris ut mi. Duis risus odio, auctor vitae,	1	276	2022-05-19 13:29:14
258	Proin	237	4892	Donec	diam luctus lobortis. Class aptent taciti sociosqu ad litora torquent per conubia nostra, per inceptos hymenaeos. Mauris ut quam vel sapien imperdiet ornare. In faucibus.	6	214	2023-05-04 17:45:49
259	libero.	281	9584	gravida non,	mauris sit amet lorem semper auctor. Mauris vel turpis. Aliquam adipiscing lobortis risus. In mi pede, nonummy ut, molestie in, tempus eu, ligula. Aenean euismod mauris eu elit. Nulla facilisi. Sed neque. Sed eget	3	77	2022-07-06 04:28:24
260	eu erat semper	210	4679	mauris, rhoncus id,	Integer urna. Vivamus molestie dapibus ligula. Aliquam erat volutpat. Nulla dignissim. Maecenas ornare egestas ligula. Nullam feugiat placerat velit. Quisque varius. Nam porttitor scelerisque neque. Nullam nisl. Maecenas malesuada fringilla est. Mauris eu turpis. Nulla aliquet. Proin velit. Sed malesuada augue ut lacus. Nulla tincidunt, neque vitae semper egestas, urna justo faucibus lectus, a sollicitudin orci sem eget massa. Suspendisse eleifend. Cras sed leo. Cras vehicula aliquet libero. Integer in magna. Phasellus dolor elit, pellentesque a, facilisis non, bibendum sed, est. Nunc laoreet lectus quis massa. Mauris vestibulum, neque sed dictum eleifend, nunc risus varius	3	72	2022-06-16 14:07:04
263	Lorem ipsum dolor	308	9261	facilisis eget, ipsum.	cursus et, magna. Praesent interdum ligula eu enim. Etiam imperdiet dictum magna. Ut tincidunt orci quis lectus. Nullam suscipit, est ac facilisis facilisis, magna tellus faucibus leo, in lobortis tellus justo sit amet nulla. Donec non justo. Proin non massa non ante bibendum ullamcorper. Duis cursus, diam at pretium aliquet, metus urna convallis erat, eget tincidunt dui augue eu tellus. Phasellus elit pede, malesuada vel, venenatis vel, faucibus id, libero. Donec consectetuer mauris	9	194	2021-06-24 08:53:28
264	nibh. Donec	106	2582	sem magna nec quam.	nunc nulla vulputate dui, nec tempus mauris erat eget ipsum. Suspendisse sagittis. Nullam vitae diam. Proin dolor. Nulla semper tellus id nunc interdum feugiat. Sed nec metus facilisis lorem tristique aliquet. Phasellus fermentum convallis ligula. Donec luctus aliquet odio. Etiam ligula tortor, dictum eu, placerat eget, venenatis a, magna. Lorem ipsum dolor sit amet, consectetuer adipiscing elit. Etiam laoreet, libero et tristique	10	2	2022-07-30 04:23:46
265	Phasellus	321	2193	Praesent eu nulla at sem	id enim. Curabitur massa. Vestibulum accumsan neque et nunc. Quisque ornare tortor at risus. Nunc ac sem ut dolor dapibus gravida. Aliquam tincidunt, nunc ac mattis ornare, lectus ante dictum mi, ac mattis velit justo nec ante. Maecenas mi felis, adipiscing fringilla, porttitor vulputate, posuere vulputate, lacus. Cras interdum. Nunc sollicitudin commodo ipsum. Suspendisse non leo. Vivamus nibh dolor, nonummy ac, feugiat non, lobortis quis, pede. Suspendisse dui. Fusce diam nunc, ullamcorper eu, euismod ac, fermentum vel, mauris. Integer	7	2	2022-06-09 02:55:44
266	nunc sed	209	6824	posuere cubilia Curae	Sed eu nibh vulputate mauris sagittis placerat. Cras dictum ultricies ligula. Nullam enim. Sed nulla ante, iaculis nec, eleifend non, dapibus rutrum, justo. Praesent luctus. Curabitur egestas nunc sed libero. Proin sed turpis nec mauris blandit mattis. Cras eget nisi dictum augue malesuada malesuada. Integer id	4	160	2022-04-04 22:55:40
267	in,	115	4801	diam. Pellentesque	sagittis. Nullam vitae diam. Proin dolor. Nulla semper tellus id nunc interdum feugiat. Sed nec metus facilisis lorem tristique aliquet. Phasellus fermentum convallis ligula. Donec luctus aliquet odio. Etiam ligula tortor, dictum eu, placerat eget,	2	187	2022-05-05 06:14:29
268	facilisi. Sed	151	8225	elit	Pellentesque ultricies dignissim lacus. Aliquam rutrum lorem ac risus. Morbi metus. Vivamus euismod urna. Nullam lobortis quam a felis ullamcorper viverra. Maecenas iaculis aliquet diam. Sed diam lorem, auctor quis, tristique ac, eleifend vitae, erat. Vivamus nisi. Mauris nulla. Integer urna. Vivamus molestie dapibus ligula. Aliquam erat volutpat. Nulla dignissim. Maecenas ornare egestas ligula. Nullam feugiat placerat velit. Quisque varius. Nam porttitor scelerisque	5	175	2022-11-15 08:58:37
269	ornare tortor at	322	2745	semper rutrum. Fusce dolor	magna tellus faucibus leo, in lobortis tellus justo sit amet nulla. Donec non justo. Proin non massa non ante bibendum ullamcorper. Duis cursus, diam at pretium aliquet, metus urna convallis erat, eget tincidunt dui augue eu tellus. Phasellus elit pede, malesuada vel, venenatis vel, faucibus id, libero. Donec consectetuer mauris id sapien. Cras dolor dolor, tempus non, lacinia at, iaculis quis, pede. Praesent eu dui. Cum sociis natoque penatibus	7	72	2021-10-22 13:16:47
270	Etiam laoreet, libero	142	3133	libero mauris, aliquam eu,	id ante dictum cursus. Nunc mauris elit, dictum eu, eleifend nec, malesuada ut, sem. Nulla interdum. Curabitur dictum. Phasellus in felis. Nulla tempor augue ac ipsum. Phasellus vitae mauris sit amet lorem semper auctor. Mauris vel turpis. Aliquam adipiscing lobortis risus. In mi pede, nonummy ut, molestie in, tempus eu, ligula. Aenean euismod mauris eu elit. Nulla facilisi. Sed neque. Sed eget lacus. Mauris non dui nec urna suscipit nonummy. Fusce fermentum fermentum arcu. Vestibulum ante ipsum primis in faucibus orci luctus et ultrices posuere cubilia Curae	9	290	2022-08-29 07:20:49
271	congue, elit	192	1563	consectetuer, cursus et,	Quisque purus sapien, gravida non, sollicitudin a, malesuada id, erat. Etiam vestibulum massa rutrum magna. Cras convallis convallis dolor. Quisque tincidunt pede ac urna. Ut tincidunt vehicula risus. Nulla eget metus eu erat semper rutrum. Fusce dolor quam, elementum at, egestas a, scelerisque sed, sapien. Nunc pulvinar arcu et pede. Nunc sed orci lobortis augue	2	282	2022-02-23 13:34:41
272	risus. Duis	324	751	molestie dapibus	sem. Pellentesque ut ipsum ac mi eleifend egestas. Sed pharetra, felis eget varius ultrices, mauris ipsum porta elit, a feugiat tellus lorem eu metus. In lorem. Donec elementum, lorem ut aliquam iaculis, lacus pede sagittis augue, eu tempor erat neque non quam. Pellentesque habitant morbi tristique senectus et netus et malesuada fames	7144	2022-09-13 08:57:53
273	Sed diam	165	8864	fermentum fermentum arcu.	leo. Cras vehicula aliquet libero. Integer in magna. Phasellus dolor elit, pellentesque a, facilisis non, bibendum sed, est. Nunc laoreet lectus quis massa. Mauris vestibulum, neque sed dictum eleifend, nunc risus varius orci, in consequat enim diam vel arcu. Curabitur ut odio vel est tempor bibendum. Donec felis orci, adipiscing non, luctus sit amet, faucibus ut, nulla. Cras eu tellus eu augue porttitor interdum. Sed auctor odio a purus. Duis elementum, dui quis accumsan convallis, ante lectus convallis	9	289	2022-01-01 09:45:02
274	et, rutrum	106	8884	turpis egestas. Aliquam fringilla cursus	libero et tristique pellentesque, tellus sem mollis dui, in sodales elit erat vitae risus. Duis a mi fringilla mi lacinia mattis. Integer eu lacus. Quisque imperdiet, erat nonummy ultricies ornare, elit elit fermentum risus, at fringilla purus mauris a nunc. In at pede. Cras vulputate velit eu sem. Pellentesque ut ipsum ac mi eleifend egestas. Sed pharetra, felis eget varius ultrices,	2	89	2021-08-11 10:00:52
275	mi fringilla	261	3623	eu, placerat	tincidunt orci quis lectus. Nullam suscipit, est ac facilisis facilisis, magna tellus faucibus leo, in lobortis tellus justo sit amet nulla. Donec non justo. Proin non massa non ante bibendum ullamcorper. Duis cursus, diam at pretium aliquet, metus urna convallis erat, eget tincidunt dui augue eu tellus. Phasellus elit pede, malesuada vel, venenatis vel, faucibus id, libero. Donec consectetuer mauris id sapien. Cras dolor dolor, tempus non, lacinia at, iaculis quis, pede. Praesent eu dui.	10	14	2023-02-15 19:25:15
276	a, magna. Lorem	353	7184	at augue id ante dictum	erat volutpat. Nulla dignissim. Maecenas ornare egestas ligula. Nullam feugiat placerat velit. Quisque varius. Nam porttitor scelerisque neque. Nullam nisl. Maecenas malesuada fringilla est. Mauris eu turpis. Nulla aliquet. Proin velit. Sed malesuada augue ut lacus. Nulla tincidunt, neque vitae semper egestas, urna justo faucibus lectus, a sollicitudin orci sem eget massa. Suspendisse eleifend. Cras sed leo. Cras vehicula aliquet libero. Integer in magna. Phasellus dolor elit, pellentesque a, facilisis non, bibendum sed, est. Nunc laoreet lectus quis massa. Mauris vestibulum, neque sed dictum eleifend, nunc risus varius orci, in consequat enim	1	292	2021-10-27 07:14:21
277	sodales. Mauris	194	2955	orci lacus vestibulum	Donec tempus, lorem fringilla ornare placerat, orci lacus vestibulum lorem, sit amet ultricies sem magna nec quam. Curabitur vel lectus. Cum sociis natoque penatibus et magnis dis parturient montes, nascetur ridiculus mus. Donec dignissim magna a tortor. Nunc commodo auctor velit. Aliquam nisl. Nulla eu neque pellentesque massa lobortis ultrices. Vivamus rhoncus. Donec est. Nunc ullamcorper, velit	8	268	2022-05-07 23:19:44
278	Fusce dolor	234	4581	malesuada ut, sem. Nulla	lacus. Quisque purus sapien, gravida non, sollicitudin a, malesuada id, erat. Etiam vestibulum massa rutrum magna. Cras convallis convallis dolor.	2	145	2023-03-16 10:48:05
279	orci, in	261	1786	non, feugiat	ipsum. Donec sollicitudin adipiscing ligula. Aenean gravida nunc sed pede. Cum sociis natoque penatibus et magnis dis parturient montes, nascetur ridiculus mus. Proin vel arcu eu odio tristique pharetra. Quisque ac libero nec ligula consectetuer rhoncus. Nullam velit dui, semper et, lacinia vitae, sodales at, velit. Pellentesque ultricies dignissim lacus. Aliquam rutrum lorem ac risus. Morbi metus. Vivamus euismod urna. Nullam lobortis quam a felis ullamcorper viverra. Maecenas iaculis aliquet diam. Sed diam lorem, auctor quis, tristique ac, eleifend vitae, erat. Vivamus nisi. Mauris nulla.	7	294	2021-06-06 02:08:32
280	adipiscing non,	351	8933	hendrerit neque.	arcu. Morbi sit amet massa. Quisque porttitor eros nec tellus. Nunc lectus pede, ultrices a, auctor non, feugiat nec, diam. Duis mi enim, condimentum eget,	8	224	2021-11-15 06:00:49
281	non enim.	392	1141	nec enim.	ipsum dolor sit amet, consectetuer adipiscing elit. Etiam laoreet, libero et tristique pellentesque, tellus sem mollis dui, in sodales elit erat vitae risus. Duis a mi fringilla mi lacinia mattis. Integer eu lacus. Quisque imperdiet, erat nonummy ultricies ornare, elit elit fermentum risus, at fringilla purus mauris a nunc. In at pede. Cras	7210	2021-07-11 08:00:55
282	Suspendisse aliquet,	312	4575	Cum sociis	sem elit, pharetra ut, pharetra sed, hendrerit a, arcu. Sed et libero. Proin mi. Aliquam gravida mauris ut mi.	3	266	2023-04-14 00:19:17
283	Nulla eu	358	9812	sem ut	nec, mollis vitae, posuere at, velit. Cras lorem lorem, luctus ut, pellentesque eget, dictum placerat, augue. Sed molestie. Sed id risus quis diam luctus lobortis. Class aptent taciti sociosqu ad litora torquent per conubia nostra, per inceptos hymenaeos. Mauris ut quam vel sapien imperdiet ornare. In faucibus.	9	3	2022-02-02 23:44:56
284	Donec at	269	300	risus. Donec nibh	blandit at, nisi. Cum sociis natoque penatibus et magnis dis parturient montes, nascetur ridiculus mus. Proin vel nisl. Quisque fringilla euismod enim. Etiam gravida molestie arcu. Sed eu nibh vulputate mauris sagittis placerat. Cras dictum ultricies ligula. Nullam enim. Sed nulla ante, iaculis nec, eleifend non, dapibus rutrum, justo. Praesent luctus. Curabitur egestas nunc sed libero.	4	58	2021-07-09 14:32:31
285	lobortis quam	237	9820	Vestibulum accumsan neque et	sed leo. Cras vehicula aliquet libero. Integer in magna. Phasellus dolor elit, pellentesque a, facilisis non, bibendum sed, est. Nunc laoreet lectus quis massa. Mauris vestibulum, neque sed dictum eleifend, nunc risus varius orci, in consequat enim diam vel arcu. Curabitur ut odio vel est tempor bibendum. Donec felis orci, adipiscing non, luctus sit amet, faucibus ut, nulla. Cras eu tellus eu augue porttitor interdum. Sed auctor odio a purus.	8	208	2022-03-03 11:08:13
286	dui lectus	180	4558	erat,	nonummy ut, molestie in, tempus eu, ligula. Aenean euismod mauris eu elit. Nulla facilisi. Sed neque. Sed eget lacus. Mauris non dui nec urna suscipit nonummy. Fusce fermentum fermentum arcu. Vestibulum ante ipsum primis in faucibus orci luctus et	2	197	2022-03-22 00:17:38
287	sagittis. Duis	199	8845	ridiculus mus. Proin	mollis vitae, posuere at, velit. Cras lorem lorem, luctus ut, pellentesque eget, dictum placerat, augue. Sed molestie. Sed id risus quis diam luctus lobortis. Class aptent taciti sociosqu ad litora torquent per conubia nostra, per inceptos hymenaeos. Mauris ut quam vel sapien imperdiet ornare. In faucibus. Morbi vehicula. Pellentesque tincidunt tempus risus. Donec egestas. Duis ac arcu. Nunc mauris. Morbi non sapien molestie orci tincidunt adipiscing. Mauris molestie pharetra nibh. Aliquam ornare, libero at auctor ullamcorper, nisl arcu iaculis enim, sit amet ornare lectus justo eu arcu. Morbi	8	159	2023-05-21 16:36:36
288	risus. Nunc	163	9804	In tincidunt congue turpis.	at auctor ullamcorper, nisl arcu iaculis enim, sit amet ornare lectus justo eu arcu. Morbi sit amet massa. Quisque porttitor eros nec tellus. Nunc lectus pede, ultrices a, auctor non,	4	172	2022-10-26 11:22:32
289	felis ullamcorper	144	3911	magna tellus faucibus	tincidunt, neque vitae semper egestas, urna justo faucibus lectus, a sollicitudin orci sem eget massa. Suspendisse eleifend. Cras sed leo. Cras vehicula aliquet libero. Integer in magna. Phasellus dolor elit, pellentesque a, facilisis non, bibendum sed, est. Nunc laoreet lectus quis massa. Mauris vestibulum, neque sed dictum eleifend, nunc risus varius orci, in consequat enim diam vel arcu. Curabitur ut odio vel est tempor bibendum. Donec felis orci, adipiscing non, luctus sit amet, faucibus ut, nulla. Cras eu tellus eu augue porttitor interdum. Sed auctor odio a purus. Duis elementum, dui quis	1	52	2022-10-27 03:14:08
290	Nulla	166	416	Mauris non dui nec	odio semper cursus. Integer mollis. Integer tincidunt aliquam arcu. Aliquam ultrices iaculis odio. Nam interdum enim non nisi. Aenean eget metus. In nec orci. Donec nibh. Quisque nonummy ipsum non arcu. Vivamus sit amet risus. Donec egestas. Aliquam nec enim. Nunc ut erat. Sed nunc est, mollis non, cursus non, egestas a, dui. Cras pellentesque. Sed dictum. Proin eget odio. Aliquam vulputate ullamcorper magna. Sed eu eros. Nam consequat dolor vitae dolor. Donec fringilla. Donec feugiat metus sit amet ante. Vivamus non lorem vitae odio sagittis semper. Nam tempor diam dictum sapien. Aenean massa.	9	40	2021-09-17 15:09:55
291	dolor sit	224	4921	semper pretium neque. Morbi	risus. Morbi metus. Vivamus euismod urna. Nullam lobortis quam a felis ullamcorper viverra. Maecenas iaculis aliquet diam. Sed diam lorem, auctor quis, tristique ac, eleifend vitae, erat. Vivamus nisi. Mauris	4	174	2022-02-26 06:29:54
292	Nullam lobortis quam	166	2437	ligula. Nullam enim.	ut, pellentesque eget, dictum placerat, augue. Sed molestie. Sed id risus quis diam luctus lobortis. Class aptent taciti sociosqu ad litora torquent per conubia nostra, per inceptos hymenaeos. Mauris ut quam vel sapien imperdiet ornare. In faucibus. Morbi vehicula. Pellentesque tincidunt tempus risus. Donec egestas. Duis ac arcu. Nunc mauris. Morbi non sapien molestie orci tincidunt adipiscing. Mauris molestie pharetra nibh. Aliquam ornare, libero at auctor ullamcorper, nisl arcu iaculis enim, sit amet ornare lectus justo eu arcu. Morbi sit amet massa. Quisque porttitor	7	259	2022-12-07 12:06:17
293	justo.	256	1534	adipiscing fringilla, porttitor vulputate, posuere	eu, eleifend nec, malesuada ut, sem. Nulla interdum. Curabitur dictum. Phasellus in felis. Nulla tempor augue ac ipsum. Phasellus vitae mauris sit amet lorem semper auctor. Mauris vel turpis. Aliquam adipiscing lobortis risus. In mi pede, nonummy ut, molestie in, tempus eu, ligula. Aenean euismod mauris eu elit. Nulla facilisi. Sed neque. Sed eget lacus. Mauris non dui nec urna suscipit nonummy. Fusce fermentum fermentum arcu. Vestibulum ante ipsum primis in faucibus orci luctus et ultrices posuere cubilia	4133	2022-05-24 05:33:38
294	et malesuada fames	282	3313	eu	varius orci, in consequat enim diam vel arcu. Curabitur ut odio vel est tempor bibendum. Donec felis orci, adipiscing non, luctus sit amet, faucibus ut, nulla. Cras eu tellus eu augue porttitor interdum. Sed auctor odio a purus. Duis elementum, dui quis accumsan convallis, ante lectus convallis est, vitae sodales nisi magna sed dui. Fusce aliquam, enim nec tempus scelerisque, lorem ipsum sodales purus, in molestie tortor nibh sit amet orci.	2	268	2022-05-04 08:55:08
295	dictum. Proin	126	4994	magna. Lorem	molestie tortor nibh sit amet orci. Ut sagittis lobortis mauris. Suspendisse aliquet molestie tellus. Aenean egestas hendrerit neque. In ornare sagittis felis. Donec tempor, est ac mattis semper, dui lectus rutrum urna, nec luctus felis purus ac tellus. Suspendisse sed dolor. Fusce mi lorem, vehicula et, rutrum eu, ultrices sit amet, risus. Donec nibh enim, gravida sit amet, dapibus id, blandit at, nisi. Cum sociis natoque	2	209	2022-10-29 13:22:30
296	a, scelerisque	129	7002	bibendum. Donec felis	Nulla tincidunt, neque vitae semper egestas, urna justo faucibus lectus, a sollicitudin orci sem eget massa. Suspendisse eleifend. Cras sed leo. Cras vehicula aliquet libero. Integer in magna. Phasellus dolor elit, pellentesque a, facilisis non, bibendum sed, est. Nunc laoreet lectus	7	285	2022-02-20 18:35:29
297	ut aliquam	183	1569	convallis in, cursus et, eros.	in, hendrerit consectetuer, cursus et, magna. Praesent interdum ligula eu enim. Etiam imperdiet dictum magna. Ut tincidunt orci quis lectus. Nullam suscipit, est ac facilisis facilisis, magna tellus faucibus leo, in lobortis tellus justo sit amet nulla. Donec non justo. Proin non massa non ante bibendum ullamcorper. Duis cursus, diam at pretium aliquet, metus urna convallis erat, eget tincidunt dui augue	1	258	2022-07-25 13:13:25
298	dui. Cum	144	9673	tellus lorem eu metus. In	nec, malesuada ut, sem. Nulla interdum. Curabitur dictum. Phasellus in felis. Nulla tempor augue ac ipsum. Phasellus vitae mauris sit amet lorem semper auctor. Mauris vel turpis. Aliquam adipiscing lobortis risus. In mi pede, nonummy ut, molestie in, tempus eu, ligula. Aenean euismod mauris eu elit. Nulla facilisi. Sed neque. Sed eget lacus. Mauris non dui nec urna suscipit nonummy. Fusce fermentum fermentum arcu. Vestibulum ante ipsum primis in faucibus orci luctus et ultrices posuere cubilia Curae Phasellus ornare. Fusce mollis. Duis sit amet diam eu dolor egestas rhoncus. Proin nisl sem, consequat nec, mollis vitae, posuere at,	8	291	2021-05-23 21:17:22
299	facilisis, magna	278	2393	arcu. Vivamus sit amet risus.	Proin vel arcu eu odio tristique pharetra. Quisque ac libero nec ligula consectetuer rhoncus. Nullam velit dui, semper et, lacinia vitae, sodales at, velit. Pellentesque ultricies dignissim lacus. Aliquam rutrum lorem ac risus. Morbi metus. Vivamus euismod urna. Nullam lobortis quam a felis ullamcorper viverra. Maecenas iaculis aliquet diam. Sed diam lorem, auctor quis, tristique ac, eleifend vitae, erat. Vivamus nisi. Mauris nulla. Integer urna. Vivamus molestie dapibus ligula. Aliquam erat volutpat.	6	166	2023-05-11 01:49:08
300	placerat. Cras	234	5653	adipiscing fringilla, porttitor vulputate, posuere	ligula tortor, dictum eu, placerat eget, venenatis a, magna. Lorem ipsum dolor sit amet, consectetuer adipiscing elit. Etiam laoreet, libero et tristique pellentesque, tellus sem mollis dui, in sodales elit erat vitae risus. Duis a mi fringilla mi lacinia mattis. Integer eu	6	157	2023-04-14 21:25:35
301	molestie tellus. Aenean	172	3264	arcu vel quam	interdum. Sed auctor odio a purus. Duis elementum, dui quis accumsan convallis, ante lectus convallis est, vitae sodales nisi magna sed dui. Fusce aliquam, enim nec tempus scelerisque, lorem ipsum sodales purus, in molestie tortor nibh sit amet orci. Ut sagittis lobortis mauris. Suspendisse aliquet molestie tellus. Aenean egestas hendrerit neque. In	2	264	2021-07-22 02:00:10
302	consectetuer, cursus	237	1784	ligula. Aliquam erat	et magnis dis parturient montes, nascetur ridiculus mus. Donec dignissim magna a tortor. Nunc commodo auctor velit. Aliquam nisl. Nulla eu neque pellentesque massa lobortis ultrices. Vivamus rhoncus. Donec est. Nunc ullamcorper, velit in aliquet lobortis, nisi nibh lacinia	3	60	2021-12-12 19:41:01
303	felis. Donec	203	460	Nulla semper tellus id	Duis sit amet diam eu dolor egestas rhoncus. Proin nisl sem, consequat nec, mollis vitae, posuere at, velit. Cras lorem lorem, luctus ut, pellentesque	6	164	2022-08-07 13:49:25
304	parturient montes,	257	4423	purus sapien,	ac arcu. Nunc mauris. Morbi non sapien molestie orci tincidunt adipiscing. Mauris molestie pharetra nibh. Aliquam ornare, libero at auctor ullamcorper, nisl arcu iaculis enim, sit amet ornare lectus justo eu arcu. Morbi sit amet massa. Quisque porttitor eros nec tellus. Nunc lectus pede, ultrices a, auctor non, feugiat nec, diam. Duis mi enim, condimentum eget, volutpat ornare, facilisis eget, ipsum. Donec sollicitudin adipiscing ligula. Aenean gravida nunc sed pede. Cum sociis natoque penatibus et magnis dis parturient montes, nascetur ridiculus mus. Proin vel arcu eu odio tristique pharetra. Quisque ac libero	7	71	2022-03-28 15:15:01
305	tincidunt, nunc ac	351	9493	risus. Duis	magna et ipsum cursus vestibulum. Mauris magna. Duis dignissim tempor arcu. Vestibulum ut eros non enim commodo hendrerit. Donec porttitor tellus non magna. Nam ligula elit, pretium et, rutrum non, hendrerit id, ante. Nunc mauris sapien, cursus in, hendrerit consectetuer, cursus et, magna. Praesent interdum ligula eu enim. Etiam imperdiet dictum magna. Ut tincidunt orci quis lectus. Nullam suscipit, est ac facilisis facilisis, magna tellus faucibus leo, in lobortis tellus justo sit amet nulla. Donec non justo. Proin non massa non ante bibendum ullamcorper. Duis cursus,	3	110	2022-01-06 18:52:09
306	et magnis	386	1137	ultrices. Vivamus rhoncus. Donec	est ac mattis semper, dui lectus rutrum urna, nec luctus felis purus ac tellus. Suspendisse sed dolor. Fusce mi lorem, vehicula et, rutrum eu, ultrices sit amet, risus. Donec nibh enim, gravida sit amet, dapibus id, blandit at, nisi. Cum sociis natoque penatibus et magnis dis parturient	8	198	2022-03-23 01:32:19
307	dignissim magna a	240	6153	ornare.	Integer aliquam adipiscing lacus. Ut nec urna et arcu imperdiet ullamcorper. Duis at lacus. Quisque purus sapien, gravida non, sollicitudin a, malesuada id, erat. Etiam vestibulum massa rutrum magna. Cras convallis convallis dolor. Quisque tincidunt pede ac urna. Ut tincidunt vehicula risus. Nulla eget metus eu erat semper rutrum. Fusce dolor quam, elementum at, egestas a, scelerisque sed, sapien. Nunc pulvinar arcu et pede. Nunc sed orci lobortis augue scelerisque mollis. Phasellus libero mauris, aliquam eu, accumsan sed, facilisis vitae, orci. Phasellus dapibus quam quis	3	208	2022-02-28 20:35:52
308	fermentum	176	5005	dictum ultricies	ipsum sodales purus, in molestie tortor nibh sit amet orci. Ut sagittis lobortis mauris. Suspendisse aliquet molestie tellus. Aenean egestas hendrerit neque. In ornare sagittis felis. Donec tempor, est ac mattis semper, dui lectus rutrum urna, nec luctus felis purus ac tellus. Suspendisse sed dolor. Fusce mi lorem, vehicula et, rutrum eu, ultrices	6	281	2021-05-26 13:19:06
309	a tortor.	318	4802	sem, vitae aliquam eros	risus. In mi pede, nonummy ut, molestie in, tempus eu, ligula. Aenean euismod mauris eu elit. Nulla facilisi. Sed neque. Sed eget lacus. Mauris non dui nec urna suscipit nonummy. Fusce fermentum fermentum arcu. Vestibulum ante ipsum primis in faucibus orci luctus et ultrices posuere cubilia Curae Phasellus ornare. Fusce mollis. Duis sit amet diam eu dolor egestas rhoncus. Proin	10	172	2021-08-22 13:19:56
310	magna.	318	6101	egestas, urna justo faucibus	a tortor. Nunc commodo auctor velit. Aliquam nisl. Nulla eu neque pellentesque massa lobortis ultrices. Vivamus rhoncus. Donec est. Nunc ullamcorper, velit in aliquet lobortis, nisi nibh lacinia orci, consectetuer euismod est arcu ac orci. Ut semper pretium neque. Morbi quis urna. Nunc quis arcu vel quam dignissim pharetra. Nam ac nulla. In tincidunt congue turpis. In condimentum. Donec at arcu. Vestibulum ante ipsum primis in faucibus orci luctus et ultrices posuere cubilia Curae Donec tincidunt. Donec vitae erat vel pede blandit congue. In scelerisque scelerisque dui. Suspendisse ac metus vitae velit egestas lacinia. Sed congue, elit sed	10	229	2022-10-13 11:16:43
311	viverra. Maecenas	270	120	sit amet	sodales nisi magna sed dui. Fusce aliquam, enim nec tempus scelerisque, lorem ipsum sodales purus, in molestie tortor nibh sit amet orci. Ut sagittis lobortis mauris. Suspendisse aliquet molestie tellus. Aenean egestas hendrerit neque. In ornare sagittis felis. Donec tempor, est ac mattis semper, dui lectus rutrum urna, nec luctus felis purus ac tellus. Suspendisse sed dolor. Fusce mi lorem, vehicula et, rutrum eu, ultrices sit amet, risus. Donec nibh enim, gravida sit	4	161	2022-11-21 12:12:45
312	elementum	311	7860	amet, risus. Donec	amet luctus vulputate, nisi sem semper erat, in consectetuer ipsum nunc id enim. Curabitur massa. Vestibulum accumsan neque et nunc. Quisque ornare tortor at risus. Nunc ac sem ut dolor dapibus gravida. Aliquam tincidunt, nunc ac mattis ornare, lectus ante dictum mi, ac mattis velit justo nec ante. Maecenas mi felis, adipiscing fringilla, porttitor vulputate, posuere vulputate, lacus. Cras	5	180	2022-08-21 09:33:52
313	erat, eget	213	3060	euismod et, commodo at,	metus. In lorem. Donec elementum, lorem ut aliquam iaculis, lacus pede sagittis augue, eu tempor erat neque non quam. Pellentesque habitant morbi tristique senectus et netus et malesuada fames ac turpis egestas. Aliquam fringilla cursus purus. Nullam scelerisque neque sed sem egestas blandit. Nam nulla magna, malesuada vel, convallis in, cursus et, eros. Proin ultrices. Duis volutpat nunc sit amet metus. Aliquam erat volutpat. Nulla facilisis. Suspendisse commodo tincidunt nibh. Phasellus nulla. Integer vulputate, risus a ultricies adipiscing, enim mi tempor lorem, eget mollis lectus pede et risus. Quisque	8	22	2023-02-16 10:27:14
314	eu metus. In	246	5204	augue scelerisque	congue, elit sed consequat auctor, nunc nulla vulputate dui, nec tempus mauris erat eget ipsum. Suspendisse sagittis. Nullam vitae diam. Proin dolor. Nulla semper tellus id nunc interdum feugiat. Sed nec metus facilisis lorem tristique aliquet. Phasellus fermentum convallis ligula. Donec luctus aliquet odio. Etiam ligula tortor, dictum eu, placerat eget, venenatis a, magna. Lorem ipsum dolor sit amet, consectetuer adipiscing elit. Etiam laoreet, libero et tristique pellentesque, tellus sem	1	14	2021-08-10 02:12:17
315	lobortis ultrices.	177	3044	aliquam arcu.	ut, molestie in, tempus eu, ligula. Aenean euismod mauris eu elit. Nulla facilisi. Sed neque. Sed eget lacus. Mauris non dui nec urna suscipit nonummy. Fusce fermentum fermentum arcu. Vestibulum ante ipsum primis in faucibus orci luctus et ultrices posuere	2	86	2022-03-24 20:37:41
316	adipiscing ligula. Aenean	196	7555	iaculis nec, eleifend non,	pretium neque. Morbi quis urna. Nunc quis arcu vel quam dignissim pharetra. Nam ac nulla. In tincidunt congue turpis. In condimentum. Donec at arcu. Vestibulum ante	2	229	2023-02-01 10:46:31
317	mus. Aenean eget	155	1915	diam eu dolor	magnis dis parturient montes, nascetur ridiculus mus. Aenean eget magna. Suspendisse tristique neque venenatis lacus. Etiam bibendum fermentum metus. Aenean sed pede nec ante blandit viverra. Donec tempus, lorem fringilla ornare placerat, orci lacus vestibulum lorem, sit	6	88	2021-12-15 01:50:56
318	in felis.	274	3888	Cras dictum ultricies	ac turpis egestas. Aliquam fringilla cursus purus. Nullam scelerisque neque sed sem egestas blandit. Nam nulla magna, malesuada vel, convallis in, cursus et, eros. Proin ultrices. Duis volutpat nunc sit amet metus. Aliquam erat volutpat. Nulla facilisis. Suspendisse commodo tincidunt nibh. Phasellus nulla. Integer vulputate, risus a ultricies adipiscing, enim mi tempor lorem, eget mollis lectus pede et risus.	6	211	2022-02-19 03:46:19
319	sem, vitae aliquam	255	7087	Duis	Phasellus dapibus quam quis diam. Pellentesque habitant morbi tristique senectus et netus et malesuada fames ac turpis egestas. Fusce aliquet magna a neque. Nullam ut nisi a odio semper cursus. Integer mollis. Integer tincidunt aliquam arcu. Aliquam ultrices iaculis odio. Nam interdum enim non nisi. Aenean eget metus. In nec	8	157	2022-11-24 14:41:21
320	penatibus et magnis	388	4221	ipsum dolor	eget, ipsum. Donec sollicitudin adipiscing ligula. Aenean gravida nunc sed pede. Cum sociis natoque penatibus et magnis dis parturient montes, nascetur ridiculus mus. Proin vel arcu eu odio tristique pharetra. Quisque ac libero nec ligula consectetuer rhoncus. Nullam velit dui, semper et, lacinia vitae, sodales at, velit. Pellentesque ultricies dignissim lacus. Aliquam	6	152	2022-08-18 10:29:14
321	libero at auctor	332	9796	eu tellus. Phasellus	felis eget varius ultrices, mauris ipsum porta elit, a feugiat tellus lorem eu metus. In lorem. Donec elementum, lorem ut aliquam iaculis, lacus pede sagittis augue, eu tempor erat neque non quam. Pellentesque habitant morbi tristique senectus et netus et malesuada fames ac turpis egestas. Aliquam fringilla cursus purus. Nullam scelerisque neque sed sem egestas blandit. Nam nulla magna, malesuada vel, convallis in, cursus et, eros. Proin ultrices. Duis volutpat nunc sit amet metus. Aliquam erat	5	110	2022-09-26 15:45:27
322	viverra. Maecenas iaculis	299	1086	Duis	amet ornare lectus justo eu arcu. Morbi sit amet massa. Quisque porttitor eros nec tellus. Nunc lectus pede, ultrices a, auctor non, feugiat nec, diam. Duis mi enim, condimentum eget, volutpat ornare, facilisis eget, ipsum. Donec sollicitudin adipiscing ligula. Aenean gravida nunc sed pede. Cum sociis natoque penatibus et magnis dis parturient montes, nascetur ridiculus mus. Proin vel arcu eu odio tristique pharetra. Quisque ac libero nec	8	202	2021-11-03 17:17:00
323	in, tempus	305	1878	leo. Vivamus	turpis. Nulla aliquet. Proin velit. Sed malesuada augue ut lacus. Nulla tincidunt, neque vitae semper egestas, urna justo faucibus lectus, a sollicitudin orci sem eget massa. Suspendisse eleifend. Cras sed leo. Cras vehicula aliquet libero. Integer in magna. Phasellus dolor elit, pellentesque a, facilisis non, bibendum sed, est. Nunc laoreet lectus quis massa. Mauris vestibulum, neque sed dictum eleifend, nunc risus varius orci, in consequat enim diam vel arcu. Curabitur ut odio vel est tempor bibendum. Donec felis orci, adipiscing non, luctus sit amet, faucibus ut, nulla. Cras eu tellus eu	3	116	2022-10-29 04:09:14
324	pellentesque, tellus	351	9396	lectus pede et	cursus luctus, ipsum leo elementum sem, vitae aliquam eros turpis non enim. Mauris quis turpis vitae purus gravida sagittis. Duis gravida. Praesent eu nulla at sem molestie sodales. Mauris	4	106	2022-11-15 11:05:15
325	nisl. Maecenas	156	141	mattis ornare, lectus ante	cursus luctus, ipsum leo elementum sem, vitae aliquam eros turpis non enim. Mauris quis turpis vitae purus gravida sagittis. Duis gravida. Praesent eu nulla at sem molestie sodales. Mauris blandit enim consequat purus. Maecenas libero est, congue a, aliquet vel, vulputate eu, odio. Phasellus at augue id ante dictum cursus. Nunc mauris elit, dictum eu, eleifend nec, malesuada ut, sem. Nulla interdum. Curabitur dictum. Phasellus in felis. Nulla	5	242	2022-04-30 14:50:02
326	Nam nulla magna,	333	3155	hendrerit id,	cursus vestibulum. Mauris magna. Duis dignissim tempor arcu. Vestibulum ut eros non enim commodo hendrerit. Donec porttitor tellus non magna. Nam ligula elit, pretium et, rutrum non, hendrerit id, ante. Nunc mauris sapien, cursus in, hendrerit consectetuer, cursus et, magna. Praesent interdum ligula eu enim. Etiam imperdiet dictum magna. Ut tincidunt orci quis lectus. Nullam suscipit, est ac facilisis facilisis, magna tellus faucibus leo, in lobortis tellus justo sit amet nulla. Donec non justo. Proin non massa non ante bibendum ullamcorper. Duis cursus, diam	8	40	2022-07-23 12:36:30
327	enim, condimentum eget,	304	1274	fermentum vel, mauris. Integer	vestibulum, neque sed dictum eleifend, nunc risus varius orci, in consequat enim diam vel arcu. Curabitur ut odio vel est tempor bibendum. Donec felis orci, adipiscing non, luctus sit amet, faucibus ut, nulla. Cras eu tellus eu augue porttitor interdum. Sed auctor odio a purus. Duis elementum, dui quis accumsan convallis, ante lectus convallis est, vitae sodales nisi magna sed dui. Fusce aliquam, enim	7	138	2021-11-24 01:08:26
328	consequat, lectus	230	2610	consequat nec, mollis	ipsum non arcu. Vivamus sit amet risus. Donec egestas. Aliquam nec enim. Nunc ut erat. Sed nunc est, mollis non, cursus non, egestas a, dui. Cras pellentesque. Sed dictum. Proin eget odio. Aliquam vulputate ullamcorper magna. Sed eu eros. Nam consequat dolor vitae dolor. Donec fringilla. Donec feugiat metus sit amet ante. Vivamus non lorem vitae odio sagittis semper. Nam tempor diam	7	287	2022-03-26 15:55:33
329	Donec	254	4022	Maecenas mi felis, adipiscing	cursus non, egestas a, dui. Cras pellentesque. Sed dictum. Proin eget odio. Aliquam vulputate ullamcorper magna. Sed eu eros. Nam consequat dolor vitae dolor. Donec fringilla. Donec feugiat metus sit amet ante. Vivamus non lorem vitae odio sagittis semper. Nam tempor diam dictum sapien. Aenean massa. Integer vitae nibh. Donec est mauris, rhoncus id, mollis nec, cursus a, enim. Suspendisse aliquet, sem ut cursus luctus, ipsum leo elementum sem, vitae aliquam eros turpis non enim. Mauris quis turpis vitae purus gravida sagittis. Duis gravida. Praesent eu nulla at sem molestie sodales. Mauris blandit enim consequat purus. Maecenas libero est, congue	8	41	2023-01-13 05:16:56
330	per inceptos	259	8816	erat eget ipsum.	neque venenatis lacus. Etiam bibendum fermentum metus. Aenean sed pede nec ante blandit viverra. Donec tempus, lorem fringilla ornare placerat, orci lacus vestibulum lorem, sit amet ultricies sem magna nec quam. Curabitur vel lectus. Cum sociis natoque penatibus et magnis dis parturient montes, nascetur ridiculus mus. Donec dignissim magna a tortor. Nunc commodo auctor velit. Aliquam nisl. Nulla eu neque pellentesque massa lobortis ultrices. Vivamus rhoncus. Donec est. Nunc ullamcorper, velit in aliquet lobortis, nisi nibh lacinia orci, consectetuer euismod est arcu ac orci. Ut semper pretium neque. Morbi quis urna. Nunc	2	170	2022-02-05 05:22:22
331	consequat enim diam	240	2594	congue turpis.	velit. Pellentesque ultricies dignissim lacus. Aliquam rutrum lorem ac risus. Morbi metus. Vivamus euismod urna. Nullam lobortis quam a felis ullamcorper viverra. Maecenas iaculis aliquet diam. Sed diam lorem, auctor quis, tristique ac, eleifend vitae, erat. Vivamus nisi. Mauris nulla. Integer urna. Vivamus molestie dapibus ligula. Aliquam erat volutpat. Nulla dignissim. Maecenas ornare egestas ligula. Nullam feugiat placerat velit.	5	271	2022-11-11 16:02:22
332	scelerisque	135	2939	convallis erat,	tortor nibh sit amet orci. Ut sagittis lobortis mauris. Suspendisse aliquet molestie tellus. Aenean egestas hendrerit neque. In ornare sagittis felis. Donec tempor, est ac mattis semper, dui lectus rutrum urna, nec luctus felis purus ac tellus. Suspendisse sed dolor. Fusce mi lorem, vehicula et, rutrum eu, ultrices sit amet, risus. Donec nibh enim, gravida sit amet, dapibus id, blandit at, nisi. Cum sociis natoque penatibus et magnis dis parturient montes, nascetur ridiculus mus. Proin vel nisl. Quisque fringilla euismod enim. Etiam gravida molestie arcu. Sed eu nibh vulputate mauris sagittis placerat. Cras dictum ultricies ligula.	2	129	2021-12-03 09:46:11
333	dictum mi,	119	8109	vitae diam. Proin dolor.	Etiam laoreet, libero et tristique pellentesque, tellus sem mollis dui, in sodales elit erat vitae risus. Duis a mi fringilla mi lacinia mattis. Integer eu lacus. Quisque imperdiet, erat nonummy ultricies ornare,	10	47	2021-08-10 17:48:33
334	consequat	355	7590	amet lorem semper auctor.	tristique senectus et netus et malesuada fames ac turpis egestas. Aliquam fringilla cursus purus. Nullam scelerisque neque sed sem egestas blandit. Nam nulla magna, malesuada vel, convallis in, cursus et, eros. Proin ultrices. Duis volutpat nunc sit amet metus. Aliquam erat volutpat. Nulla	5	130	2022-08-18 12:19:14
335	primis	337	8545	eget nisi dictum augue	neque. Sed eget lacus. Mauris non dui nec urna suscipit nonummy. Fusce fermentum fermentum arcu. Vestibulum ante ipsum primis in faucibus orci luctus et ultrices posuere cubilia Curae Phasellus ornare. Fusce mollis. Duis sit amet diam eu dolor egestas rhoncus. Proin nisl sem, consequat nec, mollis vitae, posuere at, velit. Cras lorem	8	100	2022-02-11 21:44:53
336	Curabitur dictum. Phasellus	188	2838	lacus. Quisque	mauris elit, dictum eu, eleifend nec, malesuada ut, sem. Nulla interdum. Curabitur dictum. Phasellus in felis. Nulla tempor augue ac ipsum. Phasellus vitae mauris sit amet lorem semper auctor. Mauris vel turpis. Aliquam adipiscing lobortis risus. In mi pede, nonummy ut, molestie in, tempus eu, ligula. Aenean euismod mauris eu elit. Nulla facilisi. Sed neque. Sed eget lacus. Mauris non dui nec urna suscipit nonummy. Fusce fermentum fermentum arcu. Vestibulum ante ipsum primis in faucibus orci luctus et ultrices posuere cubilia Curae Phasellus	7	87	2022-08-25 07:23:21
337	Aliquam gravida	145	2147	Vivamus nibh dolor,	arcu. Vivamus sit amet risus. Donec egestas. Aliquam nec enim. Nunc ut erat. Sed nunc est, mollis non, cursus non, egestas a, dui. Cras pellentesque. Sed dictum. Proin eget odio. Aliquam vulputate ullamcorper magna. Sed eu eros. Nam consequat dolor vitae dolor. Donec fringilla. Donec feugiat metus sit amet ante. Vivamus non lorem vitae odio sagittis semper. Nam tempor diam dictum sapien. Aenean massa. Integer vitae nibh. Donec est mauris, rhoncus id, mollis nec,	6	129	2022-05-26 02:11:59
338	pede nec	353	9079	mattis.	Quisque libero lacus, varius et, euismod et, commodo at, libero. Morbi accumsan laoreet ipsum. Curabitur consequat, lectus sit amet luctus vulputate, nisi sem semper erat, in consectetuer ipsum nunc id enim. Curabitur massa. Vestibulum accumsan neque et nunc. Quisque ornare tortor at risus. Nunc ac sem ut dolor dapibus gravida. Aliquam tincidunt, nunc ac1	37	2021-11-11 00:45:57
339	Mauris	142	897	gravida. Praesent eu nulla	quis urna. Nunc quis arcu vel quam dignissim pharetra. Nam ac nulla. In tincidunt congue turpis. In condimentum. Donec at arcu. Vestibulum ante ipsum primis in faucibus orci luctus et ultrices posuere cubilia Curae Donec tincidunt. Donec vitae erat vel pede blandit congue. In scelerisque scelerisque dui. Suspendisse ac metus vitae velit egestas lacinia. Sed congue, elit sed consequat auctor, nunc nulla vulputate dui, nec tempus mauris erat eget ipsum. Suspendisse sagittis. Nullam vitae diam. Proin dolor. Nulla semper tellus id nunc interdum feugiat. Sed nec metus facilisis lorem tristique	9	5	2022-08-28 06:48:31
340	feugiat placerat	173	8654	Suspendisse sagittis. Nullam vitae	libero. Proin sed turpis nec mauris blandit mattis. Cras eget nisi dictum augue malesuada malesuada. Integer	10295	2023-03-27 07:53:17
341	faucibus	384	3971	vulputate dui, nec	Aliquam erat volutpat. Nulla facilisis. Suspendisse commodo tincidunt nibh. Phasellus nulla. Integer vulputate, risus a ultricies adipiscing, enim mi tempor lorem, eget mollis lectus pede et risus. Quisque libero lacus, varius et, euismod et, commodo at, libero. Morbi accumsan laoreet ipsum. Curabitur consequat, lectus sit amet luctus vulputate, nisi sem semper erat, in consectetuer ipsum nunc id enim. Curabitur massa. Vestibulum accumsan neque et nunc. Quisque ornare tortor	3	136	2022-11-03 15:40:09
342	Donec feugiat	195	6006	eget	erat, eget tincidunt dui augue eu tellus. Phasellus elit pede, malesuada vel, venenatis vel, faucibus id, libero. Donec consectetuer mauris id sapien. Cras dolor dolor, tempus non, lacinia at, iaculis quis, pede. Praesent eu dui. Cum sociis natoque penatibus et magnis dis parturient montes, nascetur ridiculus mus. Aenean eget magna. Suspendisse tristique neque venenatis lacus. Etiam bibendum fermentum metus. Aenean sed pede nec ante blandit viverra. Donec tempus, lorem fringilla ornare placerat, orci lacus vestibulum lorem, sit amet	3	176	2021-11-23 10:18:38
343	neque et	169	5467	neque et nunc. Quisque	augue ut lacus. Nulla tincidunt, neque vitae semper egestas, urna justo faucibus lectus, a sollicitudin orci sem eget massa. Suspendisse eleifend. Cras sed leo. Cras vehicula aliquet libero. Integer in magna. Phasellus dolor elit, pellentesque a, facilisis non, bibendum sed, est. Nunc laoreet lectus quis massa. Mauris vestibulum, neque sed dictum eleifend, nunc risus varius orci, in consequat enim	2	282	2022-05-01 16:33:39
344	est mauris, rhoncus	246	4543	aliquam, enim nec	tempor, est ac mattis semper, dui lectus rutrum urna, nec luctus felis purus ac tellus. Suspendisse sed dolor. Fusce mi lorem, vehicula et, rutrum eu, ultrices sit amet, risus. Donec nibh enim, gravida sit amet, dapibus id, blandit at, nisi. Cum sociis natoque penatibus et magnis dis parturient montes, nascetur ridiculus mus. Proin vel nisl. Quisque fringilla euismod enim. Etiam gravida molestie arcu. Sed eu nibh vulputate mauris sagittis placerat. Cras dictum ultricies	9	222	2022-08-14 04:04:36
345	eget, venenatis	191	9675	amet ante. Vivamus	Curabitur egestas nunc sed libero. Proin sed turpis nec mauris blandit mattis. Cras eget nisi dictum augue malesuada malesuada. Integer id magna et ipsum cursus vestibulum. Mauris magna. Duis dignissim tempor arcu. Vestibulum ut eros non enim commodo hendrerit. Donec porttitor tellus non magna. Nam ligula elit, pretium et, rutrum non, hendrerit id, ante. Nunc mauris sapien,	3	142	2023-02-27 01:35:54
346	Integer vulputate,	334	9540	dolor. Fusce	lacinia orci, consectetuer euismod est arcu ac orci. Ut semper pretium neque. Morbi quis urna. Nunc quis arcu vel quam dignissim pharetra. Nam ac nulla. In tincidunt congue turpis. In condimentum. Donec at arcu. Vestibulum ante ipsum primis in faucibus orci luctus et ultrices posuere cubilia Curae Donec tincidunt. Donec vitae erat vel pede blandit congue. In scelerisque scelerisque dui. Suspendisse ac metus vitae velit egestas lacinia. Sed congue, elit sed consequat auctor, nunc nulla vulputate dui, nec tempus mauris erat eget	8125	2023-03-15 05:19:32
347	lectus. Cum	167	4266	nunc	Cum sociis natoque penatibus et magnis dis parturient montes, nascetur ridiculus mus. Proin vel arcu eu odio tristique pharetra. Quisque ac libero nec ligula consectetuer rhoncus. Nullam velit dui, semper et, lacinia vitae, sodales at, velit. Pellentesque ultricies dignissim lacus. Aliquam rutrum lorem ac risus. Morbi metus. Vivamus euismod urna. Nullam lobortis quam a felis ullamcorper viverra. Maecenas iaculis aliquet diam. Sed diam lorem, auctor quis, tristique ac, eleifend vitae, erat. Vivamus nisi. Mauris nulla. Integer urna. Vivamus molestie dapibus ligula. Aliquam erat volutpat. Nulla dignissim. Maecenas ornare egestas ligula. Nullam feugiat placerat velit. Quisque varius. Nam porttitor	4	146	2022-04-15 07:38:48
348	eleifend vitae,	283	6240	adipiscing elit. Etiam laoreet, libero	ultrices posuere cubilia Curae Donec tincidunt. Donec vitae erat vel pede blandit congue. In scelerisque scelerisque dui. Suspendisse ac metus vitae velit egestas lacinia. Sed	6	192	2022-01-19 08:11:40
349	ligula eu	207	3708	in aliquet lobortis, nisi	ornare, libero at auctor ullamcorper, nisl arcu iaculis enim, sit amet ornare lectus justo eu arcu. Morbi sit amet massa. Quisque porttitor eros nec tellus. Nunc lectus pede, ultrices a, auctor non, feugiat nec, diam. Duis mi enim, condimentum eget, volutpat ornare, facilisis eget, ipsum. Donec sollicitudin	2	27	2022-01-05 07:25:48
350	a, aliquet vel,	205	1736	malesuada ut, sem.	vestibulum massa rutrum magna. Cras convallis convallis dolor. Quisque tincidunt pede ac urna. Ut tincidunt vehicula risus. Nulla eget metus eu erat semper rutrum. Fusce dolor quam, elementum at, egestas a, scelerisque sed, sapien. Nunc pulvinar arcu et pede. Nunc sed orci lobortis augue scelerisque mollis. Phasellus	4	119	2021-06-14 05:05:55
351	ipsum. Donec	179	5179	ac	vitae semper egestas, urna justo faucibus lectus, a sollicitudin orci sem eget massa. Suspendisse eleifend. Cras sed leo. Cras vehicula aliquet libero. Integer in magna. Phasellus dolor elit, pellentesque a, facilisis non, bibendum sed, est. Nunc laoreet lectus quis massa. Mauris vestibulum, neque sed dictum eleifend, nunc risus varius orci, in consequat enim diam vel arcu. Curabitur ut odio vel est tempor bibendum. Donec felis orci, adipiscing non, luctus sit amet, faucibus ut, nulla. Cras eu tellus eu augue porttitor interdum. Sed auctor odio a purus.	2	25	2022-05-17 09:21:25
352	Nulla semper	267	1761	Nulla facilisis.	mauris sapien, cursus in, hendrerit consectetuer, cursus et, magna. Praesent interdum ligula eu enim. Etiam imperdiet dictum magna. Ut tincidunt orci quis lectus. Nullam suscipit, est ac facilisis facilisis, magna tellus faucibus leo, in lobortis tellus justo sit amet nulla. Donec non justo. Proin non massa non ante bibendum ullamcorper. Duis	7	275	2023-05-07 06:32:36
353	Phasellus	252	6142	velit egestas lacinia.	ridiculus mus. Donec dignissim magna a tortor. Nunc commodo auctor velit. Aliquam nisl. Nulla eu neque pellentesque massa lobortis ultrices. Vivamus rhoncus. Donec est. Nunc ullamcorper, velit in aliquet lobortis, nisi nibh lacinia orci, consectetuer euismod est arcu ac orci. Ut semper pretium neque. Morbi quis urna. Nunc quis arcu	2274	2021-06-09 05:10:23
354	ligula. Donec luctus	353	8415	placerat eget, venenatis a, magna.	elit erat vitae risus. Duis a mi fringilla mi lacinia mattis. Integer eu	4	260	2022-09-28 12:42:14
355	Phasellus fermentum	388	2791	magna, malesuada vel, convallis	ligula. Nullam enim. Sed nulla ante, iaculis nec, eleifend non, dapibus rutrum, justo. Praesent luctus. Curabitur egestas nunc sed libero. Proin sed turpis nec mauris blandit mattis. Cras eget nisi dictum augue malesuada malesuada. Integer id magna et ipsum cursus vestibulum. Mauris magna. Duis dignissim tempor arcu. Vestibulum ut eros non enim commodo hendrerit. Donec porttitor tellus non magna. Nam ligula elit, pretium et, rutrum non, hendrerit	4	100	2023-02-21 21:30:28
356	mauris. Morbi non	100	4811	nonummy ipsum non arcu.	vitae aliquam eros turpis non enim. Mauris quis turpis vitae purus gravida sagittis. Duis gravida. Praesent eu nulla at sem molestie sodales. Mauris blandit enim consequat purus. Maecenas libero est, congue a, aliquet vel, vulputate eu, odio. Phasellus at augue id ante dictum cursus. Nunc mauris	8	79	2022-12-04 17:26:48
357	congue, elit	122	3721	quam dignissim pharetra. Nam	eu nibh vulputate mauris sagittis placerat. Cras dictum ultricies ligula. Nullam enim. Sed nulla ante, iaculis nec, eleifend non, dapibus rutrum, justo. Praesent luctus. Curabitur egestas nunc sed libero. Proin sed turpis nec mauris blandit mattis. Cras eget nisi dictum augue malesuada malesuada. Integer id	8	164	2022-02-27 20:47:03
358	diam. Sed diam	290	1680	eget	enim consequat purus. Maecenas libero est, congue a, aliquet vel, vulputate eu, odio. Phasellus at augue id ante dictum cursus. Nunc mauris elit, dictum eu, eleifend nec, malesuada ut, sem. Nulla interdum. Curabitur dictum. Phasellus in felis. Nulla tempor augue ac ipsum. Phasellus vitae mauris sit amet lorem semper auctor. Mauris vel turpis. Aliquam adipiscing lobortis risus. In	2	79	2022-06-05 01:39:11
359	justo. Proin non	183	9377	pretium neque. Morbi	Nam porttitor scelerisque neque. Nullam nisl. Maecenas malesuada fringilla est. Mauris eu turpis. Nulla aliquet. Proin velit. Sed malesuada augue ut lacus. Nulla tincidunt, neque vitae semper egestas, urna	7	114	2023-01-03 06:15:02
360	ullamcorper. Duis at	214	7258	magna sed dui. Fusce aliquam,	tellus justo sit amet nulla. Donec non justo. Proin non massa non ante bibendum ullamcorper. Duis cursus, diam at pretium aliquet, metus urna convallis erat, eget tincidunt dui augue eu tellus. Phasellus elit pede, malesuada vel, venenatis vel, faucibus id, libero. Donec consectetuer	5	236	2022-05-12 10:51:03
361	mi. Aliquam gravida	366	7343	magnis dis	egestas. Aliquam nec enim. Nunc ut erat. Sed nunc est, mollis non, cursus non, egestas a, dui. Cras pellentesque. Sed dictum. Proin eget odio. Aliquam vulputate ullamcorper magna.	8	2	2023-05-22 09:46:21
362	Suspendisse commodo	371	9354	mus. Proin vel nisl.	ultricies ligula. Nullam enim. Sed nulla ante, iaculis nec, eleifend non, dapibus rutrum, justo. Praesent luctus. Curabitur egestas nunc sed libero. Proin sed turpis nec mauris blandit mattis. Cras eget	5	173	2022-03-19 03:37:57
363	adipiscing fringilla,	200	8751	erat, in consectetuer	convallis dolor. Quisque tincidunt pede ac urna. Ut tincidunt vehicula risus. Nulla eget metus eu erat semper rutrum. Fusce dolor quam, elementum at, egestas a, scelerisque sed, sapien. Nunc pulvinar arcu et pede. Nunc sed orci lobortis augue scelerisque mollis. Phasellus libero mauris, aliquam eu, accumsan sed, facilisis vitae, orci. Phasellus dapibus quam quis diam. Pellentesque habitant morbi tristique senectus et netus et	5	172	2022-06-20 10:02:59
364	vitae risus.	257	6831	mus.	tristique senectus et netus et malesuada fames ac turpis egestas. Aliquam fringilla cursus purus. Nullam scelerisque neque sed sem egestas blandit. Nam nulla magna, malesuada vel, convallis in, cursus et, eros. Proin ultrices. Duis volutpat nunc sit amet metus. Aliquam erat volutpat. Nulla facilisis. Suspendisse commodo tincidunt nibh. Phasellus nulla. Integer vulputate, risus a ultricies adipiscing,	6	269	2022-10-28 16:50:11
365	Cum sociis	270	2843	In	Aenean massa. Integer vitae nibh. Donec est mauris, rhoncus id, mollis nec, cursus a, enim. Suspendisse aliquet, sem ut cursus luctus, ipsum leo elementum sem, vitae aliquam eros turpis non enim. Mauris quis turpis vitae purus gravida sagittis. Duis gravida. Praesent eu nulla at sem molestie sodales. Mauris blandit enim consequat purus. Maecenas libero est, congue a, aliquet vel, vulputate eu, odio. Phasellus at augue id ante dictum cursus. Nunc mauris elit, dictum eu,	8	202	2022-10-12 04:56:17
366	Donec luctus	134	2021	Proin non massa	tincidunt, nunc ac mattis ornare, lectus ante dictum mi, ac mattis	8	239	2022-02-20 11:23:52
367	eleifend, nunc risus	159	9812	Pellentesque habitant morbi	a nunc. In at pede. Cras vulputate velit eu sem. Pellentesque ut ipsum ac mi eleifend egestas. Sed pharetra, felis eget varius ultrices, mauris ipsum porta elit, a feugiat tellus lorem eu metus. In lorem. Donec elementum, lorem ut aliquam iaculis, lacus pede	3	121	2022-01-16 06:13:33
368	ultrices	336	9579	libero nec	mollis dui, in sodales elit erat vitae risus. Duis a mi fringilla mi	7	52	2022-12-06 21:20:37
369	Nullam feugiat	372	2313	justo sit amet	eget ipsum. Suspendisse sagittis. Nullam vitae diam. Proin dolor. Nulla semper tellus id nunc interdum feugiat. Sed nec metus	4	110	2022-09-27 08:09:04
370	convallis	133	9562	elementum sem,	auctor velit. Aliquam nisl. Nulla eu neque pellentesque massa lobortis ultrices. Vivamus rhoncus. Donec est. Nunc ullamcorper, velit in aliquet lobortis, nisi nibh lacinia orci, consectetuer euismod est arcu ac orci. Ut semper pretium neque. Morbi quis urna. Nunc quis arcu vel quam dignissim pharetra. Nam ac nulla. In tincidunt congue turpis. In condimentum. Donec at arcu.	10	281	2022-12-02 04:48:59
371	faucibus orci luctus	327	3545	blandit enim consequat purus. Maecenas	mauris, aliquam eu, accumsan sed, facilisis vitae, orci. Phasellus dapibus quam quis diam. Pellentesque habitant morbi tristique senectus et netus et malesuada fames ac turpis egestas. Fusce aliquet magna a neque. Nullam ut nisi a odio semper cursus. Integer mollis. Integer tincidunt aliquam arcu. Aliquam ultrices iaculis odio. Nam interdum enim non nisi. Aenean eget metus. In nec orci. Donec nibh. Quisque nonummy ipsum non arcu. Vivamus sit amet risus. Donec egestas. Aliquam nec enim. Nunc ut erat. Sed nunc est, mollis non, cursus non, egestas a,	9	67	2022-03-12 15:12:40
372	placerat eget,	248	7839	montes, nascetur ridiculus	bibendum sed, est. Nunc laoreet lectus quis massa. Mauris vestibulum, neque sed dictum eleifend, nunc risus varius orci, in consequat enim diam vel arcu. Curabitur ut odio vel	8	102	2022-11-18 17:36:00
373	eu nibh	388	6519	ornare lectus justo eu	amet, consectetuer adipiscing elit. Etiam laoreet, libero et tristique pellentesque, tellus sem mollis dui, in sodales elit erat vitae risus. Duis a mi fringilla	9	189	2022-08-11 13:50:29
374	a	177	746	leo elementum	tellus. Aenean egestas hendrerit neque. In ornare sagittis felis. Donec tempor, est ac mattis semper, dui lectus rutrum urna, nec luctus felis purus ac tellus. Suspendisse sed dolor. Fusce	4	208	2022-09-28 01:02:08
375	non dui nec	213	7761	porttitor	a, malesuada id, erat. Etiam vestibulum massa rutrum magna. Cras convallis convallis dolor. Quisque tincidunt pede ac urna. Ut tincidunt vehicula risus. Nulla eget metus eu erat semper rutrum. Fusce dolor quam, elementum at, egestas a, scelerisque sed, sapien. Nunc pulvinar arcu et pede. Nunc sed orci lobortis augue scelerisque mollis. Phasellus654	2022-11-25 11:39:23
376	natoque	133	7103	et magnis dis parturient montes,	ornare placerat, orci lacus vestibulum lorem, sit amet ultricies sem magna nec quam. Curabitur vel lectus. Cum sociis natoque penatibus et magnis dis parturient montes, nascetur ridiculus mus. Donec dignissim magna a tortor. Nunc commodo auctor velit. Aliquam nisl. Nulla eu neque pellentesque massa lobortis ultrices. Vivamus rhoncus. Donec est. Nunc ullamcorper, velit in aliquet lobortis, nisi	9	90	2021-11-30 12:42:40
377	risus. Donec	243	5789	lacus. Aliquam rutrum lorem	dolor dapibus gravida. Aliquam tincidunt, nunc ac mattis ornare, lectus ante dictum mi, ac mattis velit justo nec ante. Maecenas mi felis, adipiscing fringilla, porttitor vulputate, posuere vulputate, lacus. Cras interdum. Nunc sollicitudin commodo ipsum. Suspendisse non leo. Vivamus nibh dolor, nonummy ac, feugiat non, lobortis quis, pede. Suspendisse dui. Fusce diam nunc, ullamcorper eu, euismod ac, fermentum vel, mauris. Integer sem elit, pharetra ut, pharetra sed, hendrerit a, arcu.	8	128	2021-06-07 01:06:43
378	urna. Ut	212	7880	Phasellus nulla.	at arcu. Vestibulum ante ipsum primis in faucibus orci luctus et ultrices posuere cubilia Curae Donec tincidunt. Donec vitae erat vel pede blandit congue. In scelerisque scelerisque dui. Suspendisse ac	5	126	2022-01-14 08:20:00
379	velit.	385	6600	ipsum dolor sit amet,	cubilia Curae Donec tincidunt. Donec vitae erat vel pede blandit congue. In scelerisque scelerisque dui. Suspendisse ac metus vitae velit egestas lacinia. Sed congue, elit sed consequat auctor, nunc nulla vulputate dui, nec tempus mauris erat eget ipsum.	5	247	2022-12-30 18:38:11
380	neque vitae semper	155	6743	quam. Pellentesque habitant morbi	Aliquam auctor, velit eget laoreet posuere, enim nisl elementum purus, accumsan interdum libero dui	8	221	2021-09-28 22:06:03
381	Maecenas	135	5125	a	velit dui, semper et, lacinia vitae, sodales at, velit. Pellentesque ultricies dignissim lacus. Aliquam rutrum lorem ac risus. Morbi metus. Vivamus euismod urna. Nullam lobortis quam a felis ullamcorper viverra. Maecenas iaculis aliquet diam. Sed diam lorem, auctor quis, tristique ac, eleifend vitae, erat. Vivamus nisi. Mauris nulla. Integer urna. Vivamus molestie dapibus ligula. Aliquam erat volutpat. Nulla dignissim. Maecenas ornare egestas ligula.	7	113	2023-01-27 22:48:40
382	magnis dis	139	2186	vestibulum massa	vel sapien imperdiet ornare. In faucibus. Morbi vehicula. Pellentesque tincidunt tempus risus. Donec egestas. Duis ac arcu. Nunc mauris. Morbi non sapien molestie orci tincidunt adipiscing. Mauris molestie pharetra nibh.	2	116	2021-08-17 04:48:54
383	eu dui.	174	3740	ac mattis	non, cursus non, egestas a, dui. Cras pellentesque. Sed dictum. Proin eget odio. Aliquam vulputate ullamcorper magna. Sed eu eros. Nam consequat dolor vitae dolor. Donec fringilla. Donec feugiat metus sit amet ante. Vivamus non lorem vitae odio sagittis semper. Nam tempor diam dictum sapien. Aenean massa. Integer vitae nibh. Donec est mauris, rhoncus id, mollis nec, cursus a, enim. Suspendisse aliquet, sem ut cursus luctus, ipsum leo elementum sem, vitae aliquam eros turpis non enim. Mauris quis turpis vitae purus gravida sagittis. Duis gravida. Praesent	1	27	2023-03-11 07:38:42
384	a, dui. Cras	172	9732	facilisis, magna tellus faucibus leo,	sem. Pellentesque ut ipsum ac mi eleifend egestas. Sed pharetra, felis eget varius ultrices, mauris ipsum porta elit, a feugiat tellus lorem eu metus. In lorem. Donec elementum,	8	180	2022-08-22 18:01:39
385	et	233	828	Vestibulum ante	sit amet orci. Ut sagittis lobortis mauris. Suspendisse aliquet molestie tellus. Aenean egestas hendrerit neque. In ornare sagittis felis. Donec tempor, est ac mattis semper, dui lectus rutrum urna, nec luctus felis purus ac tellus. Suspendisse sed dolor. Fusce mi lorem, vehicula et, rutrum eu, ultrices sit amet, risus. Donec nibh enim, gravida sit amet, dapibus id, blandit at, nisi. Cum sociis natoque penatibus et magnis dis parturient montes, nascetur ridiculus mus. Proin vel nisl. Quisque fringilla euismod	7	135	2023-01-18 08:20:41
386	Nunc	353	1620	id, mollis nec,	massa. Suspendisse eleifend. Cras sed leo. Cras vehicula aliquet libero. Integer in magna. Phasellus dolor elit, pellentesque a, facilisis non, bibendum sed, est. Nunc laoreet lectus quis massa. Mauris vestibulum, neque sed dictum eleifend, nunc risus varius orci, in consequat enim diam vel arcu. Curabitur ut odio vel est tempor bibendum. Donec felis orci, adipiscing non, luctus sit amet, faucibus ut, nulla. Cras eu tellus eu augue porttitor	4	218	2022-07-12 12:00:04
387	In condimentum.	128	719	nisi nibh lacinia orci, consectetuer	mauris, rhoncus id, mollis nec, cursus a, enim. Suspendisse aliquet, sem ut cursus luctus, ipsum leo elementum sem, vitae aliquam eros turpis non enim. Mauris quis turpis vitae purus gravida sagittis. Duis gravida.	10	100	2023-04-13 10:09:08
388	tristique aliquet. Phasellus	207	5131	Morbi non sapien molestie	id, erat. Etiam vestibulum massa rutrum magna. Cras convallis convallis dolor. Quisque tincidunt pede ac urna. Ut tincidunt	3	230	2022-11-26 02:27:56
389	magnis dis parturient	248	8133	ultricies dignissim	tristique senectus et netus et malesuada fames ac turpis egestas. Aliquam fringilla cursus purus. Nullam scelerisque neque sed sem egestas blandit. Nam nulla magna, malesuada vel, convallis in,	5	108	2022-03-26 23:25:38
390	varius ultrices,	201	4820	sollicitudin a, malesuada id,	ante. Nunc mauris sapien, cursus in, hendrerit consectetuer, cursus et, magna. Praesent interdum ligula eu enim. Etiam imperdiet dictum magna. Ut tincidunt orci quis lectus. Nullam suscipit, est ac	9	78	2022-08-28 21:43:59
391	semper auctor.	203	1120	sed turpis nec mauris blandit	nonummy ac, feugiat non, lobortis quis, pede. Suspendisse dui. Fusce diam nunc, ullamcorper eu, euismod ac, fermentum vel, mauris. Integer sem elit, pharetra ut, pharetra sed, hendrerit a, arcu. Sed et libero. Proin mi. Aliquam gravida mauris ut mi. Duis risus odio, auctor vitae, aliquet nec, imperdiet nec,	3	100	2021-09-08 01:23:05
392	ultrices iaculis	393	667	egestas ligula. Nullam	ipsum. Suspendisse non leo. Vivamus nibh dolor, nonummy ac, feugiat non, lobortis quis, pede. Suspendisse dui. Fusce diam nunc, ullamcorper eu, euismod ac, fermentum vel, mauris. Integer sem elit, pharetra ut, pharetra sed, hendrerit a, arcu. Sed et libero. Proin mi. Aliquam gravida mauris ut mi. Duis risus odio, auctor vitae, aliquet nec, imperdiet nec, leo. Morbi neque tellus, imperdiet non, vestibulum nec, euismod in, dolor. Fusce feugiat. Lorem ipsum dolor sit amet, consectetuer adipiscing elit. Aliquam auctor,	3	244	2022-01-17 23:13:14
393	Phasellus	295	8391	amet orci. Ut	malesuada fringilla est. Mauris eu turpis. Nulla aliquet. Proin velit. Sed malesuada augue ut lacus. Nulla tincidunt, neque vitae semper egestas, urna justo faucibus lectus, a sollicitudin orci sem eget massa. Suspendisse eleifend. Cras sed leo. Cras vehicula aliquet libero. Integer in magna. Phasellus dolor elit, pellentesque a, facilisis non, bibendum sed, est. Nunc laoreet lectus quis massa. Mauris vestibulum, neque sed dictum eleifend, nunc risus varius orci, in consequat enim diam vel arcu. Curabitur ut odio vel est tempor bibendum. Donec felis orci, adipiscing non, luctus sit amet,	1	290	2021-11-21 04:25:12
394	et	333	1758	vel nisl. Quisque fringilla	mi lorem, vehicula et, rutrum eu, ultrices sit amet, risus. Donec nibh enim, gravida sit amet, dapibus id, blandit at, nisi. Cum sociis natoque penatibus et magnis dis parturient montes, nascetur ridiculus mus. Proin vel nisl. Quisque fringilla euismod enim. Etiam gravida molestie arcu. Sed eu nibh vulputate mauris sagittis placerat. Cras dictum ultricies ligula. Nullam enim. Sed nulla ante, iaculis nec, eleifend non, dapibus rutrum, justo. Praesent luctus. Curabitur egestas nunc sed libero. Proin sed turpis	1	172	2022-06-01 04:07:51
395	Suspendisse sagittis.	187	708	id, mollis nec, cursus	interdum. Curabitur dictum. Phasellus in felis. Nulla tempor augue ac ipsum. Phasellus vitae mauris sit amet lorem semper auctor. Mauris vel turpis. Aliquam adipiscing lobortis risus. In mi pede, nonummy ut, molestie in, tempus eu, ligula. Aenean euismod mauris eu elit. Nulla facilisi. Sed neque. Sed eget lacus. Mauris non dui nec urna suscipit nonummy. Fusce fermentum fermentum arcu. Vestibulum ante ipsum primis in faucibus orci luctus et ultrices posuere cubilia Curae Phasellus ornare. Fusce mollis. Duis sit amet diam eu dolor egestas rhoncus. Proin	10	210	2022-11-24 18:41:13
396	turpis egestas.	334	724	nunc ac mattis ornare, lectus	neque et nunc. Quisque ornare tortor at risus. Nunc ac sem ut dolor dapibus gravida. Aliquam tincidunt, nunc ac mattis ornare, lectus ante dictum mi, ac mattis velit justo nec ante. Maecenas mi felis, adipiscing fringilla, porttitor vulputate, posuere vulputate, lacus. Cras interdum. Nunc sollicitudin commodo ipsum. Suspendisse non leo. Vivamus nibh dolor, nonummy ac, feugiat non,	3	180	2021-11-17 12:19:02
397	enim	138	4863	penatibus et magnis dis	elit, a feugiat tellus lorem eu metus. In lorem. Donec elementum, lorem ut aliquam iaculis, lacus pede sagittis augue, eu	10	112	2023-04-11 17:44:15
398	vel	129	4670	in	in, hendrerit consectetuer, cursus et, magna. Praesent interdum ligula eu enim. Etiam imperdiet dictum magna. Ut tincidunt orci quis lectus. Nullam suscipit, est ac facilisis facilisis, magna tellus faucibus leo, in lobortis tellus justo sit amet nulla. Donec non justo. Proin non massa non ante bibendum ullamcorper. Duis cursus, diam at pretium aliquet, metus urna convallis erat, eget tincidunt dui augue eu tellus. Phasellus elit pede, malesuada vel, venenatis vel, faucibus id, libero. Donec consectetuer mauris id sapien.	10	44	2021-06-22 06:14:26
399	dapibus rutrum, justo.	214	6571	tincidunt nibh. Phasellus	ornare, lectus ante dictum mi, ac mattis velit justo nec ante. Maecenas mi felis, adipiscing fringilla, porttitor vulputate, posuere vulputate, lacus. Cras interdum. Nunc sollicitudin commodo ipsum. Suspendisse non leo. Vivamus nibh dolor, nonummy ac, feugiat non, lobortis quis, pede. Suspendisse dui. Fusce diam nunc, ullamcorper eu, euismod ac, fermentum vel, mauris. Integer sem elit, pharetra ut, pharetra sed, hendrerit a, arcu. Sed et libero. Proin mi. Aliquam gravida mauris ut mi. Duis risus odio, auctor vitae, aliquet nec, imperdiet nec, leo. Morbi neque	6	214	2021-09-14 18:47:53
400	lectus justo eu	358	569	pede, malesuada	Duis dignissim tempor arcu. Vestibulum ut eros non enim commodo hendrerit. Donec porttitor tellus non magna. Nam ligula elit, pretium et, rutrum non, hendrerit id, ante. Nunc mauris sapien, cursus in, hendrerit consectetuer, cursus et, magna. Praesent interdum ligula eu enim. Etiam imperdiet dictum magna. Ut tincidunt orci quis lectus. Nullam suscipit, est ac facilisis facilisis, magna tellus faucibus leo, in lobortis tellus justo sit amet nulla. Donec non	9	218	2022-05-10 08:43:18
\.


--
-- Data for Name: messages; Type: TABLE DATA; Schema: public; Owner: user_1
--

COPY public.messages (id, sender_id, recipient_id, body, is_delivered, is_read, created_at) FROM stdin;
1	56	165	neque. Nullam ut nisi a odio semper cursus. Integer mollis. Integer tincidunt aliquam arcu. Aliquam	f	t	2022-08-11 04:59:06
2	129	190	augue id ante dictum cursus.	t	f	2023-03-04 14:42:48
3	76	189	ut erat. Sed nunc est, mollis	t	f	2022-01-18 00:23:42
4	192	159	et magnis dis parturient montes, nascetur ridiculus mus. Aenean eget magna. Suspendisse tristique neque venenatis lacus. Etiam	f	f	2022-02-11 00:29:20
5	160	70	nisl. Maecenas malesuada fringilla est. Mauris eu turpis. Nulla	f	t	2021-07-28 08:36:51
6	53	119	a purus. Duis elementum, dui quis accumsan convallis, ante lectus convallis est, vitae sodales	f	f	2022-11-04 00:26:20
7	94	173	Suspendisse ac metus vitae velit egestas lacinia. Sed congue,	t	f	2022-02-24 10:40:19
8	177	101	Suspendisse aliquet, sem ut cursus	f	f	2021-11-03 21:38:47
9	36	71	eu enim. Etiam imperdiet dictum magna. Ut tincidunt orci quis lectus. Nullam suscipit, est ac facilisis facilisis, magna tellus	t	f	2022-02-16 14:54:28
10	38	173	non, cursus non, egestas a,	t	f	2021-08-18 08:55:03
11	54	12	sem eget massa. Suspendisse eleifend. Cras sed leo. Cras vehicula aliquet libero. Integer in magna. Phasellus dolor	t	t	2021-12-02 21:08:36
12	131	78	varius et, euismod et, commodo at, libero. Morbi accumsan	t	t	2021-08-21 15:57:14
13	173	169	ante. Nunc mauris sapien, cursus in, hendrerit consectetuer, cursus et, magna. Praesent interdum ligula eu	t	t	2022-05-23 09:20:42
14	150	29	et ultrices posuere cubilia Curae Phasellus ornare. Fusce mollis. Duis	f	t	2022-12-25 14:53:07
15	130	72	Aliquam erat volutpat. Nulla dignissim. Maecenas ornare egestas ligula. Nullam feugiat placerat velit. Quisque varius.	f	t	2022-07-23 01:19:00
16	75	187	nunc. In at pede. Cras vulputate velit eu sem. Pellentesque ut ipsum ac mi eleifend egestas. Sed	f	f	2023-02-23 02:17:12
17	124	41	lorem fringilla ornare placerat, orci lacus vestibulum lorem, sit amet ultricies sem	t	f	2022-03-16 14:24:18
18	141	12	in lobortis tellus justo sit amet	f	f	2023-02-20 05:36:22
19	116	153	massa. Suspendisse eleifend. Cras sed leo. Cras vehicula aliquet libero. Integer in magna. Phasellus dolor	t	t	2021-08-28 05:06:57
20	139	89	non, bibendum sed, est. Nunc laoreet lectus quis massa. Mauris vestibulum, neque sed dictum eleifend, nunc	t	f	2022-05-26 12:22:08
21	28	110	vel sapien imperdiet ornare. In faucibus. Morbi vehicula. Pellentesque tincidunt tempus risus. Donec egestas. Duis ac arcu.	t	f	2022-11-21 12:14:54
22	155	91	quis massa. Mauris vestibulum, neque sed dictum eleifend, nunc risus varius orci, in consequat	f	f	2022-06-14 09:57:44
23	159	50	molestie in, tempus	f	f	2021-07-25 20:31:45
24	135	153	ac nulla. In tincidunt congue turpis. In condimentum. Donec at arcu. Vestibulum ante ipsum primis in faucibus orci luctus	t	f	2023-05-19 17:55:18
25	185	154	nascetur ridiculus mus. Proin vel nisl. Quisque fringilla euismod enim. Etiam gravida molestie arcu. Sed eu nibh	t	t	2021-06-07 18:52:18
26	135	104	mollis dui, in sodales elit erat vitae risus. Duis a mi fringilla mi lacinia mattis. Integer eu lacus.	f	t	2022-06-28 21:07:04
27	121	99	et malesuada fames ac turpis egestas. Fusce aliquet	f	f	2023-02-12 13:20:09
28	48	185	neque pellentesque massa lobortis ultrices. Vivamus rhoncus. Donec est.	f	f	2023-02-03 05:34:25
29	99	107	aliquam, enim nec tempus scelerisque, lorem	f	t	2021-05-31 21:56:21
30	142	179	sollicitudin a, malesuada id, erat. Etiam vestibulum massa rutrum magna. Cras convallis convallis dolor. Quisque tincidunt pede ac urna.	f	f	2021-12-23 20:16:16
31	175	189	Maecenas iaculis aliquet diam.	f	t	2022-01-18 10:55:01
32	83	57	Phasellus vitae mauris sit amet	f	t	2022-06-19 19:18:57
33	158	52	erat	t	t	2023-02-05 09:02:26
34	156	189	mus. Proin vel arcu	f	f	2022-09-04 01:37:38
35	151	130	eget magna. Suspendisse tristique neque venenatis lacus. Etiam bibendum fermentum metus. Aenean sed pede nec	f	f	2021-06-26 17:35:13
36	65	184	sed, est. Nunc laoreet lectus quis massa. Mauris vestibulum, neque sed dictum eleifend, nunc risus varius orci,	f	t	2022-09-13 13:53:27
37	42	1	sed orci lobortis augue scelerisque mollis. Phasellus libero mauris, aliquam eu, accumsan sed, facilisis vitae, orci. Phasellus dapibus quam	t	f	2023-04-04 00:53:28
38	100	199	vel lectus. Cum sociis natoque penatibus et magnis dis parturient	t	t	2023-02-25 11:09:20
39	117	125	Proin non massa non ante bibendum ullamcorper. Duis cursus, diam at pretium aliquet,	t	t	2021-12-12 12:02:28
40	117	12	ut odio vel	f	f	2022-05-14 09:15:57
41	159	59	non lorem vitae odio sagittis	f	f	2022-03-21 16:15:12
42	9	172	Curabitur ut odio vel est tempor bibendum. Donec felis orci, adipiscing non, luctus sit amet, faucibus ut,	t	t	2022-03-23 12:37:00
43	112	53	at risus. Nunc ac sem ut dolor dapibus gravida. Aliquam tincidunt, nunc ac mattis ornare,	f	t	2023-04-05 10:04:31
44	191	93	magna nec quam. Curabitur vel lectus. Cum sociis natoque penatibus	f	f	2021-06-08 13:01:50
45	162	138	ultrices, mauris ipsum	t	f	2021-08-22 23:17:00
46	36	112	interdum. Sed auctor odio a purus. Duis elementum, dui quis accumsan convallis, ante lectus convallis est, vitae	t	f	2022-06-02 07:31:58
47	64	29	ipsum sodales purus, in molestie tortor nibh sit	t	t	2021-10-13 22:39:55
48	32	140	pede. Suspendisse dui. Fusce diam nunc, ullamcorper eu, euismod	f	t	2022-03-23 01:32:30
49	181	26	mattis. Cras eget nisi dictum augue malesuada malesuada. Integer id magna et ipsum cursus vestibulum. Mauris magna. Duis dignissim	t	f	2021-05-27 13:52:11
50	20	55	dignissim pharetra. Nam ac nulla. In	t	t	2021-07-08 06:36:27
51	133	150	Nam ac nulla. In tincidunt congue turpis. In condimentum. Donec at arcu. Vestibulum ante ipsum primis in faucibus	t	t	2022-05-28 02:30:21
52	95	29	augue id ante dictum cursus. Nunc mauris elit, dictum eu, eleifend nec,	t	t	2022-07-21 02:02:34
53	84	159	ultricies ligula. Nullam enim. Sed nulla ante, iaculis nec, eleifend non, dapibus rutrum, justo. Praesent luctus. Curabitur	t	f	2022-04-21 00:12:22
54	68	40	magna tellus faucibus leo, in lobortis tellus justo sit amet	t	f	2021-10-20 04:32:31
55	89	95	lorem, sit amet ultricies	f	t	2022-10-03 11:35:59
56	197	121	malesuada fames ac turpis egestas. Aliquam fringilla cursus purus. Nullam scelerisque neque sed	f	t	2022-11-08 12:35:49
57	31	154	Nullam vitae diam. Proin dolor. Nulla semper tellus id nunc interdum feugiat. Sed nec	t	f	2022-09-24 09:51:51
58	198	199	ut aliquam iaculis, lacus pede sagittis augue, eu tempor erat neque non quam. Pellentesque habitant	t	t	2021-08-05 23:41:52
59	118	128	ac mattis	t	f	2022-03-13 04:22:29
60	91	60	Curae Phasellus ornare. Fusce mollis. Duis sit amet diam eu dolor egestas rhoncus. Proin nisl	t	t	2023-03-03 05:35:04
61	179	152	Duis dignissim tempor arcu. Vestibulum ut eros	f	f	2022-12-22 19:32:32
62	168	63	nonummy ipsum non arcu. Vivamus sit amet risus. Donec egestas. Aliquam nec enim. Nunc ut erat. Sed nunc est,	f	t	2022-03-13 06:00:32
63	136	26	mi felis, adipiscing fringilla, porttitor vulputate,	t	t	2023-04-28 06:50:01
64	85	127	Suspendisse	t	f	2022-08-28 08:15:59
65	166	56	arcu. Vestibulum ut eros non enim commodo	f	t	2022-05-28 11:08:15
66	68	117	ultricies ornare, elit elit fermentum risus, at	t	f	2021-12-12 17:11:49
67	101	30	Mauris eu turpis. Nulla aliquet. Proin velit. Sed malesuada augue ut lacus. Nulla tincidunt,	f	t	2022-12-09 21:12:46
68	56	129	posuere cubilia Curae	f	f	2021-08-28 10:35:01
69	81	183	suscipit nonummy. Fusce fermentum fermentum arcu. Vestibulum ante ipsum primis in faucibus orci luctus et ultrices	f	t	2022-01-29 03:34:47
70	136	104	ac	t	f	2023-04-18 23:35:36
71	130	64	Nunc mauris sapien, cursus in, hendrerit consectetuer, cursus et, magna. Praesent interdum ligula eu	t	f	2021-08-25 06:52:48
72	130	125	venenatis a, magna. Lorem ipsum dolor sit amet, consectetuer adipiscing elit. Etiam laoreet, libero et tristique	f	t	2022-08-21 06:23:04
73	70	135	arcu. Nunc mauris. Morbi non sapien molestie orci tincidunt adipiscing. Mauris molestie pharetra nibh.	t	t	2022-06-12 06:33:50
74	48	135	Suspendisse ac metus vitae velit egestas lacinia. Sed congue, elit sed consequat auctor, nunc nulla	f	f	2022-11-19 23:21:02
75	94	35	nibh. Phasellus nulla. Integer vulputate,	t	t	2022-09-12 18:56:19
76	127	88	rutrum magna. Cras convallis convallis dolor.	t	f	2022-09-04 08:42:55
77	143	98	nec ante. Maecenas	f	f	2021-09-18 03:31:16
78	85	127	Sed eget lacus. Mauris non dui nec urna suscipit	t	t	2021-09-13 14:43:32
79	137	170	libero at auctor	t	f	2023-01-18 23:30:22
80	111	108	sapien molestie orci tincidunt adipiscing. Mauris molestie pharetra nibh. Aliquam ornare, libero at auctor ullamcorper, nisl	t	t	2023-02-05 00:35:26
81	133	125	Integer aliquam adipiscing lacus. Ut nec urna et arcu imperdiet	f	t	2021-10-02 18:31:20
82	184	83	Donec feugiat metus sit amet ante. Vivamus non	t	t	2022-11-19 19:24:46
83	135	118	Mauris magna. Duis dignissim tempor arcu. Vestibulum ut eros non enim commodo hendrerit. Donec porttitor tellus non magna.	f	f	2022-09-15 04:22:29
84	166	98	Duis at lacus. Quisque purus sapien, gravida non, sollicitudin a, malesuada id, erat. Etiam vestibulum	t	f	2022-02-07 12:34:48
85	164	150	Praesent eu dui. Cum sociis natoque penatibus et magnis dis parturient montes, nascetur ridiculus mus. Aenean eget magna.	t	f	2022-10-20 01:55:19
86	50	169	gravida non, sollicitudin a, malesuada id, erat. Etiam vestibulum massa rutrum magna. Cras	t	t	2022-08-19 07:42:35
87	179	144	sed pede. Cum sociis natoque penatibus et	t	f	2023-03-03 11:21:50
88	82	95	eu, accumsan sed, facilisis vitae,	t	t	2022-12-09 16:51:50
89	130	157	scelerisque sed, sapien. Nunc pulvinar arcu et pede. Nunc sed orci lobortis augue	f	t	2022-07-29 04:41:34
90	147	133	Nulla eu neque pellentesque massa lobortis ultrices. Vivamus	f	t	2022-03-20 13:21:40
91	124	172	Aliquam erat volutpat. Nulla facilisis. Suspendisse commodo tincidunt nibh. Phasellus nulla. Integer vulputate, risus a ultricies	t	f	2022-10-04 09:08:16
92	187	174	Donec elementum, lorem ut aliquam iaculis, lacus pede sagittis augue, eu tempor	f	t	2023-01-23 11:45:14
93	180	120	at risus. Nunc ac sem ut dolor dapibus gravida. Aliquam tincidunt, nunc ac mattis ornare, lectus ante dictum mi, ac	t	f	2021-08-17 19:04:06
94	67	78	auctor non, feugiat nec, diam. Duis mi enim, condimentum eget, volutpat ornare, facilisis eget, ipsum.	t	f	2022-03-03 18:54:57
95	180	193	mollis. Phasellus libero	f	f	2022-06-10 08:18:15
96	30	120	justo faucibus lectus, a sollicitudin orci sem eget	t	t	2022-06-27 21:37:47
97	76	200	consectetuer adipiscing elit. Curabitur sed tortor. Integer aliquam adipiscing lacus. Ut nec urna et arcu imperdiet	t	f	2021-07-19 03:52:03
98	121	106	neque tellus, imperdiet	t	f	2022-04-23 04:29:38
99	29	181	tellus faucibus leo, in lobortis tellus justo sit amet	t	t	2021-12-14 07:27:34
100	100	75	nunc ac mattis ornare, lectus ante dictum mi, ac mattis velit justo nec ante. Maecenas mi felis, adipiscing fringilla,	t	t	2022-12-06 13:05:31
101	77	109	neque. Morbi quis urna. Nunc quis arcu vel quam dignissim pharetra. Nam ac nulla. In tincidunt congue turpis.	f	t	2021-11-09 14:22:22
102	104	1	luctus, ipsum leo elementum	f	t	2022-08-24 09:37:58
103	84	120	rutrum urna, nec luctus felis purus ac	f	t	2021-07-05 00:36:47
104	9	168	Nullam suscipit, est ac facilisis facilisis, magna tellus faucibus leo, in lobortis tellus justo sit amet nulla.	t	f	2021-06-30 05:54:22
105	145	171	et pede. Nunc sed orci lobortis augue scelerisque mollis. Phasellus	f	f	2023-05-14 23:47:31
106	82	52	facilisis, magna tellus faucibus leo, in lobortis tellus justo sit amet nulla. Donec non justo. Proin	t	f	2022-07-02 17:41:11
107	41	39	vel quam dignissim pharetra. Nam ac nulla. In tincidunt congue turpis. In condimentum. Donec	f	t	2022-07-01 09:52:13
108	5	52	a, enim. Suspendisse aliquet, sem ut cursus luctus, ipsum leo	f	f	2023-02-22 02:50:50
109	145	79	lorem, sit amet ultricies	t	f	2022-05-12 00:10:33
110	173	22	ligula elit, pretium et, rutrum non, hendrerit id,	f	f	2022-06-02 11:42:31
111	2	18	Donec sollicitudin adipiscing ligula. Aenean gravida nunc sed pede. Cum sociis natoque penatibus et magnis dis	t	f	2021-05-24 03:28:25
112	148	82	justo sit amet nulla. Donec non justo. Proin non massa non ante bibendum ullamcorper. Duis cursus, diam at	f	t	2022-03-26 15:32:39
113	168	93	velit in aliquet lobortis, nisi nibh lacinia orci, consectetuer	f	f	2023-01-29 08:13:21
114	124	49	nec tempus scelerisque, lorem ipsum	f	f	2021-11-10 16:41:02
115	189	88	a neque. Nullam ut nisi a odio semper cursus. Integer mollis. Integer tincidunt aliquam	t	t	2022-08-22 16:59:59
116	32	19	eget odio. Aliquam vulputate ullamcorper magna. Sed eu eros. Nam consequat dolor vitae dolor. Donec fringilla. Donec feugiat metus	t	t	2022-12-14 06:17:48
117	134	155	In nec orci.	f	f	2022-07-27 00:26:39
118	82	123	nunc id enim. Curabitur massa. Vestibulum accumsan neque et nunc. Quisque ornare tortor at risus. Nunc ac sem ut	t	f	2022-07-31 12:22:02
119	62	198	nunc	t	t	2023-03-28 15:56:16
120	69	73	augue. Sed molestie. Sed	f	t	2022-12-17 17:56:30
121	169	81	sit amet metus. Aliquam erat volutpat. Nulla facilisis. Suspendisse commodo tincidunt nibh. Phasellus nulla.	f	t	2023-05-16 07:16:43
122	163	106	ut, sem. Nulla interdum. Curabitur dictum. Phasellus in felis. Nulla tempor augue ac ipsum. Phasellus vitae mauris sit	f	f	2022-11-03 00:55:46
123	194	134	habitant morbi tristique senectus et netus et malesuada fames ac turpis egestas. Fusce aliquet magna a neque.	t	f	2022-03-28 20:21:28
124	80	190	Pellentesque habitant morbi tristique senectus et netus et malesuada fames ac turpis egestas. Aliquam fringilla cursus purus.	f	f	2022-12-13 21:20:03
125	15	150	et malesuada fames ac turpis egestas. Aliquam	f	f	2022-12-28 10:10:50
126	162	103	Mauris eu turpis. Nulla	f	t	2022-10-03 21:39:20
127	129	66	aliquet molestie tellus. Aenean egestas hendrerit	f	f	2023-01-15 15:55:18
128	199	62	Nulla semper tellus id nunc interdum feugiat. Sed nec metus facilisis lorem	f	t	2022-10-01 20:54:18
129	162	155	facilisis facilisis, magna tellus faucibus leo, in lobortis tellus justo	t	t	2021-08-21 03:50:35
130	178	160	auctor. Mauris vel turpis. Aliquam	t	t	2023-04-21 00:06:22
131	40	122	dictum. Proin eget odio. Aliquam vulputate ullamcorper magna. Sed eu eros. Nam consequat	f	t	2021-08-03 11:39:36
132	167	143	vitae velit	f	t	2021-06-17 08:25:03
133	3	167	litora torquent per conubia	t	t	2021-07-27 05:12:22
134	133	171	a neque. Nullam ut nisi a odio semper cursus. Integer mollis.	t	f	2022-07-12 05:46:13
135	159	169	Etiam laoreet, libero et tristique pellentesque,	f	f	2022-08-30 01:04:28
136	105	18	metus sit amet ante. Vivamus non lorem vitae odio sagittis semper. Nam tempor diam dictum sapien. Aenean massa. Integer vitae	f	t	2021-06-12 21:22:03
137	47	105	et magnis dis parturient montes, nascetur ridiculus mus. Proin vel nisl. Quisque fringilla euismod enim. Etiam	t	t	2022-08-28 20:45:36
138	113	58	nulla. In tincidunt congue turpis. In condimentum. Donec at arcu. Vestibulum ante ipsum primis in faucibus	t	t	2022-07-15 06:49:15
139	4	40	convallis	t	t	2021-11-03 22:21:02
140	142	145	erat	f	t	2021-07-08 20:53:15
141	92	126	at, libero.	t	f	2022-03-30 04:55:29
142	145	42	sed orci lobortis augue scelerisque mollis. Phasellus libero	f	t	2023-04-20 08:46:27
143	130	25	dis parturient montes, nascetur ridiculus mus. Proin vel arcu	f	f	2023-02-17 03:24:00
144	158	19	amet, consectetuer adipiscing elit. Curabitur sed tortor. Integer aliquam adipiscing lacus. Ut nec urna et arcu imperdiet ullamcorper. Duis	t	t	2021-09-27 23:03:54
145	145	68	ac tellus. Suspendisse sed dolor. Fusce	t	f	2021-12-20 10:20:01
146	20	168	volutpat ornare, facilisis	f	f	2023-04-08 03:38:11
147	31	55	adipiscing lobortis risus. In mi pede, nonummy ut, molestie in, tempus eu, ligula. Aenean euismod mauris eu	t	f	2022-12-22 16:12:41
148	60	155	ligula. Aliquam erat volutpat. Nulla dignissim. Maecenas ornare egestas ligula. Nullam feugiat placerat velit. Quisque varius. Nam porttitor	f	t	2022-02-14 05:09:30
149	59	144	Nulla tincidunt, neque vitae semper egestas, urna justo faucibus lectus, a sollicitudin orci	f	f	2023-05-14 23:00:27
150	102	197	netus et malesuada fames ac turpis egestas. Aliquam fringilla cursus purus.	t	f	2021-11-27 09:32:22
151	29	186	ornare, facilisis eget, ipsum. Donec sollicitudin adipiscing ligula. Aenean gravida	f	t	2022-01-01 20:05:31
152	65	22	libero lacus, varius et, euismod et, commodo at, libero. Morbi accumsan laoreet ipsum. Curabitur consequat,	f	f	2022-01-12 18:25:59
153	37	107	feugiat metus sit amet ante. Vivamus non lorem vitae odio sagittis semper. Nam tempor	t	t	2021-09-15 14:04:56
154	54	177	turpis egestas. Fusce aliquet magna a neque. Nullam ut	t	t	2023-05-01 17:40:34
155	8	133	posuere cubilia Curae Phasellus ornare. Fusce mollis. Duis sit amet diam eu dolor egestas rhoncus. Proin nisl sem, consequat	t	f	2022-07-18 15:55:46
156	198	179	accumsan sed, facilisis	f	f	2022-09-25 15:05:06
157	41	191	sed libero. Proin	f	t	2021-07-13 01:16:36
158	16	70	nascetur ridiculus mus. Aenean eget magna. Suspendisse tristique neque venenatis lacus. Etiam bibendum fermentum metus.	t	f	2021-11-18 14:36:44
159	159	96	Sed auctor odio a purus. Duis elementum, dui quis accumsan convallis, ante lectus convallis est, vitae sodales nisi magna	t	f	2022-06-16 03:19:24
160	119	194	facilisi. Sed neque. Sed eget lacus. Mauris non dui nec urna suscipit nonummy. Fusce	f	f	2021-07-02 07:52:14
161	139	179	adipiscing elit. Etiam laoreet, libero et tristique pellentesque,	t	t	2023-03-09 19:18:02
162	107	44	lacinia. Sed congue, elit sed consequat	t	t	2021-11-03 01:49:04
163	12	56	Aenean sed pede nec ante blandit viverra. Donec tempus, lorem fringilla ornare placerat, orci lacus vestibulum lorem, sit amet	t	f	2021-09-13 01:29:58
164	103	19	urna convallis erat, eget tincidunt dui augue eu tellus. Phasellus elit pede, malesuada vel,	f	t	2022-09-28 17:51:10
165	126	94	pharetra nibh. Aliquam ornare, libero at auctor	f	t	2022-05-21 03:24:08
166	2	38	hendrerit neque. In ornare sagittis felis. Donec tempor, est ac mattis semper, dui lectus rutrum urna, nec	t	t	2021-08-21 00:48:10
167	171	19	lacus. Aliquam rutrum lorem ac risus. Morbi metus. Vivamus euismod urna. Nullam lobortis quam a	t	t	2023-01-21 11:42:22
168	72	109	felis purus ac	t	t	2023-01-29 04:45:30
169	26	7	risus odio, auctor vitae, aliquet nec, imperdiet nec, leo. Morbi neque	f	f	2022-05-23 13:54:43
170	150	23	nunc. In at pede. Cras vulputate velit eu	t	f	2022-11-03 02:48:58
171	94	83	auctor ullamcorper, nisl arcu iaculis enim, sit amet ornare lectus justo eu	t	f	2023-04-27 08:46:16
172	157	159	Maecenas mi felis, adipiscing fringilla, porttitor vulputate, posuere vulputate, lacus. Cras interdum.	t	f	2022-10-25 09:47:48
173	143	143	varius et, euismod et, commodo at, libero. Morbi accumsan laoreet ipsum. Curabitur consequat,	t	f	2022-08-06 18:30:17
174	163	181	dui augue eu tellus. Phasellus elit pede, malesuada vel, venenatis vel, faucibus id, libero. Donec consectetuer mauris id	t	f	2022-06-15 09:15:57
175	169	174	pede et risus. Quisque libero lacus, varius et, euismod et, commodo at, libero. Morbi accumsan laoreet	t	t	2023-01-26 03:25:59
176	117	41	arcu. Aliquam ultrices iaculis odio. Nam interdum enim non nisi.	t	f	2021-10-26 02:41:16
177	114	64	neque pellentesque massa lobortis ultrices. Vivamus rhoncus. Donec est. Nunc ullamcorper, velit in	t	f	2022-03-17 08:02:15
178	173	44	dolor. Fusce feugiat. Lorem ipsum dolor sit amet, consectetuer adipiscing elit. Aliquam auctor, velit eget laoreet	t	t	2022-01-14 08:00:04
179	177	132	nec tempus scelerisque, lorem ipsum sodales purus, in molestie tortor nibh sit amet orci. Ut sagittis lobortis mauris. Suspendisse	t	t	2022-06-12 07:48:05
180	68	113	ultrices. Duis volutpat nunc sit amet metus. Aliquam erat volutpat.	f	f	2021-10-15 21:12:03
181	114	103	nisi nibh lacinia orci,	t	f	2023-02-15 05:34:32
182	72	160	placerat, orci lacus vestibulum lorem, sit amet ultricies sem magna nec quam. Curabitur vel lectus. Cum sociis natoque	t	t	2022-04-07 10:23:21
183	157	122	augue malesuada malesuada. Integer	t	t	2023-03-08 03:57:45
184	39	36	Donec nibh. Quisque nonummy ipsum non arcu. Vivamus sit amet	t	t	2022-07-13 16:32:29
185	66	167	pellentesque, tellus	f	t	2021-09-25 22:27:40
186	187	35	facilisis vitae, orci. Phasellus dapibus quam quis	t	t	2022-06-25 06:16:01
187	52	158	pede nec ante blandit	f	t	2022-12-20 00:26:30
188	12	176	consequat, lectus sit	t	t	2023-02-27 16:51:08
189	156	75	adipiscing. Mauris molestie	t	t	2022-12-18 20:59:12
190	98	145	congue. In	f	t	2021-06-16 03:39:54
191	121	38	Integer eu lacus. Quisque imperdiet, erat nonummy ultricies ornare, elit elit fermentum risus,	f	f	2023-02-07 15:25:43
192	93	120	vestibulum nec, euismod in, dolor. Fusce feugiat. Lorem ipsum	f	f	2021-11-01 08:48:56
193	61	34	lobortis ultrices. Vivamus rhoncus. Donec est. Nunc ullamcorper, velit in aliquet lobortis, nisi	t	f	2023-04-08 13:52:39
194	182	64	leo. Vivamus nibh dolor, nonummy ac, feugiat non, lobortis quis, pede. Suspendisse dui. Fusce diam nunc, ullamcorper eu, euismod	t	f	2023-02-13 12:39:44
195	47	76	fermentum metus. Aenean sed pede nec ante blandit viverra. Donec tempus, lorem fringilla ornare placerat, orci lacus	t	t	2022-02-24 04:31:27
196	147	62	magnis	t	f	2022-04-28 10:40:09
197	77	176	ac nulla. In tincidunt congue turpis. In	t	f	2022-12-27 04:01:07
198	97	103	lacus. Cras interdum. Nunc sollicitudin commodo ipsum. Suspendisse non leo.	t	f	2022-08-03 02:18:51
199	42	139	dis parturient montes, nascetur ridiculus mus. Proin vel arcu eu odio tristique pharetra. Quisque ac libero nec ligula consectetuer rhoncus.	t	t	2021-06-07 13:48:28
200	155	47	Phasellus nulla. Integer vulputate, risus a ultricies adipiscing, enim	t	f	2022-02-17 08:39:43
\.


--
-- Data for Name: order_status; Type: TABLE DATA; Schema: public; Owner: user_1
--

COPY public.order_status (id, status) FROM stdin;
1	parturient montes,
2	bibendum
3	luctus et ultrices
4	aliquet. Phasellus
5	neque. Nullam
6	placerat. Cras dictum
\.


--
-- Data for Name: orders; Type: TABLE DATA; Schema: public; Owner: user_1
--

COPY public.orders (id, user_id, status_id, created_at) FROM stdin;
1	102	5	2021-05-24 03:04:53
2	3	1	2021-07-02 02:31:59
3	48	4	2023-01-20 13:35:57
4	155	5	2021-05-25 13:56:49
5	52	3	2022-10-22 02:19:34
6	68	6	2022-02-02 09:47:52
7	64	3	2021-12-19 12:06:56
8	105	4	2022-04-18 14:34:44
9	102	6	2022-10-29 03:52:07
10	195	5	2022-01-24 16:20:58
11	195	2	2022-04-13 02:49:39
12	87	3	2023-05-02 16:40:26
13	65	3	2022-11-03 05:39:34
14	30	1	2022-11-04 17:59:58
15	36	6	2021-11-13 15:11:04
16	87	2	2021-07-25 02:55:01
17	191	2	2023-03-07 04:48:29
18	126	2	2022-02-20 21:54:05
19	8	2	2022-03-08 15:18:24
20	51	3	2021-07-06 04:31:47
21	32	3	2021-12-11 20:35:31
22	138	6	2021-08-31 20:14:28
23	40	3	2022-10-31 10:36:59
24	20	5	2022-04-08 11:32:01
25	117	1	2022-10-07 15:31:46
26	38	1	2021-12-19 22:28:58
27	161	3	2021-08-30 12:56:13
28	186	4	2021-06-13 16:29:19
29	94	1	2021-12-26 13:40:03
30	35	6	2022-01-17 16:37:32
31	173	5	2022-12-20 12:06:40
32	172	4	2023-01-06 10:38:22
33	65	2	2023-01-03 23:58:46
34	135	5	2022-04-01 22:16:17
35	98	1	2023-04-28 04:19:53
36	2	3	2021-09-21 04:21:07
37	126	2	2022-02-01 02:25:22
38	158	3	2022-09-30 15:59:51
\.


--
-- Data for Name: photo; Type: TABLE DATA; Schema: public; Owner: user_1
--

COPY public.photo (id, url, good_id, size, uploaded_at) FROM stdin;
1	860D9A99-36A3-4A45-22A3-872EC5C279B7	157	1882	2021-06-29 08:47:13
2	01B60883-1EF2-4D43-A043-43CC74171DFB	173	1586	2022-05-11 23:28:45
3	F378E027-28C1-859A-B3CA-CB2C77495EDF	10	985	2021-12-25 11:19:42
4	68D1CE7A-6729-9EA8-6563-EADA834A6A6A	203	1886	2022-10-07 17:15:09
5	CE62380E-BE52-E11C-FC68-19D5C3003212	168	872	2021-08-24 09:22:22
6	3DB9C9FE-3FDE-9E1D-C669-9CC2164AD25C	185	938	2022-09-20 07:35:04
7	5BBD5533-C29D-24D8-73C5-92A629D5E7C8	225	811	2022-02-24 14:40:03
8	8D49F847-0FDE-68C4-297E-2BAA012CE5C3	97	1970	2022-12-25 05:55:44
9	9AD15B8B-EC94-3A11-2E5C-2E1C328D95E9	104	958	2022-01-20 00:27:53
10	906E6F3A-CBD4-18ED-D67B-585810FDA3E4	1	1609	2022-02-24 19:36:03
11	1A2F0CAA-8610-2C58-B4E9-B1B96C56967A	271	1023	2021-11-25 18:56:10
12	C1B8631C-301E-6A69-44E8-CC9D1D2A1657	85	670	2023-04-15 04:26:14
13	E7B8EAD7-A1FF-A32B-4CCA-8AE3F15DCAE1	129	1028	2021-09-22 22:23:24
14	EB9C1A4B-2CBA-E7A6-C12B-78A203922A15	8	982	2022-07-25 03:25:19
15	293565EC-E154-B2C1-5047-E9BD539E1016	186	1506	2022-02-23 22:34:46
16	4F45CBDD-BD6C-6EEA-22D7-99C9EBE8934B	46	820	2022-02-22 05:05:38
17	67505ED0-8E47-D8ED-8DE5-85629CAB80E0	210	1701	2022-07-13 21:02:21
18	46E27261-90A8-8E4C-6C0C-69F743563989	55	959	2023-01-08 07:25:48
19	9BD37E6F-F79D-B724-40C0-4B633E76809A	16	1178	2023-05-05 13:37:59
20	D5E95362-8927-313D-BA8A-4803359A48EB	227	1387	2021-11-20 00:16:58
21	81192C4B-716E-2473-58A6-1798EA2488B5	257	1546	2022-06-20 22:21:51
22	EACC7F2A-224B-B162-BCEF-34DDD612D3A3	42	1138	2023-03-10 23:17:28
23	639E2888-2D9D-EBCB-4665-EC0EE14A42EB	169	867	2021-09-22 02:34:31
24	168CF119-68B1-9464-5481-F50968ECD479	11	1436	2022-06-01 01:22:24
25	FCAB22C5-91F8-4E8A-0CB7-55A2A72BA799	42	1027	2022-06-30 08:45:44
26	1D85CE9A-54D6-C4EB-8298-C88E839BB399	59	1615	2022-03-27 13:17:20
27	800D7A59-9B9E-5653-D791-D35880A89807	206	1301	2021-06-20 18:30:06
28	B877A0AA-058C-4A1F-A7A9-8ABB5C1D2236	41	772	2021-08-24 14:25:40
29	49A8B62D-4DAD-886A-B9DC-3B70483D4E44	30	1325	2021-12-06 17:21:58
30	C5616236-57B4-A7D9-7474-D8B4CB157B17	196	500	2023-01-14 15:28:31
31	EB3D9C71-741E-5E54-7A0D-E35448C38B51	163	1965	2023-04-10 09:01:39
32	7D434D15-2B9E-5526-BC1E-89AC46BCD4BE	157	1569	2023-01-09 19:36:19
33	E6EC83D6-DA45-9FAE-6B49-ECDD219B9618	20	1192	2021-08-29 21:23:09
34	1C9D42A2-6D26-39E3-FF95-728CDEEC4996	53	1897	2022-08-17 06:10:33
35	65CB143B-E69E-0462-4A8E-012390869AE0	83	313	2021-09-28 05:09:30
36	5ED9CA35-CB3A-FF7E-3142-D89D314924E9	241	1697	2022-09-27 05:47:19
37	CA91CE35-71C8-A0EA-558C-292B988D691A	113	1195	2021-12-21 12:34:42
38	1C3316A9-EB33-393A-7A15-945A57B8E4D7	203	885	2021-09-18 20:58:20
39	AD3FADBC-5A9B-5D18-C69E-5BF63DEE5916	38	1682	2022-03-27 10:09:27
40	FA445779-0BC6-6749-B2B0-915D4ADE1F9A	215	925	2023-03-13 22:46:58
41	B2CE2224-B22C-5058-E4DB-9F913032AD5A	226	1504	2022-10-10 00:34:55
42	18039C92-3DD8-BBA2-6437-47F5A7A1FDA4	163	495	2022-09-17 02:14:12
43	85920EE4-675A-912B-584F-B97E1ECA1CD9	40	1262	2023-04-06 08:40:32
44	C2D149AC-9956-A271-4C5C-D1F68488B933	137	1050	2022-04-08 08:29:36
45	C22911C7-A67D-A28B-76CC-D68A759B3B0D	199	982	2021-12-13 12:03:08
46	A78A28A9-EB9C-6D3B-84A7-7FD72A56798A	77	607	2022-01-28 01:19:56
47	31D5661D-7AAE-31E3-A1C8-965491499875	284	1412	2023-03-09 21:56:08
48	C501E3DD-782D-8ADA-6A1A-E074D6DABD3C	168	1626	2021-07-10 23:12:47
49	29E3D4E5-ABF7-546B-45C2-7C2925D244E3	230	1386	2022-08-29 13:10:28
50	4985BC74-9E34-8C48-7928-8FD1C6C39953	243	851	2023-04-07 23:15:36
51	EAEBE59C-3CA2-4577-E74D-43521E92C321	179	750	2022-11-20 11:52:34
52	D6004C38-9716-A497-2459-64B0DEB3675C	57	1890	2022-07-24 17:51:05
53	98164612-AB1E-604B-98D7-1C83E4B3DE8E	99	1842	2023-01-01 08:32:24
54	D72B8A80-242A-6525-008C-265C7988B842	98	852	2021-11-29 20:02:25
55	F3D76256-7FD7-75F0-98FA-7EB13B31F320	280	704	2021-10-14 16:33:45
56	F13212A0-6CFE-DDB8-AD91-AD4ACC77AC45	290	1352	2022-04-15 19:31:46
57	66C96005-285D-0B2A-DE2D-B3E0E01F27A7	96	479	2021-08-30 22:47:45
58	415852AF-55F4-C275-60BC-3E32E692B066	203	1453	2023-05-09 03:06:17
59	9A54BB83-AB72-253C-75E7-DE99A614628A	88	1380	2022-08-27 18:44:53
60	D5A84A15-75BE-7489-524B-165CB7D27299	158	953	2022-08-25 10:13:06
61	A86059AB-ED56-A9D6-4575-2DAE4A2349AD	73	356	2021-06-24 11:33:57
62	D2D5CAA4-B26F-7869-47F9-8E7BBF9BE6DA	100	1196	2023-01-09 15:04:20
63	127D1C76-8831-85B8-F793-C98E53AB63AD	72	1125	2023-03-25 08:29:47
64	ACAF8747-7574-753C-E54E-02B4577696FD	127	631	2023-05-10 17:26:10
65	6B7744DF-CB47-A24B-316F-74A6C329FB31	17	1641	2022-08-21 23:03:48
66	27536876-C5AB-5D1C-1118-E9B74F2A561C	118	1411	2022-05-16 12:57:26
67	E9FB722C-669F-8B3E-282A-521DA3603E51	180	354	2022-06-05 20:33:17
68	EE46A989-D126-9AD5-3E7C-90334FB6D62C	5	1962	2022-03-06 00:20:26
69	68AED8D9-7218-8672-63B2-D2F873B6F58E	187	1781	2021-10-13 04:48:47
70	1D25C65B-FD1D-47D0-7491-B9B86C9FC1B9	290	1869	2021-06-24 17:10:57
71	A472F677-D01C-BF7D-43A9-7233A8E90424	207	1639	2023-05-09 06:38:42
72	4A5D7212-76E9-C5CB-A979-4302F4856A42	133	946	2023-02-07 05:44:01
73	5D23CAE2-67F3-5218-FF5C-8E696E1A5199	174	1212	2022-02-12 11:38:40
74	C99E6551-8383-B1AB-8D56-8A8BA3ACBFE6	256	1689	2022-06-29 14:40:38
75	5C4AF006-1117-E499-6D03-EBCBC86A715C	176	957	2021-12-20 04:25:52
76	A66DEE04-6D2A-C56B-4DD8-E576787B82F9	100	415	2023-03-26 04:25:38
77	FB8B3D19-2074-88E1-CA8A-366E3A0E6DB2	235	1448	2022-07-25 04:22:12
78	67591FCD-A2DC-4963-BA9A-A7C7404D5942	8	922	2021-10-06 13:50:39
79	56C4EC76-C2D1-6EF4-2CA2-3B1E9315D84E	259	1209	2022-11-18 20:29:41
80	1A1FF322-A020-8997-93C8-8597629F848A	189	563	2023-01-01 08:00:52
81	04F8D388-E61F-44E8-9289-9125B7CD2BE4	157	422	2023-03-05 15:49:02
82	DA6AE377-14C8-8D77-4F56-BE349E42C17C	79	1632	2021-07-12 17:16:17
83	593B1DB5-3218-7E88-7F26-C7227CBED427	247	1507	2022-05-07 12:09:41
84	0FFEC184-1745-2477-9D29-4D62ACDDF459	228	731	2021-12-24 08:18:31
85	9E2E7C48-3EF4-5953-7A4C-E52599F2EA38	44	1380	2022-07-14 20:25:22
86	643E53A9-E1E8-6B88-5565-EA69D38D9318	85	1668	2021-07-01 16:50:00
87	CA86D332-2D12-3A2D-FBA9-A40E779D1335	148	1163	2023-03-31 06:38:21
88	471B7EA8-8FF5-3F9C-6C94-3D573011E734	205	929	2022-01-26 10:53:58
89	3B4A9BBF-A4F3-ED4E-EB1C-3A8D8A7D8517	236	1938	2022-10-03 23:17:15
90	265F5256-95D8-27A7-519A-3CC44B113849	46	1557	2023-03-13 10:23:03
91	2B7CE492-A2D6-C55E-618C-76827C186F78	147	542	2021-07-17 05:41:24
92	7930FCA8-4DAC-678D-A859-F736B35A9D41	169	1647	2022-02-24 12:28:49
93	4A67D775-8EDD-1265-DD71-D53E41096E28	6	1732	2021-06-28 05:39:22
94	6BEE1602-68BD-5A21-54B1-CAE699614F35	178	1626	2022-05-12 03:32:34
95	E5101C39-02A9-0A94-D5F0-9B01E977C5E2	282	1066	2021-11-18 07:33:47
96	EA360916-4C95-3898-0A55-9B91C9744CD3	242	1697	2021-09-08 20:23:07
97	D554CA8E-2BBA-FB50-ADB7-7BFE2FEB458C	94	1139	2021-11-15 08:09:04
98	EC64E763-7436-7AED-166B-67B54E999289	121	1099	2022-07-10 23:02:07
99	E53A3AA9-AD08-DBFD-DDC6-043724981911	34	629	2021-12-01 08:52:39
100	F102DCA1-15E6-9E36-927A-E4AC0856F578	297	1529	2021-11-04 05:01:24
101	89DA98C5-B9FF-2C75-43A3-F2323B650731	134	1127	2023-02-04 00:59:05
102	1969559D-BD8A-D94C-FDB4-23816A5E1B1B	290	1067	2022-03-22 11:50:10
103	63077C1B-622F-D2A9-B29A-46CE85DCCA5D	56	1980	2022-09-19 04:35:53
104	9852BD83-0117-B053-AA75-7F310ECCD8C2	233	1251	2022-09-07 21:06:53
105	3A9E6146-85C1-5EA2-1436-B488761767AA	202	406	2022-11-23 21:08:06
106	4B4675A0-1C48-ECC4-BA73-A0AC44209CA6	12	824	2022-08-22 05:21:19
107	08EAA2DB-D317-1B24-64AD-8181DE1A8B0C	74	1554	2021-10-20 06:27:15
108	72E659D3-550A-0A5B-3DB8-F7DA0E4F9AB7	12	1742	2023-02-27 23:25:28
109	3CC8BDA6-24A3-8CD6-E9D1-10447513849D	28	1263	2021-08-01 13:42:05
110	20F882DA-BB27-E57A-DAB9-A8DD23C2EDDE	281	1619	2021-11-07 04:14:10
111	211C699B-B104-B318-5627-2C1B4352058E	69	860	2022-05-05 00:13:26
112	84915E72-9616-6A14-5332-C829750979E0	263	1395	2022-06-29 05:39:45
113	5ED7627B-D1FF-7ADE-9E04-99479849295D	119	883	2022-10-03 00:09:04
114	2AA4294B-BF1F-8618-68E4-C663B6FAEC51	219	1004	2021-06-06 18:07:45
115	CE0C041E-CDA9-5944-38F1-6A407C3B0E35	129	998	2022-03-05 02:38:28
116	9EE69AF4-AA98-896E-4DBC-FAFA37981DE4	298	1299	2022-08-08 00:47:35
117	091AEBFB-8EB8-9E27-02B7-68314A796B2F	48	1007	2023-01-27 06:19:11
118	367BA56E-4D8B-9D51-1C2D-248DE3E18CE6	115	1005	2022-10-03 12:30:44
119	3D4FCA76-46C3-B4EB-10B1-B56E123EC951	8	1985	2023-03-11 02:41:39
120	DBEEBAB7-EFD7-31EC-D01C-663EA18D1087	204	662	2023-02-17 22:51:35
121	38A6FE24-E2D3-28F5-6102-E3E8F70E323A	149	483	2023-03-27 12:45:26
122	EC1775BF-11E7-B6B8-3DC0-EBEB2484D45E	121	458	2021-07-30 13:11:22
123	D4DBED8F-C7B4-CE33-19D8-56366ED459E7	110	413	2022-01-06 11:20:46
124	14003168-5D57-25EF-5E5D-4011BE339C1C	213	1735	2021-06-03 10:24:49
125	F0F77202-E6CA-3BAA-EEB8-45C7446DB7F2	103	1421	2022-11-05 00:47:37
126	A941691A-477C-9511-A1B2-680A1EC20DE7	67	702	2021-08-08 14:23:34
127	5EE1BB79-32E4-32DC-E868-DA0195A3CE53	224	1898	2021-12-10 01:17:52
128	D4B7E371-B24E-919A-95E1-AD4AAB205DAB	107	1273	2023-04-07 21:57:28
129	0CCD6CA4-943E-0B7D-4768-9D1BAC2E374C	41	1232	2022-01-22 00:46:09
130	DA9F8833-2E07-999C-1C8C-A18DE55D9833	101	1257	2021-09-28 14:06:37
131	8A19D7CD-D9D5-F619-DEA4-A842269C1A55	68	1800	2022-12-24 14:30:31
132	942A1A29-E2E1-31BE-7EF6-D3D38C41C22E	76	634	2022-07-09 10:58:50
133	78BD5C6B-B132-ED22-2178-9C494A16CA27	197	525	2022-02-17 09:44:48
134	AD83D9E2-995D-54B2-99E8-8331D2689227	154	1729	2022-04-14 21:03:07
135	873457B2-31B8-AE42-5E9C-83ADC75442B1	56	1880	2021-07-22 03:28:39
136	C9E2E426-B41D-95A9-BAD9-9F36A3CB2951	189	441	2022-05-23 02:01:21
137	172B0389-1A42-166B-2532-4B71006D9798	141	1946	2021-06-28 13:05:15
138	D3C3A5D8-9BB6-5558-BB65-0F243C1284D5	96	1143	2022-08-04 05:00:13
139	42F222B4-2D51-8A18-C42E-D4615B16B29E	35	1108	2022-03-09 20:48:20
140	334E275C-41E5-3799-52AB-7AC5ED45D81D	242	1942	2021-08-12 19:56:56
141	7A43B0AE-5963-877C-42B6-C925CE5BA597	16	935	2022-04-10 19:55:52
142	5C81475B-0040-391A-9924-4D364340BDA7	156	490	2022-05-20 03:39:12
143	71D15EB3-DD29-5F3E-4A7E-572DC0EB8BB1	73	925	2022-05-23 21:20:05
144	80E444DE-48C3-7527-9D37-95D716E80233	94	1396	2022-06-02 11:39:11
145	2EA1BCA5-D75D-1D54-7B9B-A92681310883	85	363	2023-02-25 20:05:57
146	0DD9BBBB-5BE1-5574-7C45-D4592C5A3D8C	57	405	2022-07-25 08:41:26
147	97A4A95C-3ECA-D97B-93D4-52EDB646DA74	190	386	2023-03-28 22:55:32
148	C1CDCEE9-AC89-49E7-FCCA-A5AD3674EEC7	230	960	2023-04-27 23:15:02
149	6D278EB6-A366-A518-DED6-9AA567B23008	29	1649	2021-05-26 14:36:55
150	4036220F-47DC-2DAD-A9D4-9978CDC62DDE	142	737	2022-04-07 14:47:07
151	A0A79756-3630-917B-6691-D43D26E4A3FD	224	1332	2022-06-27 15:04:15
152	9FFDDDC5-ED8B-875B-448A-C2ECF48731C9	165	1382	2022-08-28 10:48:31
153	59D9DE35-827E-E9C1-1FAE-2C2C9C376298	122	1842	2022-02-11 15:44:26
154	14EE343B-843F-D787-ED3D-C578D349C9AA	194	847	2022-04-29 13:02:34
155	D40CC4A8-B078-A8C5-4E89-581783DF1C12	235	1805	2021-05-25 03:41:42
156	7B8044DE-FCA2-88A1-2101-1A36DA44DD7A	125	980	2022-11-06 13:52:54
157	ADE70E16-97CD-48B5-A865-71796CBAD075	217	1017	2022-11-28 14:50:50
158	8071164C-C5C8-387C-3818-C856952B816A	187	1488	2021-10-21 01:09:18
159	87B89A50-F57C-9D2B-6518-618D21D1A796	130	402	2022-10-20 22:26:00
160	32D6E2F3-8B69-245C-E995-BFE5824EB3D6	207	1176	2021-08-27 13:23:43
161	41C08155-7CC8-E1DC-D050-BED759776844	180	565	2022-07-03 21:22:24
162	6B13646F-FECF-AC6E-B985-1CBB2BC56A26	130	1392	2023-04-16 21:07:46
163	44E828AE-3709-25CA-B874-627627BBA97E	201	1711	2021-09-24 07:43:14
164	683D3238-8C1B-59D9-6514-3467E9974EA7	120	678	2021-10-15 20:54:53
165	C2D13C9B-12A0-31CA-ACCB-1332B0E72210	210	1927	2022-12-02 21:14:51
166	A637092A-7A3C-51C8-6EAA-9995619E1631	270	1444	2022-05-12 15:24:46
167	6D97544A-43AD-C164-9928-8E73AE04A7B2	43	1803	2022-04-20 03:39:50
168	F9A663BA-C239-D99B-8314-4769BB741E23	242	785	2021-08-13 01:07:44
169	CBD5F2E4-C76B-5297-4274-721048E93070	102	377	2022-12-17 04:13:33
170	1252E9A7-D44A-2828-DC3C-0E49AAA4DADD	273	568	2022-01-08 08:08:50
171	E2964787-4A4A-25FD-C45C-6792EB453D31	178	1540	2022-01-17 00:28:19
172	76A441C5-831A-8A78-7971-ED927EB9E5FB	143	1259	2022-08-04 08:42:58
173	67D4AF97-824F-54EA-7671-4223B6E1BB53	89	1281	2021-06-25 13:25:10
174	8694A1D4-EC21-2758-2D01-5E8DD43A75EA	162	765	2021-11-23 05:18:36
175	BC2BE8A4-99CA-BD74-4826-2948D6ED1BD3	47	1038	2023-05-08 21:33:12
176	145D5C13-A6D5-C2CF-F78F-2AA292414991	6	670	2023-02-23 06:18:38
177	E832C2AE-1CD2-1D49-D70E-2DD87A2F4B71	180	481	2021-07-17 11:30:59
178	A85FC3B9-7BA1-A439-86B6-A3445B79EB84	74	488	2022-04-17 08:18:35
179	97DB828E-1F58-8819-CB22-7242BF148AAA	209	1435	2023-02-17 08:54:38
180	B6E42FAA-EE9F-2D5B-5258-25D5AB4A382D	92	989	2023-02-11 13:24:05
181	D67C2A36-099B-43BB-3F88-54A8594BCF45	289	1747	2021-09-28 10:41:55
182	51716C4A-1CD0-2C5C-D725-CE038816C36E	94	773	2021-12-17 19:58:56
183	C287B842-09D5-44D8-AC93-612DF941D1CD	109	1879	2022-03-16 06:26:06
184	7C44B946-D93A-C8FB-0818-5FC43ED6A832	192	1044	2022-07-11 00:59:03
185	075A9083-59E8-70CB-7AD7-E145D6E127E3	30	1554	2023-02-21 12:53:02
186	7B7C27D1-CA9C-5ADE-8C82-5189516AED39	261	713	2023-02-05 11:20:06
187	56D66BF5-4ACD-1EC8-5E51-53BA4184AEE8	23	912	2021-11-19 14:17:51
188	CAC92DBD-8A2E-44A1-17CD-DFFC6BC5CD9F	259	1129	2022-05-12 11:39:36
189	BC2B3B94-04C9-421A-85F2-C4259425942B	115	1547	2022-04-06 03:59:22
190	7BD8E45C-48C9-5AE0-6380-95ACB646D29D	16	1272	2022-11-28 11:28:30
191	8AC663D1-BC84-A7FF-EEBB-93D3427736C9	56	561	2022-06-08 09:16:06
192	B95A2873-68B6-926E-5D80-A6924962D157	213	457	2021-08-13 06:38:36
193	E2CE38D5-64FD-BD73-84DC-46A0816E869C	171	320	2023-04-23 02:30:32
194	EE587E77-3F67-436F-8597-0787753B788E	223	352	2023-05-10 04:42:27
195	39037463-62A8-FB87-E7B4-6A36BB323BF7	294	494	2023-05-06 00:09:51
196	BBC89B7D-C389-9B43-1942-4B43B6EA3D3E	202	1277	2022-01-13 21:16:07
197	7520463E-BE71-FE1E-CC1C-69B324697580	234	1422	2021-12-24 20:35:42
198	437BBD2C-4429-C225-D777-C75B954CB876	178	1444	2021-12-02 04:39:10
199	B3D875C3-DB44-BB68-21BF-39B37459D68C	146	1599	2022-06-22 03:05:48
200	74648C84-CEFA-708D-1773-81AD21E9CFD8	3	1317	2022-09-09 12:05:44
201	13F27E14-3BEC-6852-6FB1-5A534D61502D	62	1357	2021-06-09 01:08:52
202	2E881AE5-A822-3A38-A339-A16A56287206	117	1323	2021-09-04 22:53:31
203	71A0DACF-C63B-8175-CB23-A9641F259927	281	1085	2021-05-24 11:36:55
204	FA296E52-B209-2DDC-8DB4-F111D7515773	181	1208	2022-05-09 03:40:50
205	8FBA8829-3C81-4663-F3B4-435442831F29	102	1729	2023-04-04 22:33:30
206	8147E52E-2BA9-3D33-14AD-8C56531C5DB6	193	1215	2023-02-04 11:08:11
207	96C6797C-0B71-4BE3-997F-1D1796635276	13	1987	2022-06-22 01:28:50
208	3B578442-7141-B77B-808F-98B3BDDA5BA2	54	948	2022-03-05 05:20:18
209	C2EBE052-EECA-A43A-5B7C-BC69AF95ED3D	92	718	2022-07-01 23:07:38
210	C399A725-99C8-2C2E-0BA2-ACD49D8234E3	232	1415	2022-06-09 11:49:45
211	33141165-FBD9-9124-73EC-D942F4253B35	241	844	2022-04-08 07:30:29
212	CB7C672A-6F28-B714-4FBE-AECC7423229E	164	1530	2022-12-10 22:07:31
213	BA3AE164-0C1E-04E7-3653-EA6356DAAB18	40	959	2021-06-11 23:19:19
214	D1DE76D9-DCF2-6F33-061B-E12CD3AD3344	51	986	2022-09-29 13:52:31
215	DDDD7B92-B4C6-F78C-E67C-AE9351E0B92E	167	520	2022-03-24 21:02:01
216	A67A7ABD-83B5-B979-D512-CEF98A84624E	123	1414	2021-10-15 12:45:55
217	9CC4A41C-EC9C-5D57-A5C0-E7644C54A205	246	1466	2022-06-01 16:26:36
218	A4C1F73D-4E8C-B7E9-CAB2-FA119AE109DA	127	1558	2021-08-15 01:49:14
219	942697EB-2F2E-F1A8-2D0C-59456AF45AAD	114	444	2022-01-22 09:07:58
220	F9658B00-1B9C-EBF3-6148-6E45FA80862C	244	899	2021-09-13 14:31:51
221	511D8C8C-8783-C03F-7E9E-64F9A7D37BFD	66	1910	2021-10-18 00:56:44
222	DCE8A159-6120-53DC-B2CE-3A62751189DB	80	1252	2023-03-23 02:08:44
223	9A894A8B-8D28-09B6-B163-1AEA9AB91691	201	1131	2023-01-19 15:16:45
224	4B584C4D-7A1B-A2CC-DB3C-251B451629F4	70	403	2021-11-29 20:25:16
225	95886481-2F63-DCC1-D65D-D74EDAB63843	53	359	2021-09-19 15:13:56
226	F457B1DA-FFA8-41D3-D8F9-E0E16DDF6A41	288	682	2022-09-12 14:16:23
227	13EDDD74-DC2E-0744-9CCA-346A3D68EE99	81	945	2022-11-27 12:21:06
228	192881D4-FB37-FE81-16F7-072287E12E00	208	812	2023-02-22 09:24:32
229	35D1DBA9-C658-93E4-7296-9B3229776CE2	271	1432	2021-09-28 07:19:31
230	B487D0A7-6A59-4C00-A210-D9FDD44E1A1E	102	736	2021-11-12 13:51:59
231	E0DA67D8-C270-D58E-56D9-442E86ECD6B8	62	1190	2021-06-23 09:01:44
232	4A9E0C66-72A1-5972-A933-472FD7C14A2B	92	817	2022-08-04 19:01:46
233	82310A7D-5414-1B67-4F3F-C29ED0A8FFC9	256	806	2022-03-27 16:55:57
234	609CA624-312C-2025-E4AE-817BC91AC5BD	187	1630	2023-02-08 00:55:01
235	265B3105-95AB-9945-7554-CE62D376B71A	151	1789	2022-05-19 06:06:57
236	BB96E669-4199-123A-2764-C768693469E6	94	1519	2022-09-09 10:28:34
237	CB131C2A-C5B8-6FB6-A731-8B669A284A95	241	1115	2021-10-20 12:03:17
238	7A838D6E-D7A5-908C-49EC-9A58ACCA6161	159	1566	2021-12-22 13:44:44
239	17629D6A-F2E8-6115-E61B-73999CD941D1	276	1206	2022-12-02 21:31:15
240	CB84DB9D-CED4-71C3-42F4-EAEBABB95D38	6	749	2022-04-30 18:38:33
241	DC581395-9B6D-C46E-E4BA-A52D19F46B64	88	1449	2022-12-23 15:38:34
242	4A4BC1DD-5C95-6AC7-DB21-311CA5E78359	49	377	2021-08-10 10:55:15
243	640566E0-207D-C5AA-4C5B-783C732BD1EE	169	1494	2022-05-08 05:56:07
244	C174744B-9719-0AAA-398B-C4562160BEEF	168	790	2022-06-01 15:33:44
245	6941E8B1-3139-DB9E-5117-B47D285AF361	250	1745	2022-06-07 10:56:41
246	685A7211-E9BB-3A2E-9C35-8DE707605C66	10	1350	2021-11-04 18:37:06
247	9A8D3AD8-3732-9F5C-2E5D-5C3BB7E8850E	45	985	2023-01-01 18:42:52
248	D19A19D0-3EA3-2E09-A5E7-6DE9E5D14563	87	1709	2023-04-28 21:09:00
249	EBB09D9C-4379-D3E5-EA4A-2B5ACE84A449	38	621	2023-03-07 16:59:41
250	BB2A6427-9BAA-1309-F1F4-335E9EE2EE82	281	1282	2023-02-01 06:31:01
251	024477BE-3B02-78A3-0692-167C8A652E6D	137	1559	2022-10-16 21:44:41
252	7B784869-5C37-5855-89CB-8A9F532BB53A	30	1566	2022-12-15 09:57:29
253	050F687F-AFA6-D9B9-874A-5A51F53E08D0	74	1948	2022-04-07 18:18:50
254	41B82979-33FF-BA7A-5EF1-5D526E257153	262	1324	2022-04-20 21:13:13
255	8D146927-D235-24A3-F322-E3A78F77921D	52	303	2022-12-13 09:29:14
256	F46EDC1C-5492-C7EA-D17C-B14317848691	153	1413	2022-12-16 07:43:51
257	AC84D593-C422-231D-39CD-36CD8E837EBC	192	1173	2022-08-13 17:11:35
258	6B414738-2C72-D269-5667-D6D25EA1E2ED	218	583	2022-06-14 17:53:06
259	C8D338A6-6959-E49C-A8A6-577609896D44	16	1224	2023-02-19 18:18:59
260	DC74EC29-2F1D-C71B-0A25-B3B1A2440A76	100	1199	2022-02-28 23:58:14
261	82886B44-2BE3-6CA1-AB5D-4E08936DC3D3	226	1344	2023-05-04 17:26:17
262	ED1A5A71-997B-C64A-3789-BE5662521452	205	1472	2022-06-21 11:07:51
263	2927641A-DCEE-0C43-4B49-53B71C949268	70	1475	2022-02-26 23:02:46
264	ED6D9FBF-D671-3442-86EB-8741E1AFBB4C	97	830	2022-04-08 19:51:59
265	5B66029E-1B1D-689E-7663-B724AA68F3C9	85	942	2021-07-23 21:50:14
266	C9B967AE-9627-9F1C-2352-90940661E21D	22	1726	2022-03-20 04:32:12
267	827FCB92-06D3-64DF-8EB6-401C36CB4336	242	1984	2023-05-19 18:13:29
268	32291856-6D48-A990-B396-14D69E36EB67	136	1689	2022-02-14 14:46:06
269	57D75D25-C95A-67A6-F365-9A745D303528	29	592	2023-01-03 06:37:07
270	B796BA72-7CD9-18E6-1579-6F42A739E227	24	1136	2022-10-29 21:30:27
271	A22DC7D2-7AA1-7E23-22FC-1BEFEFCBA91C	124	665	2023-01-17 01:32:28
272	1FFDDEE9-3ECC-226E-99C8-4D3449901D24	249	1661	2022-08-13 04:11:11
273	49796B13-2E73-8C2F-A34B-12342E1267D6	25	711	2022-10-10 15:41:31
274	A48CBDE6-9A9F-D423-3429-6D247576D1CD	179	1500	2021-08-06 00:27:22
275	9C06D762-DE29-3365-89BB-A86E922CE9F9	179	478	2022-05-26 18:33:09
276	0B75B87E-3A45-345C-762E-15F6BE14C771	17	1047	2022-12-21 13:25:39
277	0A72C7A9-4C1C-3144-2708-4DE588FED323	258	1668	2021-06-22 08:39:28
278	F702A6B6-BBE8-29F9-54BC-FA68EE211413	239	1891	2021-12-06 14:49:51
279	FE6E5270-569D-6CA4-1726-53579B6513BB	215	1278	2022-09-04 13:24:53
280	143652C3-5B22-8FE3-C231-E736761EB4BB	202	1899	2022-07-17 23:57:09
281	E1B79916-753F-9A15-4529-18DAB51687B6	1	1698	2021-06-08 15:54:59
282	1ACFADFE-F203-47C3-A400-77DD9B4564DA	50	1383	2023-05-19 23:17:58
283	359FAB1E-3616-A721-B847-EEB664E179DB	104	531	2023-02-04 23:19:29
284	346EDF28-5B7C-D868-AB78-71FE9AEBE77A	138	512	2022-10-18 11:01:31
285	D60F3ADC-EB25-12C1-DCB0-43AE27D95AAC	87	1112	2023-03-10 11:20:35
286	E5218B87-A6D7-6298-9B24-EE0D33DEB989	259	1827	2022-09-30 04:09:51
287	28631915-D5CB-ACD8-D1AA-CEA2E29A18EE	57	749	2021-07-14 05:41:52
288	101DD35C-27CF-EE24-5425-BA7ABA4709B4	44	850	2021-10-16 04:24:43
289	C3E9519A-B829-91B4-213C-5D2383C4D752	203	304	2022-03-18 12:25:36
290	4CF05595-D2E8-F386-5DE5-3282D11CB25C	127	1668	2022-09-03 21:58:28
291	D4DDB188-6E68-F12D-63D8-1C1DCB539DDD	201	1860	2023-04-13 12:26:25
292	7AB57525-2F14-2DB4-D0FC-8FA740965CA2	21	1996	2021-08-12 15:30:19
293	567CE546-5C2A-954D-AAB4-5855BA4B6CE1	30	378	2022-09-04 04:04:25
294	932E3D7E-E7D6-F507-B7A9-8A8638AAAB7A	172	1435	2023-03-30 14:12:38
295	6D881FB9-731E-516F-BB61-29C01E4811F9	298	496	2021-12-27 08:14:54
296	0DD75CD6-3C40-78F9-979E-5715C2E7ED42	201	1731	2021-09-13 04:02:10
297	3363FC7B-67DB-2CB5-6E44-3CC5CFCDD7A2	282	371	2022-12-13 06:51:57
298	CD9BFB16-0217-E97D-CE2D-C3B481146275	103	1508	2022-10-19 00:03:34
299	EA667265-EA23-8EF0-B493-20490D871984	72	1440	2021-07-23 20:13:32
300	48DF1C92-8705-29FA-9A5B-FDD20C17347A	135	1720	2021-10-23 11:19:47
301	B63694A2-9E2D-2B6A-2138-602B234A455B	166	595	2022-03-07 20:22:07
302	811F3C64-C0E3-462D-44C1-F822BA85C818	63	1510	2022-08-25 07:25:41
303	8E6926B2-8A89-DC7D-7C56-59EDECD69FFC	203	1064	2021-11-13 04:47:13
304	B735ABB8-915C-553C-5C65-21AA26EFFA48	135	1136	2023-03-22 05:58:02
305	977C61DD-501A-740A-D630-8748B6B33166	227	1559	2022-09-17 22:25:55
306	5425125F-B113-BAA5-1124-B686FCE5BBBA	152	1804	2023-01-25 20:12:08
307	AAEED9EC-8515-2E88-BCD6-99D6B74612C8	148	1411	2022-11-09 03:01:33
308	7CD479DC-E2E9-F0C1-AC05-892B7818BA84	275	542	2021-05-30 04:18:55
309	C34EE24E-9748-5685-3F4B-43154E28E71E	64	733	2022-06-23 23:58:36
310	0089A738-85A0-36E8-3913-A21A6D13D9CD	227	1276	2021-10-03 16:11:31
311	88FAABD8-4541-14C0-CF84-D0D61D6576D2	71	1264	2021-05-25 16:54:22
312	2C7773C4-742E-3BE3-5CAE-C9743369BC90	238	1658	2022-01-10 08:39:13
313	B2AC6D8D-EBB1-5CEA-7A53-E1E38C9706BA	257	634	2022-02-19 10:02:09
314	9857CF83-D58E-94AA-DA94-B15F79ACAAC4	89	303	2021-12-11 05:35:39
315	89A75043-6599-8F61-A5C3-1E388EECBC40	281	609	2021-08-14 17:17:37
316	9068A1C9-EDDB-A48C-E329-1884BDEB7E7C	184	1719	2023-02-09 13:03:43
317	F48A17B3-620C-3075-7EEA-E138CEC4BD22	87	1907	2021-09-24 23:30:32
318	C24D373C-6F23-2A45-FC7D-4408676276C1	279	613	2022-09-13 03:15:54
319	B8BE7A8D-4EB5-A13A-BDDF-ECA6A1724327	187	379	2021-09-29 03:50:55
320	2FB76B03-1973-1ACC-B419-BA59A66734D1	248	1498	2022-02-01 12:24:39
321	ED1B5ED2-BD95-4C9B-5A32-CBAA6174C373	55	403	2022-12-19 00:39:38
322	7D543B6B-7540-BE4E-C1C5-4BE589857E4D	291	361	2021-07-19 18:11:59
323	4E7498B8-4690-4A86-F818-2674FD4CBCC1	180	790	2022-04-13 01:27:43
324	ED9631ED-6B3C-FBD1-EA88-51D476723C52	185	1231	2022-01-14 15:30:35
325	3ACA8CBE-2232-3831-363E-4798B86DE08D	159	1475	2022-12-13 20:07:21
326	867CEE37-DC87-5E66-2258-CB302B4767E1	35	1467	2021-10-24 08:21:04
327	2BC2E23F-615F-FE6B-0A7C-B32EA797768C	184	703	2021-11-02 19:39:31
328	A9AEE3AE-288E-C8DB-9244-5BC99917B697	212	1704	2023-03-25 03:20:13
329	8BE4388D-0C2F-4E33-1878-D095E4523970	187	1631	2021-12-25 18:49:45
330	253558E9-5475-2B58-BDF1-667ECAD5D31F	97	651	2022-04-30 04:06:29
331	B2D22A76-37F5-8ADE-D8CF-7E57E3343EEB	131	1068	2021-07-01 05:43:15
332	DE62D4CA-6B15-97EA-A173-52565D3A7A7E	204	1016	2021-05-31 09:31:33
333	725D7BFE-E496-802F-9E36-950682A5B931	157	675	2022-11-15 09:48:30
334	31996FDD-8345-2E51-8624-4E5A746930F7	103	1987	2021-12-20 20:00:22
335	264A45EA-F6BC-D1D1-EE9B-400CDB96501C	35	1288	2022-03-07 16:05:46
336	494D651F-5041-4B14-354B-6DECDB55E46C	200	684	2022-09-12 16:20:17
337	5475EA4C-CCAB-6451-2927-81733FDAA079	225	1723	2022-05-25 15:06:33
338	845D467F-9795-61D8-435B-2BB7BADD4ADA	28	541	2021-07-24 01:04:29
339	A0AB1934-A923-9130-9B10-E7493C592F5C	81	1077	2022-04-05 16:48:47
340	EB91E5A1-AB36-BA98-BCAB-4CBE9F0E3CF5	27	1943	2022-09-05 06:19:25
341	48AB25B0-AAAD-097D-3A56-B321DA44D8E9	153	1196	2021-06-11 05:00:57
342	D9CBB11E-6AF7-A339-A756-9673859DD376	278	703	2023-01-14 10:25:29
343	44037891-A3E3-C71A-ED31-559A9DE177F9	151	1860	2021-07-20 23:03:13
344	ADC6E993-3853-6958-FD82-6339D0C3C2D3	263	1812	2021-08-15 11:18:41
345	2B236B22-11AE-4FB2-1335-4D4851ABE148	299	1147	2021-09-07 15:40:03
346	B30FD673-956F-02C9-C23D-B71E54A5EFEE	79	1132	2021-12-24 01:57:59
347	2E09562E-0C08-EC8F-734A-2AC54A2264B1	80	1185	2021-06-04 15:02:00
348	45B41331-AF04-57F2-C2A2-C13851994F42	128	1109	2022-06-15 20:17:45
349	41B76635-F7E1-566A-184E-D6B6E8831F21	102	1942	2021-11-17 18:59:04
350	7874716A-A983-B02F-6798-12939692D824	83	921	2021-12-21 19:10:06
351	71106B6B-9D7A-399B-566E-C575199755A0	51	979	2022-12-19 17:54:11
352	C9257945-E956-969F-9E93-6BBCA8BC8C58	243	1463	2021-09-23 15:11:33
353	56B5AB4E-AD33-B0E3-3EF3-34965E47ACD8	122	923	2022-06-12 18:55:20
354	775AC626-392E-B98D-6ACF-3A365E9F8D46	240	1937	2022-08-08 21:39:59
355	9F6CF92B-5A0A-8DFD-38BC-CDEBD70B88B6	53	474	2022-12-14 03:09:08
356	B3A2FBE4-4ED0-B21B-A9CA-2E4DEEF9D8DD	258	1248	2022-12-31 01:07:02
357	988591DB-61F9-0954-5225-9D32B7E944ED	249	1005	2022-01-05 05:22:06
358	EBB1F4F2-69CB-CC16-AB14-8634A58316FC	13	1282	2021-12-25 18:09:10
359	558966B7-138C-911D-4CC4-52767B649B3D	207	1748	2022-07-08 15:02:44
360	4DE675D6-3A3E-298D-AEA6-8D34EE98D9D2	87	1300	2022-01-12 23:46:18
361	A45A772A-14D0-AEEC-8977-22B4A88D8D93	97	1572	2021-08-30 06:56:34
362	D56D31C9-18E9-8A48-B507-9F83126C494D	202	1396	2023-04-13 17:47:08
363	AE67BCC8-45E3-6C14-3966-CC4BD4AAB692	255	1631	2022-10-17 09:21:32
364	714BFD3D-7FCD-C8B7-94A2-341AD311397C	28	1143	2022-12-18 11:22:35
365	B2441CCB-13E1-97C6-8ECA-95D82138C4C9	170	777	2021-09-14 13:07:58
366	4EDD5669-7DCC-A2A5-6DC8-542D8D8BE72C	218	1980	2023-03-15 08:11:46
367	318A1302-A2C4-D7EA-9E0A-519A51313D57	194	1221	2022-12-21 23:21:59
368	D5B7B626-9EA4-6E90-C4F2-CD5C0DEED69E	273	578	2022-07-13 04:26:38
369	C2DAF842-E12C-CB18-999B-3D1E34874C1F	221	614	2021-09-03 15:00:59
370	82545D86-3DEE-1779-A3E1-5873BAAB710A	8	718	2021-12-22 19:07:18
371	AFD7B808-0954-53EB-9545-3EE74AC1B01D	176	702	2021-06-16 22:43:17
372	52DBD502-AA26-1E77-328F-793ECD4A87A4	207	1325	2022-09-18 10:34:10
373	8EE8A03A-4411-AD04-493C-1BB0E95AC490	130	679	2022-02-06 10:30:37
374	7F283AD8-1219-15E7-1B1B-EB0AE37382A3	71	613	2022-05-09 03:32:28
375	3B4B961B-5C78-AA92-19A5-C5445BDB221F	225	1691	2021-11-06 11:43:22
376	B82B0BF0-B615-1B6C-8CCF-0454994FB5A6	202	421	2022-04-24 15:10:07
377	56F498B1-4A8D-1819-C1ED-CB947C92D31E	150	1620	2022-11-26 12:58:15
378	CD5E39A2-D1B3-9AC9-1AA2-3AA170E76566	36	1939	2022-02-18 02:02:51
379	066E2AEA-9E4E-5B71-6EF6-1C26988E2ACC	199	603	2021-10-03 20:38:34
380	196F31E6-A344-63DF-C45C-5D29C2FD7DFA	207	1798	2023-02-13 10:22:36
381	2CC352F4-5255-D141-5C37-290F2CD618BD	172	477	2022-06-15 01:08:43
382	CFC2EAB1-3929-3516-362B-55063DCE5514	249	310	2021-10-14 13:25:44
383	31678A78-F985-794E-5743-21C9B3E19961	76	1645	2021-07-26 00:55:50
384	C55476D9-B482-37BB-4A7E-F79AA7A7557D	223	1252	2021-10-05 12:46:52
385	D47D56AE-3142-D8EE-5436-0CE4A19E6676	277	1216	2022-12-10 06:48:05
386	F6F041B9-BAA3-74FA-53CE-78AB8ED37997	56	1576	2022-09-18 04:20:35
387	186C28E1-9FD0-ECA0-717A-199172C960D8	298	1302	2022-03-16 03:38:26
388	1BAB814E-FB2B-C294-00CE-119C7BA1D64A	261	1614	2023-02-05 20:33:25
389	07AA2332-DBBF-2A32-5EB3-A99E172D214B	32	1138	2022-09-29 13:39:41
390	37ACFDA9-737C-88ED-5094-BC7982314422	59	1866	2022-09-28 07:16:36
391	EAAF8061-B83B-B70D-E462-37163AC58A92	1	1832	2022-02-16 10:08:03
392	42D56927-B457-D6C7-A3BE-E568C9C5E2FA	32	1984	2023-01-11 00:19:24
393	43F128BB-D49B-5FAE-A351-3DF172417AC1	280	1139	2021-07-02 20:01:39
394	B5471C04-7BC1-491E-7807-C819B221113A	222	954	2022-05-28 04:48:33
395	AED42568-19B2-233D-2E3A-E44454B81192	113	318	2022-12-14 19:12:28
396	2C9624D4-3CF6-36CB-8BE3-879AB16BECDB	135	988	2022-09-03 03:58:53
397	F8CDA38E-FCE4-352A-D3D5-85BE76356CE6	120	1804	2021-10-18 03:58:34
398	ECDA8796-082C-8BDB-46A0-2D88CF98B047	57	1373	2022-09-07 17:12:32
399	C01D7B14-7D9A-1214-A749-A179BA5B3EE5	268	922	2023-01-09 06:27:16
400	E5AC4BDE-87B4-BCDF-8A4D-E7D15C452C77	69	1463	2021-12-14 22:35:44
\.


--
-- Data for Name: sellers; Type: TABLE DATA; Schema: public; Owner: user_1
--

COPY public.sellers (id, first_name, last_name, email, phone, inn, created_at) FROM stdin;
1	Simone	Ballard	tristique.neque.venenatis@protonmail.com	(874) 244-7108	5592356009	2021-12-07 00:00:00
2	Lysandra	Robinson	augue@hotmail.ca	1-586-111-3754	3970631516	2023-05-12 00:00:00
3	Wilma	Adams	dui.fusce.diam@icloud.com	1-383-167-2047	6315694369	2021-06-18 00:00:00
4	Byron	Marshall	diam.lorem@hotmail.ca	1-835-916-8424	2203544608	2023-01-15 00:00:00
5	Imani	Chambers	est@aol.ca	(123) 765-1815	4898111072	2021-06-03 00:00:00
6	Charlotte	Fuller	libero@hotmail.ca	(885) 638-2288	9595421730	2022-10-03 00:00:00
7	Linus	Silva	aliquam.nec@icloud.net	(525) 871-2435	3614503424	2022-09-15 00:00:00
8	Doris	Rose	eleifend.nec@aol.net	1-430-515-1517	2561262982	2022-03-02 00:00:00
9	Vernon	Salinas	laoreet.lectus.quis@icloud.org	(535) 334-3175	2214921882	2022-08-16 00:00:00
10	Katell	Sexton	mauris@outlook.com	1-982-823-7408	9470554462	2022-01-03 00:00:00
11	Martin	Warren	eu.ultrices@yahoo.org	1-306-646-8533	2150839273	2022-10-23 00:00:00
12	Stephen	Mcneil	dictum.placerat.augue@yahoo.couk	1-621-463-1408	1774739739	2021-09-12 00:00:00
13	Myles	Clements	convallis.ante@yahoo.com	(545) 676-3656	7923733057	2022-01-08 00:00:00
14	Claudia	Sears	auctor.velit.aliquam@icloud.net	1-654-217-3713	1467431648	2021-07-24 00:00:00
15	Hedy	Hodges	convallis.ligula.donec@protonmail.com	1-517-514-9175	7180935454	2022-12-02 00:00:00
16	Yoshio	Hart	nunc.ut@aol.edu	1-268-591-3327	4110418298	2022-06-29 00:00:00
17	Cecilia	Foley	erat.volutpat@hotmail.edu	1-474-482-5610	8355928343	2022-07-26 00:00:00
18	Rama	Welch	neque.non.quam@aol.edu	1-626-267-6781	7454196596	2022-01-10 00:00:00
19	Theodore	May	odio.nam@icloud.edu	(438) 487-5342	4181306140	2022-02-09 00:00:00
20	Silas	Saunders	felis.orci@protonmail.couk	(143) 713-4182	3395716544	2023-03-14 00:00:00
21	Buckminster	Jennings	class@hotmail.net	1-711-156-7076	5989990853	2023-03-26 00:00:00
22	Basil	Cain	egestas.hendrerit.neque@google.ca	1-665-311-2662	4593958042	2023-04-13 00:00:00
23	Peter	Potts	pretium.et@google.couk	1-517-287-8438	7337344689	2022-06-14 00:00:00
24	Eaton	Cooper	sed.dui.fusce@hotmail.net	(262) 643-2528	7911029196	2022-12-03 00:00:00
25	Heather	Hensley	vehicula.et@protonmail.net	1-954-636-8373	6649191179	2022-08-01 00:00:00
26	Amaya	Fitzpatrick	dolor@icloud.net	(746) 632-7121	9461803581	2021-11-06 00:00:00
27	Kristen	Jacobson	erat.vel@yahoo.net	(466) 676-4768	8489494165	2022-11-07 00:00:00
28	Ignacia	Woodard	sed.nunc@yahoo.edu	(542) 258-3048	8187160279	2021-09-02 00:00:00
29	Dustin	Larson	odio.vel@aol.edu	(356) 251-0703	6280713324	2022-10-14 00:00:00
30	Zorita	Small	nam.tempor@aol.couk	(716) 445-7231	6028499066	2022-01-31 00:00:00
31	Macon	Hardin	morbi.tristique.senectus@protonmail.edu	(266) 145-4338	2222647680	2022-07-31 00:00:00
32	Cameron	Thompson	ac@protonmail.net	1-858-913-8553	7339865672	2022-06-12 00:00:00
33	Paula	Noble	luctus@aol.org	(541) 730-1146	3357907236	2021-11-10 00:00:00
34	Aurora	Jenkins	metus.facilisis@google.edu	(781) 741-4115	4915391725	2023-05-05 00:00:00
35	Merrill	Holmes	magnis.dis@yahoo.net	(897) 248-6561	5131049651	2023-04-22 00:00:00
36	Samantha	Harrington	magna.nec.quam@hotmail.net	1-866-364-5374	9493606360	2022-09-16 00:00:00
37	Magee	Hendrix	a@icloud.org	(456) 566-7359	8816291114	2021-06-15 00:00:00
38	Chandler	Mayo	accumsan.sed.facilisis@google.ca	1-668-412-6734	5517160436	2022-09-02 00:00:00
39	Rudyard	O'connor	arcu.sed@hotmail.org	(631) 361-6854	6204678309	2022-06-11 00:00:00
40	Carla	Adams	nulla@protonmail.edu	(517) 684-8760	4790947853	2022-04-15 00:00:00
41	Hadassah	Haley	convallis.est.vitae@protonmail.net	(476) 981-4256	7165711145	2022-08-27 00:00:00
42	Samuel	Brooks	donec.egestas@protonmail.com	(936) 763-0137	3868301301	2022-06-14 00:00:00
43	Chastity	Cameron	nunc.ullamcorper.eu@outlook.net	(481) 686-4532	8841084145	2023-02-07 00:00:00
44	Farrah	Aguilar	libero@icloud.org	1-612-779-8496	9363821207	2022-12-30 00:00:00
45	Finn	Ingram	urna.nunc.quis@aol.edu	(245) 622-9573	1362498640	2021-12-15 00:00:00
46	Xena	William	aliquam.ornare@outlook.net	1-765-705-5612	9200834813	2021-10-09 00:00:00
47	Christopher	Cain	euismod.est@google.com	(497) 852-1543	5774770205	2021-10-14 00:00:00
48	Gavin	Schmidt	arcu@protonmail.ca	(818) 673-8532	5269366602	2021-06-07 00:00:00
49	Harper	Barrett	urna@yahoo.edu	(832) 754-2104	2511128481	2021-06-06 00:00:00
50	Nichole	Atkinson	ornare@protonmail.com	(201) 815-4229	5981300808	2023-03-21 00:00:00
51	Pandora	Knox	enim.mi@google.ca	(858) 325-5506	3804168960	2021-07-02 00:00:00
52	Noah	Anthony	sem.mollis@outlook.couk	(478) 357-1691	1473827038	2022-09-03 00:00:00
53	Karyn	Craig	dolor.fusce@outlook.edu	1-422-541-4536	3465568085	2022-08-07 00:00:00
54	Micah	Santana	sit.amet@google.couk	1-925-842-3528	4038773420	2022-07-22 00:00:00
55	Tarik	Acosta	arcu@protonmail.net	(683) 514-5237	4898200804	2021-09-29 00:00:00
56	Alana	Gordon	ut@aol.org	1-327-534-6737	3107699170	2023-04-03 00:00:00
57	Ginger	Mejia	gravida.molestie.arcu@google.edu	1-657-220-2884	1688630638	2023-02-03 00:00:00
58	Amela	Morse	eu@hotmail.couk	1-644-542-2344	7198642533	2021-12-19 00:00:00
59	Hilary	Cruz	lobortis.quam@icloud.ca	(327) 731-7415	3569560439	2022-04-19 00:00:00
60	Thor	Strong	luctus.vulputate@aol.com	1-158-798-4359	2692356715	2022-05-24 00:00:00
61	Keane	Howell	vitae.aliquam.eros@aol.com	(458) 916-1985	8210437337	2021-11-23 00:00:00
62	Kennedy	Glenn	dui.suspendisse@outlook.edu	1-177-361-5362	7551016868	2022-04-12 00:00:00
63	Brittany	Cameron	varius@outlook.ca	(657) 603-9059	7913040438	2023-04-19 00:00:00
64	Troy	Duke	malesuada.ut.sem@protonmail.ca	(108) 775-4528	1747090076	2022-12-14 00:00:00
65	Hadley	Aguilar	fermentum.vel@google.com	1-268-125-2227	4459393990	2021-06-07 00:00:00
66	Shelley	Christensen	fusce@google.org	(358) 538-8301	7991102198	2022-02-08 00:00:00
67	Tanner	Horton	ac@outlook.ca	1-866-891-2552	1372677579	2021-11-23 00:00:00
68	Randall	Long	ut.aliquam.iaculis@yahoo.edu	1-392-760-2094	3361927037	2021-07-10 00:00:00
69	Odysseus	English	non.sapien.molestie@google.ca	(468) 186-6642	1783614203	2022-02-27 00:00:00
70	Elaine	Castro	curabitur.ut.odio@icloud.ca	1-609-821-3566	1655822935	2022-03-07 00:00:00
71	Kareem	Mcclain	odio.aliquam@icloud.edu	1-402-313-4749	4143904481	2021-06-15 00:00:00
72	Maryam	Rose	amet.risus@google.net	(493) 487-7448	5565035832	2021-10-29 00:00:00
73	Abraham	Byrd	auctor.vitae@google.net	(787) 678-6855	7487736151	2022-03-21 00:00:00
74	Joseph	Wilder	iaculis@aol.edu	(245) 692-5004	3677705542	2021-07-29 00:00:00
75	Marah	Ingram	dignissim@protonmail.org	1-531-485-9611	9321856122	2022-05-06 00:00:00
76	Jarrod	Berg	sapien.cras@hotmail.com	(648) 796-6408	1229171853	2022-04-01 00:00:00
77	Sydney	Morin	adipiscing.fringilla@protonmail.net	1-738-450-1274	8436571720	2021-07-05 00:00:00
78	Harding	Mccray	ipsum.non.arcu@icloud.net	(275) 353-1471	8030280192	2021-11-07 00:00:00
79	Ila	Macias	ac.arcu@hotmail.ca	1-338-681-2288	9538095605	2022-04-24 00:00:00
80	Nathaniel	Wheeler	auctor@yahoo.ca	(972) 586-8735	4997176219	2022-12-06 00:00:00
81	Mufutau	Gamble	ut.semper.pretium@google.net	1-673-466-5345	9615692515	2022-09-02 00:00:00
82	Nelle	Bowen	augue.eu@yahoo.couk	1-726-283-8319	7128563464	2021-09-17 00:00:00
83	Fatima	Carpenter	dolor.fusce.mi@yahoo.ca	1-242-782-7330	9378374142	2023-01-22 00:00:00
84	Malcolm	Bolton	eget.lacus@protonmail.edu	1-259-531-3334	2295182293	2022-10-23 00:00:00
85	Megan	Keller	eu.nibh@google.net	(162) 626-2978	9363590285	2021-12-07 00:00:00
86	Guy	Olson	mauris.molestie@yahoo.ca	(212) 907-1077	2164927263	2022-11-20 00:00:00
87	Gwendolyn	Copeland	eu.dui.cum@outlook.edu	1-658-526-1913	9117518005	2022-04-30 00:00:00
88	Naomi	Bowman	semper.auctor@aol.org	(367) 996-4761	4891502971	2023-03-06 00:00:00
89	Rachel	Weaver	neque.nullam.nisl@yahoo.edu	(232) 488-4134	4212345292	2022-11-26 00:00:00
90	Jared	Griffin	ornare.tortor.at@hotmail.com	(527) 710-6562	1226863601	2023-05-14 00:00:00
91	Graiden	Anderson	donec.at.arcu@yahoo.ca	1-218-333-1645	8440590024	2022-01-01 00:00:00
92	Hanae	Munoz	augue.id@protonmail.net	1-713-352-0935	2150453046	2022-06-29 00:00:00
93	Chava	Vargas	sed.facilisis.vitae@icloud.edu	(802) 611-6625	1641279568	2022-09-05 00:00:00
94	Maite	Whitehead	consequat@google.ca	1-667-865-3765	3638132247	2022-12-28 00:00:00
95	Erin	Holmes	at@hotmail.net	(888) 513-8553	7288294111	2021-12-05 00:00:00
96	Samson	Banks	nisl@google.couk	1-531-401-0448	8874117176	2022-10-02 00:00:00
97	Elvis	Vazquez	varius.et@protonmail.ca	1-448-151-4327	9902844555	2021-08-09 00:00:00
98	Emerald	Haney	lacus.ut@aol.org	1-463-458-5141	3395963027	2023-04-20 00:00:00
99	Noble	Barker	eu@aol.org	1-525-608-6250	6747772327	2021-11-22 00:00:00
100	Ayanna	Duncan	in.at.pede@yahoo.net	1-523-477-2814	2922357247	2021-07-18 00:00:00
101	Emi	Coffey	gravida.sagittis.duis@outlook.couk	(133) 412-7479	4822206827	2022-10-19 00:00:00
102	Michael	Browning	purus.maecenas.libero@hotmail.net	(365) 650-3362	7174313143	2022-06-18 00:00:00
103	Carolyn	Glass	eget@google.net	1-903-839-6839	6698387791	2022-07-11 00:00:00
104	Boris	Sandoval	felis.adipiscing@google.org	1-928-608-5566	8909111183	2022-08-26 00:00:00
105	Lynn	Booth	diam.eu@google.com	1-694-672-6385	2093353546	2023-01-17 00:00:00
106	Hunter	Chapman	ullamcorper.duis.cursus@icloud.edu	(736) 723-8514	9117123112	2023-01-04 00:00:00
107	Ruth	Bender	id@icloud.edu	1-864-523-5645	3126915329	2022-07-13 00:00:00
108	Regan	Rhodes	etiam.ligula@outlook.com	1-827-624-3896	5540453460	2021-11-05 00:00:00
109	Isabella	Beach	felis.purus@outlook.couk	1-527-274-3166	6460689107	2022-11-10 00:00:00
110	Shellie	Everett	blandit.nam@hotmail.couk	1-103-496-7056	7321114416	2022-01-28 00:00:00
111	Lane	Cook	rutrum.eu@hotmail.edu	(747) 836-1512	5619438415	2021-11-08 00:00:00
112	Tanisha	Thompson	aliquet.sem@google.ca	(605) 385-3580	8194678051	2021-07-07 00:00:00
113	Rogan	O'donnell	quisque.porttitor.eros@google.ca	(712) 347-7727	3192567944	2022-11-03 00:00:00
114	Kermit	Hensley	sollicitudin.a.malesuada@google.couk	1-378-560-5823	3750374393	2022-08-23 00:00:00
115	Lionel	Stein	vehicula@google.edu	1-808-318-0445	5400509413	2022-09-27 00:00:00
116	Vincent	Mccall	phasellus.dapibus@google.couk	1-260-915-4174	1924226100	2023-03-21 00:00:00
117	Hilel	Mcintosh	velit.egestas@google.edu	(762) 352-5965	9523355989	2023-05-21 00:00:00
118	Reece	Goff	est@hotmail.com	(526) 587-8836	7596287243	2021-10-22 00:00:00
119	Ciara	Underwood	aenean.massa.integer@outlook.ca	(855) 155-4160	2936443860	2022-12-01 00:00:00
120	Lucius	Emerson	placerat.cras@outlook.couk	(715) 560-2548	1474985426	2021-05-30 00:00:00
121	Chloe	Collins	dolor.vitae@google.org	(334) 228-9537	1961635374	2021-07-27 00:00:00
122	Ross	Leon	sapien@icloud.org	(731) 320-5251	2807058015	2021-08-14 00:00:00
123	Tatyana	Dominguez	proin.mi@protonmail.org	(882) 138-5773	6709318502	2023-02-17 00:00:00
124	Genevieve	Hansen	nullam.vitae@icloud.couk	1-387-332-3826	8467604927	2022-08-13 00:00:00
125	Margaret	Sears	ipsum.primis@yahoo.edu	1-420-528-1503	7388303861	2022-04-20 00:00:00
126	Caesar	Allison	iaculis.odio@outlook.org	1-360-315-8454	1981370365	2022-06-12 00:00:00
127	Louis	Bullock	ultrices.vivamus@yahoo.ca	(262) 448-1806	2098530559	2022-07-15 00:00:00
128	Jelani	Acevedo	tortor@hotmail.couk	(120) 718-2613	6332676313	2023-02-24 00:00:00
129	Evelyn	Shaffer	elit@outlook.net	(583) 466-4614	2736074866	2023-01-09 00:00:00
130	Edan	Le	dignissim@aol.edu	1-806-372-7370	7227872421	2022-06-23 00:00:00
131	Chantale	Cantrell	quis.pede.suspendisse@outlook.org	1-942-473-8139	9333674292	2022-03-22 00:00:00
132	Ronan	O'connor	iaculis.quis@google.ca	(372) 570-4483	8596351223	2021-10-03 00:00:00
133	Lareina	Torres	quisque@hotmail.net	1-624-246-5521	1260882589	2022-03-17 00:00:00
134	Madeson	Larsen	ornare.placerat.orci@hotmail.org	(525) 805-3797	2191134685	2022-04-02 00:00:00
135	Joan	Caldwell	dapibus.gravida@hotmail.couk	1-762-589-6523	9637781431	2021-09-16 00:00:00
136	Moana	Dalton	viverra@protonmail.couk	1-274-723-6984	4185302975	2022-06-20 00:00:00
137	Judah	Leon	velit.quisque@hotmail.net	1-635-266-4813	7295356034	2022-08-12 00:00:00
138	Leo	Wilkins	sem@outlook.couk	(878) 748-1525	6433966046	2022-08-19 00:00:00
139	Minerva	Taylor	at.risus@yahoo.ca	1-935-843-1164	8154555313	2022-05-24 00:00:00
140	Brendan	Mullen	in@hotmail.ca	1-237-176-8661	8971657909	2022-06-05 00:00:00
141	Darryl	Neal	enim.nec@icloud.couk	1-562-527-5121	3280255761	2022-10-01 00:00:00
142	Steven	Sykes	magna@outlook.net	1-508-348-3829	4139066437	2022-11-20 00:00:00
143	Daquan	Hester	consequat.auctor@yahoo.couk	(693) 663-1298	6704784703	2021-07-29 00:00:00
144	Kadeem	Ruiz	luctus@hotmail.ca	1-647-363-5433	9657754476	2021-11-06 00:00:00
145	Cullen	Morrow	eget@google.edu	(762) 264-2901	7911136994	2023-04-15 00:00:00
146	Rosalyn	Martinez	amet.lorem@aol.com	1-239-281-0206	3596154609	2022-03-19 00:00:00
147	Urielle	Beasley	laoreet.lectus.quis@aol.edu	1-388-780-7212	8331980740	2022-07-05 00:00:00
148	Deirdre	Garcia	quis@yahoo.couk	1-818-952-5426	6480715405	2023-02-22 00:00:00
149	Dennis	Rasmussen	non.nisi@aol.couk	(728) 541-0742	5053375956	2023-03-23 00:00:00
150	August	Norton	ipsum@icloud.ca	1-156-412-0183	4557398316	2022-11-08 00:00:00
151	Phillip	Ortiz	dignissim.maecenas@google.net	1-767-285-1475	1171334226	2022-09-03 00:00:00
152	Danielle	Collins	integer.in@aol.couk	1-638-977-0148	8318746000	2022-07-17 00:00:00
153	Merrill	Monroe	mauris.suspendisse@google.couk	(251) 830-2613	9717159059	2022-09-24 00:00:00
154	Aurora	Terrell	posuere.cubilia.curae@hotmail.org	1-826-274-3543	6205037632	2022-10-25 00:00:00
155	Chantale	Barnes	non@hotmail.net	1-626-873-8433	6953456655	2023-01-28 00:00:00
156	Deborah	Trujillo	a@yahoo.net	1-921-740-8195	2729419760	2023-05-15 00:00:00
157	Palmer	Paul	vitae@yahoo.couk	1-747-357-7643	6182861493	2021-07-30 00:00:00
158	Clarke	Malone	ipsum.donec.sollicitudin@aol.couk	1-435-511-4671	4960177352	2022-05-30 00:00:00
159	Baxter	Velez	rutrum.urna@yahoo.ca	(571) 317-7349	2880322760	2022-10-15 00:00:00
160	Amaya	Juarez	consectetuer.ipsum@icloud.org	(533) 937-7416	7817683416	2022-06-02 00:00:00
161	Hamilton	Park	magna@yahoo.net	1-413-235-6324	5965117010	2023-01-15 00:00:00
162	Chadwick	Rios	sodales.at.velit@protonmail.edu	1-266-854-2770	1636960665	2021-08-08 00:00:00
163	Hoyt	Thomas	orci.phasellus@yahoo.com	(823) 293-7433	6955150116	2021-11-10 00:00:00
164	Winifred	Kline	et.nunc@google.com	1-714-538-7283	8220768946	2022-02-07 00:00:00
165	Cassady	Puckett	congue@outlook.edu	1-259-251-4874	7826523046	2021-09-23 00:00:00
166	Oren	Blackburn	rutrum@google.ca	1-818-853-1608	2321139396	2022-12-27 00:00:00
167	Brielle	Harding	at.arcu.vestibulum@aol.ca	1-734-511-4685	2551973123	2021-09-02 00:00:00
168	Summer	Harding	sed.dictum.eleifend@hotmail.couk	1-332-467-4727	7962397492	2022-04-18 00:00:00
169	Indira	Charles	aliquam.arcu.aliquam@protonmail.com	(253) 720-5214	3650483449	2022-02-09 00:00:00
170	Myra	Morton	enim@outlook.couk	(486) 381-8265	5464801855	2021-06-28 00:00:00
171	Cody	Allen	rutrum@icloud.edu	1-989-511-8874	1621881040	2022-01-26 00:00:00
172	Belle	Dillard	arcu@icloud.couk	(571) 525-3437	3282300433	2022-03-29 00:00:00
173	Keaton	Zamora	in.tempus@icloud.ca	1-130-675-6226	2292312400	2022-11-25 00:00:00
174	Tarik	Richardson	donec.sollicitudin.adipiscing@icloud.edu	(675) 528-5251	3642250735	2021-09-06 00:00:00
175	Lareina	Sullivan	faucibus.id.libero@outlook.org	1-157-507-7813	3448064147	2023-02-28 00:00:00
176	Zahir	Stevenson	justo.proin.non@aol.ca	1-543-849-7153	6762587320	2023-01-24 00:00:00
177	Andrew	Stout	quam.elementum.at@icloud.edu	1-726-873-2846	1976878752	2022-07-20 00:00:00
178	Kelsie	Santiago	ac@outlook.net	(937) 538-2644	4703080101	2022-05-24 00:00:00
179	Kellie	Hopper	vestibulum.ut@google.ca	1-382-124-6003	2507340683	2021-11-11 00:00:00
180	Yardley	Mejia	bibendum.donec@aol.edu	1-528-332-5228	8709050223	2022-03-17 00:00:00
181	Erasmus	Bowers	ligula.elit@outlook.couk	(673) 405-3631	6112760710	2022-10-08 00:00:00
182	Althea	Leonard	faucibus.id@hotmail.couk	1-172-351-8125	9302319506	2021-10-12 00:00:00
183	Nehru	Donovan	nibh.vulputate.mauris@hotmail.com	(710) 782-6971	7846637576	2022-10-27 00:00:00
184	Plato	Calhoun	senectus.et@protonmail.edu	(527) 357-8232	5699382188	2021-11-05 00:00:00
185	Leila	Downs	lorem.ipsum@hotmail.com	1-622-530-1641	3879188395	2021-07-15 00:00:00
186	Janna	Dillon	blandit.at@yahoo.org	(243) 268-3192	5098278719	2021-08-05 00:00:00
187	Kuame	Burton	odio.nam.interdum@google.ca	1-520-858-4560	4238407405	2022-07-24 00:00:00
188	Kelly	Wooten	ac@google.edu	1-591-667-0643	9826607875	2021-11-23 00:00:00
189	Emery	Rush	dui.augue@google.couk	1-405-462-6114	6296304076	2023-05-02 00:00:00
190	Brittany	Clayton	neque.nullam@protonmail.net	1-427-683-1332	9679170901	2021-10-29 00:00:00
191	Alexandra	Rivera	orci.luctus@protonmail.edu	(805) 465-5322	6971983204	2023-04-17 00:00:00
192	Cole	Hutchinson	turpis.aliquam.adipiscing@yahoo.net	1-373-318-1845	2589936735	2022-09-12 00:00:00
193	Leila	Bender	consectetuer.mauris@hotmail.com	1-376-565-5200	6927034085	2021-09-23 00:00:00
194	Shana	Bond	eget@protonmail.couk	(606) 975-5121	9605701618	2023-03-24 00:00:00
195	Uriel	Morse	imperdiet.nec.leo@google.edu	1-682-237-1837	4631386170	2022-12-16 00:00:00
196	Allen	Walker	ac.turpis.egestas@outlook.ca	1-477-367-7112	2556752770	2021-12-21 00:00:00
197	Edward	Perkins	dolor.nulla@icloud.edu	(608) 577-9628	2492417982	2022-08-07 00:00:00
198	Isabella	Valentine	dui.cras@hotmail.edu	(582) 322-8415	6861588673	2021-09-28 00:00:00
199	Remedios	Luna	commodo.tincidunt@outlook.couk	(785) 730-4053	9889285318	2021-07-23 00:00:00
200	Danielle	Cummings	vel.arcu.curabitur@hotmail.couk	(578) 321-6975	3861817287	2021-11-07 00:00:00
\.


--
-- Data for Name: shops; Type: TABLE DATA; Schema: public; Owner: user_1
--

COPY public.shops (id, name, description, photo_url, owner_id, created_at) FROM stdin;
1	auctor	dui, semper et, lacinia vitae, sodales at, velit. Pellentesque ultricies	D22493F5-9859-35AB-9386-2D8BD77756DB	117	2022-06-04 00:00:00
2	nisl.	nec ligula consectetuer rhoncus. Nullam velit dui, semper et, lacinia vitae, sodales at, velit.	A5B13618-3174-46DB-01A8-4CB152C47FA6	136	2022-07-17 00:00:00
3	Phasellus	arcu. Curabitur ut odio	3D1A2EE8-3CDD-4AFE-6D6E-5C16A4AF4781	88	2022-03-23 00:00:00
4	et pede.	eu dolor egestas rhoncus. Proin nisl sem, consequat nec, mollis vitae, posuere at, velit. Cras lorem lorem, luctus ut, pellentesque	9EDD6B29-20B4-9AB8-0CD7-41861E4569B8	32023-04-07 00:00:00
5	arcu vel quam	odio vel est tempor	30A25AD2-3AF8-89D5-2AAC-461CC5BADE8C	129	2023-05-04 00:00:00
6	tincidunt. Donec	Mauris magna. Duis dignissim tempor arcu. Vestibulum ut	475A36E3-861A-7140-5557-9BEDD0202C5A	109	2021-12-12 00:00:00
7	non massa	velit in aliquet lobortis, nisi nibh lacinia orci, consectetuer euismod est arcu ac orci. Ut semper pretium neque.	838D13F4-3983-4996-8F1B-F4AB55B8498C	106	2021-06-04 00:00:00
8	posuere	quis massa. Mauris vestibulum, neque sed dictum eleifend, nunc risus varius orci, in	85B341FE-5761-8A55-2935-2AD169BE8FE9	16	2022-05-31 00:00:00
9	in, dolor.	ullamcorper, velit in aliquet lobortis, nisi	C04DE587-B98C-D4D9-5EF6-5F3B3C6AB82A	48	2022-01-21 00:00:00
10	sagittis. Duis	massa. Vestibulum accumsan neque et nunc. Quisque ornare tortor at risus. Nunc ac sem ut dolor dapibus	A2981DE4-245A-4148-6476-78407F262033	191	2023-03-04 00:00:00
11	gravida mauris	nec quam. Curabitur vel	21B780A4-A92C-7E5D-7E56-8D28E9DF590A	120	2023-03-06 00:00:00
12	in consectetuer	ipsum. Curabitur consequat, lectus sit amet luctus vulputate, nisi sem semper erat,	EA8883B6-5332-7225-0A83-FA2B8946325C	132	2023-02-07 00:00:00
13	et,	ut quam vel sapien imperdiet ornare.	3359436D-C8A1-F2CD-81C9-C483A3765EDB	106	2023-01-10 00:00:00
14	sem	facilisis lorem tristique aliquet. Phasellus fermentum	B5F527BE-EAC8-76CA-BF1A-36887AEE0371	119	2022-10-13 00:00:00
15	aliquam eu, accumsan	non arcu. Vivamus sit amet risus. Donec egestas. Aliquam nec enim.	2CA8A923-5879-3E56-B89A-EE8F75CE5420	146	2023-02-24 00:00:00
16	In ornare	tincidunt, nunc ac mattis ornare, lectus ante dictum mi, ac mattis velit justo nec	25E91068-2876-F19D-75E3-080AD3EEED38	55	2023-01-09 00:00:00
17	ultricies	Nulla facilisis. Suspendisse commodo tincidunt nibh. Phasellus nulla. Integer vulputate, risus a ultricies adipiscing,	00192A0D-7D67-49ED-216C-4E6A49595DAE	39	2022-07-21 00:00:00
18	nec urna	in faucibus orci luctus et ultrices posuere cubilia	C27AD288-D67C-36A1-47B1-278196357681	51	2022-07-12 00:00:00
19	ut, pellentesque	augue ut lacus. Nulla tincidunt, neque vitae semper egestas, urna justo faucibus lectus, a sollicitudin orci sem eget massa.	AD9A2224-25D6-D41F-C65E-B372755129E5	152	2021-07-27 00:00:00
20	felis orci,	accumsan sed, facilisis vitae, orci. Phasellus dapibus quam quis diam.	D5DC6D44-4CEC-8F13-22E3-847961EA45DC	68	2022-07-22 00:00:00
21	condimentum eget,	porttitor eros nec tellus. Nunc lectus	1B8AFDD1-48B1-336C-B05E-4D686A42C92C	153	2023-05-20 00:00:00
22	Cras dolor	malesuada fames ac turpis egestas. Aliquam fringilla cursus purus. Nullam scelerisque neque sed sem egestas blandit. Nam nulla magna,	D911EEFE-B6B7-1C1C-C548-CD92567D06CC	128	2022-02-07 00:00:00
23	Integer id	sociis natoque penatibus et magnis dis parturient montes, nascetur ridiculus mus. Proin vel arcu eu odio tristique pharetra.	646E4CCB-39E6-58B4-0CFE-E411BBE59356	20	2022-04-27 00:00:00
24	Etiam gravida	nec, mollis vitae, posuere at, velit. Cras lorem lorem, luctus ut, pellentesque eget, dictum placerat, augue. Sed molestie.	3A6FCE5B-471C-393B-C181-93893945A709	194	2023-05-07 00:00:00
25	feugiat non,	Duis sit amet diam eu dolor egestas rhoncus. Proin nisl sem, consequat nec, mollis vitae, posuere	2A34C0D4-105C-D17A-A4ED-D2657B6D38EF	178	2023-05-11 00:00:00
26	mauris ipsum	massa non ante bibendum	97A66289-4E57-A398-B522-4E36527E8003	199	2022-06-12 00:00:00
27	a, magna. Lorem	amet massa. Quisque porttitor eros nec	81CA9185-A773-DB35-FE8F-66BF591226C2	103	2022-01-08 00:00:00
28	Integer mollis.	tortor, dictum eu, placerat eget, venenatis a, magna. Lorem ipsum dolor sit amet, consectetuer	F4DEA3D7-D888-08BC-4A37-9E8C07E763B8	94	2021-07-16 00:00:00
29	non,	ante dictum mi, ac mattis velit justo nec ante. Maecenas mi felis,	C1B3AE6E-7833-14A9-A432-6A5345E4B11D	69	2021-08-04 00:00:00
30	mollis.	mollis. Integer tincidunt aliquam arcu. Aliquam ultrices iaculis odio. Nam interdum enim non	239A8DDD-22E4-B9D5-9788-5500918421B0	184	2021-07-28 00:00:00
31	euismod et,	arcu eu odio tristique pharetra.	681ECDF2-3C45-49EA-3CD1-8767CCC305E5	60	2023-04-09 00:00:00
32	libero. Proin sed	libero mauris, aliquam eu, accumsan sed, facilisis vitae, orci. Phasellus dapibus quam quis diam. Pellentesque habitant morbi tristique senectus	1D036596-9EB7-18CB-AC47-822BD939A631	113	2022-03-12 00:00:00
33	ultrices iaculis	tellus id nunc interdum feugiat. Sed nec metus facilisis lorem tristique aliquet.	CBA044B4-43C2-D1D9-DAF7-77882CAC8F3D	191	2022-02-20 00:00:00
34	aliquet diam.	ac sem ut dolor dapibus gravida. Aliquam tincidunt, nunc ac mattis ornare, lectus	DE271741-AAB3-A81F-C314-B3B7D52EBD76	162	2021-08-02 00:00:00
35	semper pretium	Cras lorem lorem, luctus ut, pellentesque eget, dictum placerat, augue. Sed molestie. Sed id risus quis diam luctus	46DB0A94-B763-5254-CC81-45A8DA45B3A6	114	2021-07-15 00:00:00
36	ipsum nunc	tristique ac, eleifend vitae, erat. Vivamus	427B6CC7-0B77-F361-CFF6-3133766E2542	67	2022-06-07 00:00:00
37	magna, malesuada	enim commodo hendrerit. Donec porttitor tellus non magna. Nam ligula elit, pretium et, rutrum non, hendrerit	DCB067CC-6458-68B5-DE89-D5148563B142	94	2022-01-26 00:00:00
38	nec urna	dolor vitae dolor. Donec fringilla. Donec feugiat metus sit amet ante.	C9516F54-1B3A-1A72-38CE-91A98F39E559	31	2022-10-19 00:00:00
39	egestas rhoncus.	egestas a, dui. Cras pellentesque. Sed dictum. Proin eget odio. Aliquam vulputate ullamcorper magna. Sed	7B279F99-AE68-AE1C-D75B-8209748E3BAC	172	2022-12-31 00:00:00
40	Nam nulla magna,	natoque penatibus et magnis dis parturient montes, nascetur ridiculus mus. Proin vel arcu eu odio tristique pharetra. Quisque ac libero	8C21B980-0A31-B2BC-A38C-EB1CC4194C5F	67	2021-06-24 00:00:00
41	eleifend egestas. Sed	lorem lorem, luctus ut, pellentesque	2F43B2BA-1924-6AD9-CACC-891C4CE71B54	103	2021-06-04 00:00:00
42	risus. Quisque	Aliquam nec enim. Nunc ut erat. Sed	213626BF-52F5-92F1-41CB-7C786DA7556E	34	2021-08-21 00:00:00
43	et ultrices posuere	ornare, lectus ante dictum mi, ac mattis velit justo nec	5B613A83-1072-1A2E-B9A5-23E26CFC8B56	160	2022-05-20 00:00:00
44	Praesent interdum	tempus mauris erat eget ipsum. Suspendisse sagittis. Nullam vitae diam. Proin dolor. Nulla semper tellus id	81ACC3EA-5AA9-63F0-908E-CBFF3D5A0324	86	2022-03-26 00:00:00
45	vulputate, posuere	eros. Proin ultrices. Duis volutpat nunc sit amet metus. Aliquam erat volutpat. Nulla	5A33964D-0275-01EB-3AB4-351264054E84	180	2022-08-11 00:00:00
46	tristique ac,	auctor vitae, aliquet nec,	197BE672-A387-B6C8-3E64-2B9600C936BE	2	2022-11-04 00:00:00
47	ultricies sem magna	in molestie tortor nibh sit amet orci. Ut sagittis lobortis mauris.	7DF23784-895A-538C-C199-CBC46BE0236D	126	2022-12-26 00:00:00
48	rhoncus. Proin nisl	semper auctor. Mauris vel turpis. Aliquam adipiscing	DAD1771E-76F4-755E-97E9-8BE877E5DA76	136	2022-07-30 00:00:00
49	Ut nec	tempor bibendum. Donec felis orci, adipiscing non,	23F3D966-2950-35E8-7EC6-9C6426CDECA2	39	2023-03-26 00:00:00
50	laoreet posuere,	gravida. Praesent eu nulla	225AE568-C4BB-643B-CD97-6194A07585A6	196	2021-09-30 00:00:00
51	ornare egestas ligula.	mi. Aliquam gravida mauris ut mi. Duis risus odio, auctor vitae, aliquet nec, imperdiet nec,	536F27AE-3BB6-6E34-336C-F5706B53DA03	121	2021-12-25 00:00:00
52	velit. Pellentesque	sodales nisi magna sed dui. Fusce	4D2FF641-E775-1752-3445-9626C76683BC	22	2023-01-12 00:00:00
53	adipiscing fringilla,	vitae dolor. Donec fringilla. Donec feugiat metus sit amet ante. Vivamus non lorem vitae odio sagittis semper. Nam tempor	24952563-2986-AC47-7514-47F1D365EE8C	392021-12-16 00:00:00
54	tellus. Aenean egestas	vitae, posuere at, velit. Cras lorem lorem,	51F33684-3405-B1BF-B6E7-ABACD7E7646D	182	2021-09-28 00:00:00
55	ultricies dignissim lacus.	consectetuer, cursus et, magna. Praesent interdum ligula eu enim. Etiam imperdiet dictum	94AD4D24-DA44-ADE3-1990-B3405348B2D1	88	2021-09-11 00:00:00
56	pede sagittis augue,	ornare, lectus ante dictum mi, ac mattis velit justo nec ante. Maecenas mi felis, adipiscing fringilla,	AAD21344-4C3B-8D22-0C43-2ED32A80BD81	197	2022-09-25 00:00:00
57	egestas.	dis parturient montes, nascetur ridiculus mus. Donec dignissim magna a tortor. Nunc commodo	99C6127B-BD60-949D-7D04-EA9A6A456805	47	2023-02-02 00:00:00
58	Quisque varius. Nam	ultrices posuere cubilia Curae Phasellus ornare. Fusce mollis. Duis sit amet diam eu dolor egestas rhoncus. Proin nisl sem,	9B862A35-56FA-9EF3-C707-53D4F1F1FB71	452022-07-06 00:00:00
59	urna. Ut tincidunt	commodo ipsum. Suspendisse non leo. Vivamus nibh dolor, nonummy ac, feugiat	A4538123-F522-03BF-A46B-4711E0408352	33	2021-11-27 00:00:00
60	Aliquam vulputate	Fusce diam nunc,	687CA59E-ADCB-35D7-B775-A69F902068E2	26	2023-01-07 00:00:00
61	malesuada	lorem ac risus. Morbi metus. Vivamus euismod urna. Nullam	CC2EACA0-AE6F-DFE7-E5FD-E5BC36DFFC56	19	2021-08-06 00:00:00
62	Proin sed	per inceptos hymenaeos. Mauris	22D7CE8C-2DD5-ED18-C121-7155E0362989	71	2022-05-08 00:00:00
63	dis parturient	in magna. Phasellus dolor elit,	C99B5DD7-D3DF-5818-1F33-15E8DDC5ACC4	111	2021-09-01 00:00:00
64	tellus eu	posuere, enim nisl elementum purus,	4542220A-C2ED-D8B7-1B96-B439D9E5C0FE	2	2021-11-20 00:00:00
65	dapibus rutrum,	aliquam iaculis, lacus pede sagittis augue, eu tempor erat neque non quam. Pellentesque habitant morbi tristique senectus	FFAED45E-C930-204F-A255-F1E8CD1D6F6D	38	2022-04-16 00:00:00
66	adipiscing lobortis risus.	eu elit. Nulla facilisi. Sed neque. Sed	6E76C457-7BEB-1EEB-882A-D0962CCBF5E7	121	2022-01-06 00:00:00
67	erat semper rutrum.	euismod enim. Etiam gravida molestie arcu.	E96AE478-F41D-3799-67B2-913D42147BA7	77	2022-05-27 00:00:00
68	vitae sodales	enim. Nunc ut erat. Sed nunc est, mollis non, cursus non, egestas a, dui. Cras pellentesque. Sed dictum. Proin	CDA16923-A4B7-ED6C-7290-917D45FA2B25	179	2021-07-17 00:00:00
69	pede,	arcu. Aliquam ultrices iaculis odio. Nam interdum enim non nisi. Aenean eget metus. In nec orci. Donec nibh.	AEA13892-494C-D78C-E941-DCBEE1D207C4	48	2023-05-17 00:00:00
70	quam quis diam.	volutpat nunc sit amet metus. Aliquam erat volutpat. Nulla facilisis. Suspendisse	BA3D57BD-9118-1244-C37C-2E576CC2BE92	20	2022-02-04 00:00:00
71	faucibus leo,	ut odio vel est tempor bibendum. Donec felis orci, adipiscing non, luctus sit amet, faucibus ut,	E0A7E7BE-9239-A2C1-26CC-CF4D1D1C7285	105	2023-01-23 00:00:00
72	lobortis	amet, risus. Donec nibh enim, gravida sit amet, dapibus id, blandit at, nisi. Cum sociis natoque penatibus et magnis	605ABAA8-4891-C2B9-9586-7178DA14053A	169	2023-04-29 00:00:00
73	nec urna	quam. Pellentesque habitant morbi tristique senectus et netus et malesuada fames ac turpis egestas. Aliquam fringilla cursus purus. Nullam	C9749EEA-D5A3-5D6B-47D6-D1620B279366	191	2021-07-26 00:00:00
74	Nam nulla magna,	natoque penatibus et magnis dis parturient montes, nascetur ridiculus mus. Proin	40C4BFD0-0A9C-46CD-D2D1-A3D679DBB5B9	150	2022-11-28 00:00:00
75	quis	pretium neque. Morbi quis urna. Nunc quis arcu vel quam dignissim pharetra. Nam ac nulla. In tincidunt congue turpis.	7C24941C-C15E-D23B-38EC-B817292C6C53	199	2022-02-11 00:00:00
76	convallis ligula.	lacus vestibulum lorem, sit amet ultricies sem magna nec	1592AD28-7383-6C7B-638C-C6E825816E0A	87	2022-08-01 00:00:00
77	Etiam bibendum	quam dignissim pharetra. Nam ac nulla. In tincidunt congue turpis. In condimentum.	77D0B873-D7BE-B788-1C37-05AF8B4C662B	154	2022-04-12 00:00:00
78	vel,	ligula tortor, dictum eu, placerat eget, venenatis a, magna. Lorem ipsum	2DC3F65E-28B3-3D55-39E3-E78015954506	16	2022-12-27 00:00:00
79	Phasellus nulla.	Vestibulum ut eros non enim commodo hendrerit. Donec porttitor tellus non	3835DBF7-F9BD-69EF-B79D-27961C93E8A5	90	2022-10-12 00:00:00
80	accumsan	lobortis tellus justo sit amet nulla. Donec non justo. Proin	44B82567-643F-292C-5981-3B19373D7DD2	171	2023-01-12 00:00:00
81	nunc ac	ipsum. Phasellus vitae mauris sit amet lorem semper auctor. Mauris vel turpis. Aliquam adipiscing lobortis	37E8D1C6-3BA0-D4E1-3ABE-F74DD82A7648	94	2023-02-16 00:00:00
82	non, feugiat	amet orci. Ut sagittis lobortis mauris. Suspendisse aliquet molestie tellus.	8C196E92-665D-799D-0511-13E733FACB1A	82	2021-07-09 00:00:00
83	lacinia vitae,	justo nec ante. Maecenas mi felis, adipiscing fringilla,	EA97D29C-4911-AEBB-E344-631D36D35570	119	2022-10-29 00:00:00
84	Curabitur massa.	enim. Sed nulla ante, iaculis nec, eleifend non, dapibus rutrum, justo. Praesent luctus. Curabitur egestas	54BC86E5-2E11-C17D-8268-93CF9BDDBBB0	111	2023-03-28 00:00:00
85	gravida molestie	neque sed dictum eleifend, nunc risus varius orci, in consequat	528DB2BD-1A20-6229-A8BD-149445405A5D	110	2021-07-29 00:00:00
86	nibh. Quisque nonummy	ipsum. Donec sollicitudin adipiscing ligula. Aenean	3DCF8ED5-343A-B006-7C84-EB689AAC78D2	2	2022-10-09 00:00:00
87	quis, pede.	vel, venenatis vel, faucibus id, libero. Donec consectetuer mauris id sapien. Cras dolor	BE85424E-7B76-5542-2A16-CFE532A597D8	131	2021-08-03 00:00:00
88	fringilla	Cras vulputate velit eu sem. Pellentesque ut ipsum ac mi	1436DC57-40D4-62E9-7146-E17CE1BF4BD7	160	2022-03-17 00:00:00
89	rutrum eu,	elit, pretium et, rutrum	77C8FAE7-8B63-8329-9D98-D91359B7E68A	82	2022-01-23 00:00:00
90	iaculis enim, sit	Sed eu eros. Nam consequat dolor vitae dolor. Donec fringilla. Donec feugiat metus sit	CE361493-B11F-C51C-8A11-5345CE1AA003	17	2022-10-15 00:00:00
91	dignissim	montes, nascetur ridiculus mus. Proin vel arcu eu	6F42E0CB-7841-3719-11AE-E97A433A9419	83	2022-02-17 00:00:00
92	vitae odio sagittis	Donec at arcu. Vestibulum ante ipsum primis in faucibus orci luctus et ultrices posuere cubilia Curae Donec	E09BEA68-113A-3EF4-2AEC-AAA0BFC75A7D	153	2022-05-22 00:00:00
93	scelerisque, lorem	hendrerit a, arcu. Sed et libero. Proin mi.	B6997E83-2386-B470-42FA-E1663E4F6242	155	2022-07-07 00:00:00
94	Cras vulputate	ullamcorper magna. Sed eu eros. Nam consequat dolor vitae dolor. Donec fringilla. Donec feugiat metus sit amet ante. Vivamus	6A93221F-4A19-A682-7E41-6766915EDB46	187	2022-02-19 00:00:00
95	tincidunt adipiscing.	magna. Duis dignissim tempor arcu. Vestibulum ut eros non enim commodo hendrerit. Donec porttitor tellus non magna.	49B9D512-01F5-6257-4483-1BA1FCAC3E0B	177	2021-08-26 00:00:00
96	dui,	accumsan convallis, ante lectus convallis est, vitae sodales nisi magna sed dui. Fusce	58AB3CC2-746A-876E-3A0B-74622E480A9B	187	2023-02-05 00:00:00
97	semper, dui lectus	eu metus. In lorem. Donec elementum, lorem ut aliquam iaculis, lacus pede sagittis augue,	115EA3B6-6D56-9DB1-E8C1-96FDDE51A14C	175	2021-12-11 00:00:00
98	Donec egestas.	luctus et ultrices posuere cubilia Curae Phasellus ornare. Fusce mollis. Duis sit amet diam eu dolor egestas rhoncus.	4CA435FA-4388-42ED-E8CF-1D7BDE9C323A	164	2022-11-29 00:00:00
99	a	bibendum ullamcorper. Duis cursus, diam at pretium aliquet, metus urna	46B5639A-1D46-B141-8773-4AE86072D81E	80	2021-08-13 00:00:00
100	Duis cursus, diam	Nunc lectus pede, ultrices a, auctor non,	74DDDAA6-CCD3-BEC6-58EB-24CAB637948F	154	2021-07-31 00:00:00
101	massa non ante	Proin mi. Aliquam gravida mauris ut mi. Duis	95572638-83A4-1A36-0575-709540E53B25	193	2021-11-12 00:00:00
102	ultrices	adipiscing elit. Curabitur sed tortor. Integer aliquam adipiscing lacus. Ut nec urna et arcu	ABF72231-75A2-1B6B-CFCE-A29B82CD9B5C	101	2021-10-21 00:00:00
103	mauris	eros non enim commodo hendrerit. Donec porttitor tellus non magna.	1DD77564-16AC-FB34-5599-E3B1128C3551	50	2022-12-26 00:00:00
104	facilisis eget, ipsum.	pretium neque. Morbi quis urna. Nunc	C91F6112-9117-3ADF-F575-B4361D91382E	69	2022-11-14 00:00:00
105	Fusce mi	hendrerit. Donec porttitor tellus non magna. Nam ligula	DC3D9F16-B349-3372-564B-E3492BF3BF7E	181	2022-06-11 00:00:00
106	sed dolor.	eu neque pellentesque massa lobortis ultrices. Vivamus rhoncus. Donec est. Nunc ullamcorper, velit in aliquet lobortis, nisi nibh	D86E87B3-484C-BAC7-4B1F-464053A9B3E9	802023-01-02 00:00:00
107	sem ut	sagittis. Nullam vitae diam. Proin	54D1A1C5-7025-2DBC-D2F6-A32406AD4327	193	2021-09-14 00:00:00
108	vel, mauris.	auctor ullamcorper, nisl arcu iaculis enim, sit amet ornare lectus justo eu	D4CCE4F9-3EBA-CA30-A8E1-5C94D5219AD8	164	2021-09-05 00:00:00
109	augue ut	lorem semper auctor. Mauris vel turpis. Aliquam adipiscing lobortis risus. In mi	43A4DECC-099E-9BC1-E6B9-AD573910B946	86	2022-04-03 00:00:00
110	Vestibulum ante	Proin dolor. Nulla semper tellus id nunc interdum feugiat. Sed nec metus facilisis lorem tristique	0A756554-6594-C122-DAEC-61D4A907D9A7	135	2022-03-01 00:00:00
111	interdum.	purus. Duis elementum, dui quis accumsan convallis, ante lectus convallis est,	C3AC5CBD-F753-3224-998E-30E130601501	185	2023-03-17 00:00:00
112	Aenean massa. Integer	mauris, rhoncus id,	9328C3C9-E6DD-7285-91DB-3D3BB96D2D44	152	2021-10-30 00:00:00
113	morbi tristique	cursus vestibulum. Mauris magna. Duis dignissim tempor arcu. Vestibulum ut eros non	24982EE3-AAB6-E442-B20B-1E235E68D8F0	58	2022-03-10 00:00:00
114	ut quam vel	Maecenas libero est, congue a,	A0232AED-5903-9350-9EC3-92FC2C65D6AE	163	2022-06-21 00:00:00
115	turpis. Nulla	bibendum sed, est. Nunc laoreet lectus quis massa. Mauris vestibulum,	779524D5-B870-EB32-BF93-E88E6B63C151	94	2023-05-11 00:00:00
116	augue eu	amet, dapibus id, blandit at, nisi. Cum sociis natoque penatibus et magnis dis parturient montes, nascetur ridiculus	98B8A35A-E539-DC19-BAC4-A8078E423CD1	119	2022-07-05 00:00:00
117	sed leo. Cras	velit eu sem. Pellentesque ut ipsum ac mi eleifend egestas.	66D7C2F8-9C69-48AC-8619-5F9171DDE41E	63	2022-06-20 00:00:00
118	sollicitudin a,	sollicitudin orci sem eget massa. Suspendisse eleifend. Cras	18199663-B404-1BD5-921D-12951B5DB274	193	2021-10-07 00:00:00
119	sed pede	Donec non justo. Proin non massa non ante bibendum ullamcorper. Duis cursus, diam at pretium aliquet, metus urna convallis erat,	33D1C0CB-69A1-B84B-252E-065679BE4A64	142	2021-07-05 00:00:00
120	mollis non,	ut lacus. Nulla tincidunt, neque vitae semper egestas, urna justo faucibus lectus, a sollicitudin orci sem eget massa. Suspendisse	BB3AAD61-C81D-B6CE-9ABB-668CC835CC54	116	2021-06-04 00:00:00
121	ac	Cum sociis natoque penatibus et magnis dis parturient montes,	9AEEE375-73E3-F87A-9299-2ECFE75BF129	16	2022-08-05 00:00:00
122	libero	tempor erat neque non quam. Pellentesque habitant morbi tristique senectus et netus et malesuada fames	6215BCAD-3229-1ABD-4A69-1785AEC1E796	11	2022-12-14 00:00:00
123	sapien. Aenean	Sed dictum. Proin eget odio. Aliquam vulputate ullamcorper magna. Sed eu eros. Nam consequat dolor vitae dolor. Donec fringilla.	F7289AD0-B841-5923-8EB1-84E65CB7AE1D	155	2022-01-04 00:00:00
124	mauris blandit	vulputate, posuere vulputate, lacus. Cras interdum. Nunc sollicitudin commodo ipsum. Suspendisse	5EBEBC75-2353-5663-C699-48B2818A8B7D	7	2023-03-15 00:00:00
125	feugiat placerat	lectus quis massa. Mauris vestibulum, neque sed dictum eleifend, nunc risus varius orci, in	4E64303E-A074-0FEC-E172-96D0DC031D04	181	2021-08-21 00:00:00
126	pharetra. Quisque ac	ipsum non arcu. Vivamus sit amet risus.	F80FA994-4D64-D5A9-4E26-E45BBDBA0483	92	2022-06-22 00:00:00
127	adipiscing lacus. Ut	pede ac urna. Ut tincidunt	3DDD1524-AE8C-72A6-37CB-EAF31273A96B	31	2022-03-16 00:00:00
128	risus	amet ultricies sem magna nec quam. Curabitur vel	BE32BC2D-5D2E-A161-7957-DC35EAA2B913	124	2022-03-27 00:00:00
129	dolor	blandit viverra. Donec tempus, lorem fringilla ornare placerat, orci lacus vestibulum lorem, sit amet ultricies sem magna	4D9C9627-63D9-BF15-13B5-E8185588746D	184	2022-07-11 00:00:00
130	amet metus. Aliquam	Vivamus non lorem vitae odio sagittis semper. Nam tempor diam dictum sapien. Aenean massa. Integer vitae nibh.	5A4DFCEE-9341-BA79-7AEA-17CF68D92934	92	2022-01-15 00:00:00
131	dis	sit amet diam eu dolor egestas rhoncus. Proin nisl sem, consequat nec, mollis vitae, posuere at, velit. Cras	4C14675B-7BAA-9978-7C6E-5553B8D0C2D3	159	2022-01-03 00:00:00
132	in consequat enim	tellus lorem eu metus. In lorem. Donec elementum,	1AE77BEB-4A2B-27D9-CB77-3A43EF25AC74	32	2022-09-29 00:00:00
133	est ac	Quisque libero lacus, varius et,	891A1776-64D0-C6EF-1DCB-99ACFA44E632	142	2023-03-09 00:00:00
134	rutrum	feugiat placerat velit. Quisque varius. Nam	27E3EC19-2659-8110-2EE9-929E61B2DD46	120	2022-07-07 00:00:00
135	elit pede, malesuada	quis arcu vel quam	5302CF90-C0E7-2BDA-2945-1BD896D2C5BE	93	2023-03-16 00:00:00
136	vehicula et,	mauris, rhoncus id, mollis nec, cursus a, enim. Suspendisse aliquet, sem ut cursus luctus, ipsum leo elementum sem,	52E9A0AD-4ADC-4E65-3B67-54196CCD8847	5	2022-06-26 00:00:00
137	Pellentesque	Quisque purus sapien, gravida non, sollicitudin a, malesuada	59A53515-BEDF-D42A-CE53-12E31ECCA13D	170	2021-10-08 00:00:00
138	non, hendrerit	Morbi metus. Vivamus euismod urna. Nullam lobortis quam a felis ullamcorper viverra. Maecenas	67A045AB-82ED-15C8-1931-902418B556B3	149	2021-10-30 00:00:00
139	Nunc	ultrices a, auctor non, feugiat nec, diam. Duis mi enim, condimentum eget, volutpat ornare, facilisis eget, ipsum. Donec	405043F5-C14D-96CD-B137-6F7C74D39182	164	2022-03-01 00:00:00
140	fringilla, porttitor vulputate,	orci lobortis augue scelerisque mollis. Phasellus libero mauris, aliquam eu, accumsan sed, facilisis vitae, orci.	8D21B8CD-7674-2B1F-4018-434131943578	42021-12-31 00:00:00
141	commodo tincidunt	ac, eleifend vitae, erat. Vivamus nisi. Mauris nulla. Integer urna. Vivamus molestie dapibus ligula. Aliquam erat volutpat.	6BE294D4-7EB1-E176-788A-4BA16393422F	112	2021-07-15 00:00:00
142	euismod ac,	mauris elit, dictum eu, eleifend nec, malesuada ut, sem. Nulla interdum. Curabitur dictum. Phasellus in felis. Nulla tempor augue	52F3A331-AD78-8215-8675-2A8EE41315D1	632022-02-28 00:00:00
143	orci sem eget	ipsum porta elit,	8EC61649-50B5-C1A8-0A79-5D214D130E8E	127	2022-01-03 00:00:00
144	aliquam eros	eu augue porttitor interdum. Sed auctor odio a purus. Duis elementum, dui	7D46C012-C076-BAE5-A112-518674AE1B8A	176	2022-01-22 00:00:00
145	adipiscing lobortis risus.	In scelerisque scelerisque dui. Suspendisse ac metus vitae velit egestas lacinia.	7CBCDC1A-C12D-1CEF-961D-CF8DD58545A5	54	2022-08-16 00:00:00
146	placerat, augue.	sed, est. Nunc laoreet lectus quis massa. Mauris vestibulum, neque sed	A857D188-5392-7E44-4715-BD3251ACADCC	161	2023-01-27 00:00:00
147	aliquet magna	ut aliquam iaculis, lacus pede sagittis augue, eu tempor erat neque non quam. Pellentesque habitant	526D23E5-046C-3323-D615-897DB1CD8E65	137	2022-04-13 00:00:00
148	erat	faucibus leo, in lobortis tellus justo sit amet nulla. Donec non justo. Proin non massa non ante bibendum	11662549-6662-496F-9403-C5D7581AD574	88	2023-01-23 00:00:00
149	nunc nulla	tellus justo sit amet nulla. Donec non justo. Proin non massa non	69DF7B90-E0C0-D9FD-3CC1-788E9A58D7F3	36	2022-06-13 00:00:00
150	dolor sit	nascetur ridiculus mus. Proin vel nisl. Quisque fringilla euismod enim. Etiam gravida molestie arcu. Sed eu	E9FC459B-217C-7B76-F68D-2CD23B19E545	28	2022-02-13 00:00:00
151	vitae dolor.	tempus, lorem fringilla ornare placerat,	241E8D8D-F452-FE71-ED5F-AC57DCA45F5B	187	2021-10-28 00:00:00
152	libero est,	at, velit. Pellentesque	BC61FE18-5136-EA0C-C080-3CB2F659472C	103	2022-09-21 00:00:00
153	et libero. Proin	magna nec quam. Curabitur vel lectus. Cum sociis natoque penatibus et magnis dis	754E8EB4-1808-8C08-BDE3-3B65BBADD2AF	120	2021-07-05 00:00:00
154	Class	Lorem ipsum dolor sit amet, consectetuer adipiscing elit. Aliquam auctor, velit eget laoreet posuere, enim nisl elementum	01A7BAE3-CC93-B9A5-6CE0-BC9792AE65B3	179	2023-03-10 00:00:00
155	et	fermentum arcu. Vestibulum ante ipsum primis in faucibus orci luctus et ultrices posuere cubilia Curae Phasellus ornare. Fusce	D6A9762D-8314-A8EF-0B51-A1EE163AED23	158	2021-08-24 00:00:00
156	ipsum dolor	enim. Curabitur massa. Vestibulum accumsan neque et nunc. Quisque ornare tortor at risus. Nunc ac sem ut dolor dapibus	BA514CB4-45D8-0132-B3B7-B98425AC81AD	195	2022-01-29 00:00:00
157	Quisque imperdiet, erat	Nulla dignissim. Maecenas ornare egestas ligula. Nullam feugiat placerat velit. Quisque varius. Nam porttitor scelerisque neque. Nullam nisl. Maecenas	8E844526-EEBD-1F1B-A1B6-19B334392A81	160	2022-09-20 00:00:00
158	mauris. Morbi non	Mauris vestibulum, neque sed dictum eleifend, nunc risus varius orci, in	2645D372-A475-E2CC-DCDA-913D4BB4DA99	61	2022-03-28 00:00:00
159	enim	lorem ac risus. Morbi metus. Vivamus euismod	3E5B86DC-2FD8-7D09-EEAB-BED177E9693F	168	2021-07-20 00:00:00
160	Donec est mauris,	sit amet metus. Aliquam erat volutpat. Nulla facilisis. Suspendisse commodo	307CA2D7-2DD4-19EC-2DA1-9A5AEE409E15	11	2022-08-06 00:00:00
161	turpis	ipsum primis in faucibus orci luctus et ultrices posuere cubilia Curae	D5F9ABEE-A19B-2532-B9AA-B7F78A56BBB3	155	2022-12-11 00:00:00
162	fringilla purus	euismod urna. Nullam lobortis quam a felis ullamcorper viverra. Maecenas iaculis aliquet diam.	CC2557B1-E64A-087E-1CE5-2B04D0E84C89	74	2021-11-27 00:00:00
163	urna suscipit	iaculis quis, pede. Praesent eu dui. Cum sociis natoque	A5D7833C-412B-5110-5AA8-54F3A0451DD0	103	2023-01-17 00:00:00
164	Integer urna.	tempus risus. Donec egestas. Duis ac arcu. Nunc mauris. Morbi non sapien molestie orci tincidunt adipiscing. Mauris molestie	836D1193-C532-2E91-2B6E-B1B49AC84EA2	40	2021-09-03 00:00:00
165	in	elementum, dui quis accumsan convallis, ante	39A81379-C227-779E-8267-DC99177C5110	169	2021-12-31 00:00:00
166	pharetra nibh. Aliquam	rutrum magna. Cras convallis convallis dolor.	D8E17F83-2889-6C66-AE39-EF4FA1AFCA1D	44	2022-12-12 00:00:00
167	arcu. Morbi	Quisque varius. Nam porttitor scelerisque neque. Nullam nisl. Maecenas malesuada fringilla est. Mauris eu turpis. Nulla	75432DF6-BDE6-9829-ACD8-FD4957B0793B	195	2021-05-31 00:00:00
168	malesuada vel,	Cras interdum. Nunc sollicitudin commodo ipsum. Suspendisse non leo. Vivamus nibh dolor, nonummy ac, feugiat non, lobortis quis, pede.	E294ED12-CE61-9CA0-CA77-A2AECCFE08C4	932022-09-03 00:00:00
169	ac, fermentum	Fusce fermentum fermentum arcu. Vestibulum ante ipsum primis	8D56F88A-719D-0614-131E-EEDD62C7DD6F	113	2022-09-28 00:00:00
170	ac, feugiat	ipsum ac mi eleifend egestas. Sed pharetra, felis eget varius ultrices, mauris ipsum	6540099E-C78B-F56E-79A3-838425867944	71	2022-12-24 00:00:00
171	quis arcu	eros non enim commodo	FB63C71A-4806-95DD-5282-DA279CAF5E58	91	2023-02-02 00:00:00
172	dapibus gravida.	Proin sed turpis nec mauris blandit mattis. Cras eget nisi dictum augue malesuada malesuada. Integer id magna	6F06B8BF-F659-537F-4565-419769445197	169	2021-07-05 00:00:00
173	Duis	Ut tincidunt vehicula risus. Nulla eget metus eu erat semper rutrum. Fusce dolor quam, elementum at, egestas a, scelerisque	D9AF34D6-77C0-0663-D9AF-51C7FA83475F	86	2022-06-26 00:00:00
174	non enim	ultrices. Duis volutpat nunc sit amet metus. Aliquam erat volutpat. Nulla facilisis. Suspendisse commodo	9624E991-6DA7-E597-FEA4-A1D8DD81249C	167	2021-06-22 00:00:00
175	et ultrices	blandit mattis. Cras eget nisi dictum augue malesuada malesuada. Integer id magna et	9DA7F966-AF43-892F-3496-174CC146BE27	168	2023-02-20 00:00:00
176	est, vitae sodales	dolor. Quisque tincidunt pede ac	63F26B3E-C460-698A-4AF9-60259D7DB72B	136	2022-03-22 00:00:00
177	ullamcorper	aliquet, metus urna convallis erat, eget tincidunt dui augue	D58A648B-57D1-52C2-3F1D-BB177F81003E	72	2022-03-22 00:00:00
178	luctus, ipsum leo	urna suscipit nonummy. Fusce fermentum fermentum arcu. Vestibulum ante ipsum primis in faucibus	2B7D5A99-8944-7A54-67B1-53DD629CBBF4	129	2021-12-13 00:00:00
179	Phasellus ornare. Fusce	vitae dolor. Donec fringilla. Donec	DEDF79B5-C538-9214-68DB-30D4E1C75E90	197	2022-09-26 00:00:00
180	vitae	metus. In nec orci. Donec nibh. Quisque nonummy ipsum non arcu. Vivamus sit amet risus. Donec egestas. Aliquam	E2877E94-51A6-C7A7-1269-F5134CE841E8	50	2021-05-31 00:00:00
181	purus, in	feugiat metus sit amet ante. Vivamus non lorem vitae odio sagittis semper. Nam tempor diam dictum sapien.	577DDCF8-917B-6D7F-A913-82755B19725C	60	2022-10-27 00:00:00
182	ridiculus mus. Donec	rutrum magna. Cras convallis convallis dolor. Quisque tincidunt pede ac urna. Ut tincidunt vehicula risus.	B76DB548-9594-1335-E54C-82A74D8186BA	64	2022-01-20 00:00:00
183	Vivamus nisi.	eleifend. Cras sed leo. Cras vehicula aliquet	4DC97336-537F-03BE-A1F8-1E33A4C4834A	65	2022-09-01 00:00:00
184	fringilla. Donec feugiat	leo elementum sem, vitae aliquam eros turpis non enim. Mauris quis turpis vitae purus gravida	4DB3CB67-7498-C3B8-BACD-BE9C483B267A	26	2023-04-06 00:00:00
185	ipsum. Curabitur consequat,	Lorem ipsum dolor sit amet, consectetuer adipiscing	A349BE18-8115-67C4-90C2-F21AB64B9942	173	2022-05-29 00:00:00
186	Nunc pulvinar	lacus. Quisque imperdiet, erat nonummy ultricies ornare, elit elit fermentum	062A30D0-5312-D57C-B0EC-EBAE5CACAA8E	26	2022-06-11 00:00:00
187	convallis in,	Nam ac nulla. In tincidunt congue turpis. In condimentum. Donec at arcu. Vestibulum ante	9835396D-2F85-6B6E-30A1-23A21A8D3314	4	2022-12-05 00:00:00
188	Aliquam auctor,	orci lobortis augue scelerisque mollis. Phasellus	AB5122D7-1E8E-3C53-AC25-B53EBD487467	149	2022-08-27 00:00:00
189	Aliquam gravida	malesuada malesuada. Integer id magna et ipsum cursus vestibulum. Mauris magna. Duis	B01EC7BA-DCCF-19FB-1BB8-2AE48572B1F1	37	2022-04-21 00:00:00
190	pede sagittis augue,	Phasellus fermentum convallis	0B0D7A66-1DB2-F968-B23E-E83A82D8BA5A	24	2021-07-18 00:00:00
191	enim nisl	tempus mauris erat eget ipsum. Suspendisse sagittis. Nullam vitae diam.	571217EE-9266-A4AE-9831-A6EBA87077D6	97	2022-01-27 00:00:00
192	dolor	aliquet lobortis, nisi nibh	7B27FE27-86B3-28AE-C67C-DE130818ED42	107	2021-09-15 00:00:00
193	feugiat. Sed nec	Vestibulum ante ipsum primis in faucibus orci luctus et	672A9A99-26A0-51A3-6867-F63B46C4EB5C	193	2021-05-25 00:00:00
194	Nunc	eu neque pellentesque massa lobortis ultrices. Vivamus rhoncus. Donec	9027B25F-DA35-A960-8672-E68D0EE68547	85	2021-12-24 00:00:00
195	tortor. Nunc commodo	adipiscing ligula. Aenean gravida nunc sed pede. Cum sociis natoque penatibus et magnis dis parturient	5E396905-D62E-E944-D439-8E9324C3FDA9	189	2021-12-10 00:00:00
196	Nulla facilisis. Suspendisse	Mauris vestibulum, neque sed dictum eleifend, nunc risus varius	23D6C63B-7DEB-5B59-EEBB-632D6D56C87B	9	2022-02-03 00:00:00
197	Curabitur vel	accumsan convallis, ante	A182B6CA-067B-F6FA-5E65-511B3E44229A	115	2023-03-26 00:00:00
198	eros. Proin ultrices.	cubilia Curae Phasellus ornare. Fusce mollis. Duis sit amet diam eu dolor egestas	BDE3CDD1-47E5-767F-9E13-C2C9383E00BD	140	2022-09-07 00:00:00
199	Cras pellentesque.	leo, in lobortis tellus justo sit amet	1854AC49-2BC5-8C60-23AA-8F08358D891C	92	2021-06-14 00:00:00
200	ut dolor	magna tellus faucibus leo, in lobortis tellus	7D87E3D1-31D4-5CC5-B379-462814A6D092	166	2022-05-09 00:00:00
201	Nulla facilisi.	lobortis quis, pede. Suspendisse dui. Fusce diam nunc, ullamcorper eu, euismod ac, fermentum vel, mauris. Integer sem	D4AD2534-645E-DA62-D4E2-DE26333E7163	180	2022-06-09 00:00:00
202	libero	vitae velit egestas lacinia. Sed congue, elit sed consequat auctor,	CC294CCE-D5CA-0932-DDF7-9826B7499A2A	60	2022-05-20 00:00:00
203	at augue id	dapibus id, blandit at, nisi. Cum	C44E336B-DB1B-B641-8D9C-4AB0D4213D4A	173	2021-07-29 00:00:00
204	Aliquam ornare, libero	ligula. Nullam enim. Sed nulla ante, iaculis nec, eleifend non, dapibus rutrum, justo.	9D2808C8-4CD2-E7E9-1C22-55F5114143E5	100	2021-12-11 00:00:00
205	nec ante.	lorem, sit amet ultricies sem magna nec quam. Curabitur vel lectus. Cum sociis natoque	BB256E11-8E05-AE3D-7B90-28E29E345C17	177	2023-05-22 00:00:00
206	eros. Nam	arcu. Sed et libero. Proin	C8E8438C-A28B-2361-6272-38D803393C9C	180	2022-12-21 00:00:00
207	massa non	erat semper rutrum. Fusce dolor quam, elementum	885A519C-3D10-3EFC-CB68-E55846AABA85	76	2022-11-11 00:00:00
208	malesuada augue	ridiculus mus. Proin vel arcu eu odio tristique pharetra. Quisque ac libero	4B526B25-907A-9311-C07F-B82B9DDD14A2	151	2021-09-25 00:00:00
209	bibendum fermentum metus.	pede, malesuada vel, venenatis vel, faucibus id, libero. Donec consectetuer mauris id sapien. Cras	C4916AAF-5B99-7DC8-3E09-7472BDD9C438	84	2021-07-10 00:00:00
210	vel lectus.	Quisque tincidunt pede ac urna. Ut tincidunt vehicula risus. Nulla eget	E6CED5A9-AA5B-1F55-A9C6-D430F6806C7A	116	2022-01-30 00:00:00
211	malesuada. Integer	auctor. Mauris vel turpis. Aliquam adipiscing lobortis	5DC462B3-7816-CC68-E12B-536622882235	63	2022-05-10 00:00:00
212	Praesent interdum	montes, nascetur ridiculus mus. Aenean eget magna. Suspendisse tristique neque venenatis lacus.	4AA75087-94D8-7875-308F-F93E90E5439B	191	2023-04-18 00:00:00
213	ut aliquam iaculis,	risus. Donec nibh enim, gravida sit amet, dapibus id, blandit at, nisi. Cum sociis natoque penatibus et magnis	DA3ECCE2-4A51-6B25-DFEF-E89A894194A8	148	2021-11-04 00:00:00
214	mollis. Duis	urna et arcu imperdiet ullamcorper.	3AE771E7-3171-7098-36C4-4768E57C791C	98	2023-02-12 00:00:00
215	semper erat,	vitae, orci. Phasellus dapibus quam quis diam. Pellentesque	ED859D89-1299-D184-8C34-D7B1E36D594D	29	2022-03-19 00:00:00
216	erat volutpat.	orci luctus et ultrices posuere cubilia Curae Phasellus ornare.	ADEC440A-988C-C96D-5093-2EEA69BA1BAE	36	2021-06-21 00:00:00
217	Nullam	varius ultrices, mauris ipsum porta elit, a feugiat tellus lorem eu metus. In lorem. Donec	1876D2DE-C59C-451F-C186-BEC75A8B5BC2	178	2022-07-28 00:00:00
218	nec, cursus a,	Phasellus libero mauris, aliquam eu, accumsan sed, facilisis vitae, orci. Phasellus dapibus quam quis	D4429AEA-BB69-9DC3-E919-1CD104059027	41	2021-09-10 00:00:00
219	Aliquam fringilla	dui, nec tempus mauris erat eget ipsum.	1FDA4CD4-B5BD-9220-DE8B-B1FD7893AC63	188	2023-05-03 00:00:00
220	accumsan	gravida sit amet, dapibus id, blandit at, nisi. Cum sociis natoque penatibus et magnis dis	D0E6B4D1-4D37-5723-A7DA-5034D8A5016B	38	2022-03-24 00:00:00
221	Sed congue, elit	urna, nec luctus felis purus ac tellus. Suspendisse sed dolor. Fusce mi lorem, vehicula et, rutrum eu, ultrices sit amet,	433CAAB5-5826-BB9A-E4C2-EE7CEA8A2377	862022-03-03 00:00:00
222	neque. Nullam	vel lectus. Cum sociis natoque penatibus et magnis dis	18A62A6B-A2EC-77BE-3A69-BA1DF6597827	104	2023-02-10 00:00:00
223	bibendum.	elit, pharetra ut, pharetra sed, hendrerit a, arcu. Sed et libero.	21A5ACCE-915F-60B1-649A-3C0E3379F9DA	96	2022-04-11 00:00:00
224	libero dui	vitae, orci. Phasellus dapibus quam quis diam.	42A96DEC-8623-59CD-29CB-2C86210635D1	80	2023-02-10 00:00:00
225	posuere	tempor arcu. Vestibulum ut eros non enim commodo	F39DB9BE-EE74-6C22-E5E4-3548484747A4	34	2022-02-06 00:00:00
226	parturient montes, nascetur	Vivamus non lorem vitae odio sagittis semper. Nam tempor diam dictum	A9B347BC-4E5C-F9E8-0B20-5FEA58061F5D	34	2022-02-17 00:00:00
227	non enim	facilisis, magna tellus faucibus leo, in lobortis tellus	D69A4224-5C89-4B93-3E58-A92438E23D5F	13	2022-02-01 00:00:00
228	non ante	nec ante. Maecenas mi felis, adipiscing	774523FE-36F2-5E02-519C-E654B71D3AA3	97	2023-04-16 00:00:00
229	mauris	convallis erat, eget tincidunt	4D475472-E4BA-4E36-6B26-A67534D36710	105	2023-01-05 00:00:00
230	eu eros.	feugiat non, lobortis quis, pede. Suspendisse dui. Fusce diam nunc, ullamcorper eu, euismod	E822467A-8396-F4D6-D025-C52736E84C61	15	2022-08-04 00:00:00
231	sit	pharetra nibh. Aliquam ornare, libero at auctor	C5344634-96D4-6302-963D-AC8BB73E2227	51	2021-06-25 00:00:00
232	lacus	Curae Donec tincidunt. Donec vitae erat vel pede blandit congue. In scelerisque scelerisque dui. Suspendisse ac metus vitae	619912CF-9D91-8ADD-CFBA-C391A2CE496C	178	2023-04-12 00:00:00
233	non sapien	pharetra sed, hendrerit a, arcu. Sed et libero. Proin mi. Aliquam gravida mauris ut mi. Duis risus odio, auctor	9820B8D1-9A4F-BA18-A959-B74A5516DB2B	183	2023-05-08 00:00:00
234	et	lectus. Cum sociis natoque penatibus et magnis dis parturient	932898E7-B54D-CE39-4D16-B6AC69576D80	33	2022-10-28 00:00:00
235	et, euismod et,	Praesent interdum ligula eu enim. Etiam imperdiet dictum magna.	223C509A-9CDA-AA32-C3A8-8D3943A6C246	138	2022-03-24 00:00:00
236	Sed diam lorem,	enim mi tempor lorem,	9BC5A48B-56AC-8D5A-1938-E6D644F22135	148	2022-07-02 00:00:00
237	eu	felis purus ac tellus. Suspendisse	2A243D58-9DA9-4520-3365-63631ABA5975	119	2022-02-11 00:00:00
238	Mauris ut quam	nisl arcu iaculis enim, sit amet ornare lectus justo eu arcu.	A33F5C40-1E6A-D8CA-9C5A-34C5C1E5C1EE	53	2022-09-14 00:00:00
239	Sed	dolor. Quisque tincidunt pede ac urna. Ut tincidunt vehicula	9CCFBC7C-B7E3-E176-2E6C-BBE90511C2C5	150	2023-03-23 00:00:00
240	quis turpis	lorem vitae odio sagittis semper. Nam tempor diam dictum sapien. Aenean massa. Integer	80F6A1D9-779D-D83C-DD16-E1D6973A7931	166	2023-02-11 00:00:00
241	quis, pede. Suspendisse	quam dignissim pharetra. Nam ac nulla. In tincidunt congue turpis. In condimentum. Donec at	D6D73D3D-E6DE-10D1-9F4D-2E5A76126D4C	162	2023-05-16 00:00:00
242	lectus	libero lacus, varius et, euismod et, commodo at, libero. Morbi accumsan laoreet	E26E9786-B95B-8191-DAF8-C4DEA8D5D479	87	2023-02-24 00:00:00
243	id,	eu dui. Cum sociis natoque penatibus et magnis dis parturient montes, nascetur ridiculus mus. Aenean	C52BA91B-DD8A-9E54-9197-14D202E26796	84	2022-05-11 00:00:00
244	et	euismod mauris eu elit.	686441ED-88AE-4502-6BA6-649516ABEAC3	89	2022-04-27 00:00:00
245	Nam nulla magna,	pharetra. Nam ac nulla. In tincidunt congue turpis. In condimentum. Donec at arcu. Vestibulum ante ipsum	B18616AD-52EC-2C5E-09C9-2A68691354A0	195	2021-09-18 00:00:00
246	posuere at,	neque tellus, imperdiet non, vestibulum nec, euismod in, dolor. Fusce feugiat. Lorem ipsum	BD9577E6-8919-3486-A9C1-18225C58C7BC	74	2023-04-17 00:00:00
247	non, vestibulum	ornare sagittis felis. Donec tempor, est ac mattis semper, dui lectus rutrum urna, nec luctus	F246EE7F-8BBC-C70C-199B-837167E73827	185	2021-11-19 00:00:00
248	arcu	Vestibulum accumsan neque et nunc. Quisque	EAF25A8F-7964-1F4A-02FD-350CD4AA4864	161	2022-06-27 00:00:00
249	metus. In	fermentum metus. Aenean sed	74F0285D-4058-B298-1ED9-584BBDCA2272	109	2023-02-28 00:00:00
250	quam	ac, fermentum vel, mauris. Integer sem elit, pharetra ut, pharetra sed, hendrerit a, arcu. Sed et libero. Proin	550C939C-568E-EAE9-BCD2-D1FD4D8C9201	176	2023-02-18 00:00:00
251	feugiat non,	natoque penatibus et magnis dis parturient	6BC267FA-4E22-E0F6-C123-7120265A130E	181	2022-06-14 00:00:00
252	netus et	facilisis. Suspendisse commodo tincidunt nibh. Phasellus nulla. Integer vulputate, risus a ultricies adipiscing, enim mi tempor lorem, eget mollis	974AA485-BBC4-ABAB-A8F8-23E8B58756BE	17	2022-03-13 00:00:00
253	Sed eu	torquent per conubia nostra, per inceptos	ABE19B6B-1584-382E-1347-9D61C9CCAB24	30	2022-02-15 00:00:00
254	pede et risus.	ac orci. Ut semper pretium neque. Morbi quis urna. Nunc quis	D0A6830E-D978-B48B-D25A-6C2D167420A2	17	2021-11-17 00:00:00
255	Mauris nulla.	commodo ipsum. Suspendisse non leo. Vivamus nibh dolor, nonummy ac, feugiat non, lobortis quis, pede. Suspendisse dui. Fusce	AB7C0AD5-F139-B0CE-12AE-EEEC13A6687C	75	2022-11-01 00:00:00
256	amet, risus. Donec	non enim. Mauris quis turpis vitae purus gravida sagittis. Duis gravida. Praesent eu nulla at sem molestie	398E4B7C-6666-14EA-4517-5B10050EA234	106	2022-10-01 00:00:00
257	nec, diam.	nec, imperdiet nec, leo. Morbi neque tellus, imperdiet non,	7DBEBB9F-E3A8-91F7-F805-533BCBB18533	77	2023-01-28 00:00:00
258	Integer mollis.	odio a purus. Duis elementum, dui quis accumsan convallis, ante lectus convallis est, vitae sodales nisi magna sed	D929ABDE-DD44-BBEA-5ABF-2A3D801EFEA8	85	2023-01-09 00:00:00
259	ante. Vivamus	Aenean euismod mauris eu elit. Nulla facilisi. Sed neque. Sed eget lacus. Mauris non dui nec urna suscipit	82FA8E0A-B913-99B9-24AF-45190B41C17B	5	2022-07-03 00:00:00
260	dictum eu, eleifend	eu tempor erat neque non quam. Pellentesque habitant morbi tristique senectus et netus et malesuada	6DC7F8FF-5C17-A512-B668-3C8A6ECD4C26	61	2022-04-16 00:00:00
261	magna. Nam	Quisque purus sapien, gravida non, sollicitudin a, malesuada id, erat. Etiam vestibulum massa	0477A132-BF16-2A0D-AB9A-9101B4678121	191	2021-10-08 00:00:00
262	a, dui. Cras	dignissim. Maecenas ornare egestas ligula. Nullam feugiat placerat velit. Quisque varius. Nam	76DE76DC-DD54-7E5D-A8D8-7C9771968B28	146	2022-06-14 00:00:00
263	aliquet libero. Integer	tellus. Nunc lectus pede, ultrices	379337D4-7579-C18A-C479-3923A63C5875	200	2022-02-07 00:00:00
264	sit	mi enim, condimentum eget, volutpat ornare,	1BCA562D-C974-1415-1CFA-D7E247C21464	49	2022-10-01 00:00:00
265	ligula.	arcu. Vivamus sit amet risus. Donec egestas. Aliquam nec enim. Nunc ut erat. Sed nunc est, mollis non, cursus	2CEB1C5C-B79D-8448-A3E9-95D959084571	168	2021-10-13 00:00:00
266	consequat dolor	eget, ipsum. Donec sollicitudin adipiscing ligula. Aenean gravida nunc sed pede.	882C3BCE-5172-FDEE-BD99-854D57F762AE	174	2022-11-10 00:00:00
267	Nulla dignissim.	Aliquam erat volutpat. Nulla dignissim. Maecenas ornare egestas ligula. Nullam feugiat placerat velit. Quisque	4125E71D-D95D-E3E0-D2E9-74EDAACECCA8	186	2021-08-26 00:00:00
268	sem	egestas. Aliquam fringilla cursus purus. Nullam scelerisque neque sed sem egestas blandit. Nam	01A1754C-FE18-4BCB-99DC-6EE614C1CBA4	197	2022-12-24 00:00:00
269	Fusce dolor	dolor. Fusce feugiat. Lorem ipsum	3F75E9B9-282A-1C13-F599-AEF2A8629DD4	11	2021-08-13 00:00:00
270	Pellentesque habitant	lorem fringilla ornare placerat, orci lacus vestibulum lorem, sit amet ultricies sem magna nec quam. Curabitur	EE3ADE1E-CDFB-368A-1A7C-6E77FA1B03D5	39	2022-09-27 00:00:00
271	ac orci.	imperdiet ullamcorper. Duis at lacus. Quisque purus sapien, gravida non, sollicitudin a, malesuada	2876CE27-9D10-2352-C2CA-AFD5B8915E07	86	2023-01-26 00:00:00
272	luctus. Curabitur egestas	facilisis non, bibendum sed, est. Nunc laoreet lectus quis massa. Mauris vestibulum, neque sed dictum	24C8160A-C8E9-3B73-6E37-A258848221C1	17	2023-01-17 00:00:00
273	Mauris	lectus ante dictum mi, ac mattis	5DE7E4D7-5659-184A-515E-7EA51DD355F0	193	2021-11-23 00:00:00
274	vestibulum	ornare, lectus ante dictum mi, ac mattis velit justo nec ante. Maecenas mi felis, adipiscing fringilla, porttitor vulputate,	3EA23F83-9C8C-878E-AECE-515F6A00BDC4	129	2023-02-12 00:00:00
275	nec	ante blandit viverra. Donec tempus, lorem fringilla ornare placerat, orci lacus vestibulum	4937D93D-48E1-BC69-A385-7C292EA99A77	102	2022-08-09 00:00:00
276	ante bibendum	eros. Nam consequat dolor vitae dolor. Donec fringilla. Donec feugiat metus sit amet ante. Vivamus non lorem vitae odio sagittis	A2C4CD86-BAAA-83F1-D639-E4855E99BC20	622022-01-11 00:00:00
277	urna. Ut	fringilla ornare placerat,	1AE533BA-813D-8BFD-DC63-6BC73692DD8B	54	2021-10-30 00:00:00
278	vitae,	risus. Morbi metus. Vivamus euismod	CD4AB767-2BA0-C95E-9261-FAEB8663F495	122	2023-04-02 00:00:00
279	neque venenatis	luctus, ipsum leo elementum sem, vitae aliquam eros turpis non enim. Mauris quis turpis vitae purus gravida	2A1084F3-D141-17E8-E1BA-2637A7A5D3AC	128	2021-09-09 00:00:00
280	ligula. Nullam	dolor. Fusce feugiat. Lorem ipsum dolor sit amet, consectetuer adipiscing elit. Aliquam auctor, velit eget	DAF39AFD-CC22-B433-CF23-55448D5318F8	134	2022-06-29 00:00:00
281	Nullam vitae	Integer eu lacus. Quisque imperdiet, erat nonummy ultricies ornare, elit elit fermentum risus,	DD1914DC-EB16-465F-8EBB-D43814CED91F	112	2022-11-22 00:00:00
282	arcu. Morbi sit	magna. Duis dignissim tempor arcu. Vestibulum ut eros non enim commodo hendrerit. Donec porttitor tellus	39BC65EF-D2CF-FA52-5B3E-784AE39A36A3	74	2022-01-21 00:00:00
283	pede blandit	Donec est mauris, rhoncus id, mollis nec, cursus a, enim.	3F31AC21-B6B6-65EC-1E9D-F5A80B38ECD4	5	2023-01-24 00:00:00
284	odio vel	odio semper cursus. Integer mollis. Integer tincidunt aliquam arcu. Aliquam ultrices	4B516CA2-1750-6856-C166-378D48102808	39	2021-10-07 00:00:00
285	gravida nunc	leo. Vivamus nibh dolor, nonummy ac, feugiat non, lobortis quis, pede. Suspendisse dui. Fusce diam nunc, ullamcorper	EB8BCAEE-43E5-C5E4-E803-1969D4233BB5	32	2022-04-14 00:00:00
286	Proin sed turpis	at pede. Cras vulputate velit eu sem. Pellentesque ut ipsum ac mi eleifend egestas. Sed	C67CD7FD-2CFA-5777-A467-71E4832514EC	184	2023-04-13 00:00:00
287	Vivamus rhoncus.	nec quam. Curabitur vel lectus. Cum sociis natoque penatibus et	3B3364A1-924C-69ED-217B-3E8263696955	180	2021-08-13 00:00:00
288	est. Nunc	mi eleifend egestas. Sed pharetra, felis eget varius ultrices,	1D1BABDC-5A5D-F18F-CB6D-5E34D297E673	157	2021-06-06 00:00:00
289	sed dui. Fusce	dolor. Fusce mi lorem, vehicula et, rutrum eu, ultrices sit	13EC893F-5D98-C2AA-EF0C-03798122BEAD	174	2021-09-14 00:00:00
290	nunc	aliquam adipiscing lacus. Ut nec urna et arcu imperdiet ullamcorper. Duis at lacus. Quisque	C3378212-6C2E-CD51-CBED-4DA188CBFE5D	7	2023-02-14 00:00:00
291	libero dui	odio, auctor vitae, aliquet nec, imperdiet nec, leo. Morbi neque tellus, imperdiet non, vestibulum nec, euismod in, dolor. Fusce feugiat.	1741677A-B51C-F39F-89B2-04EE4614A336	171	2021-08-03 00:00:00
292	Cras vulputate velit	orci sem eget massa. Suspendisse eleifend. Cras sed	2BF14F86-6053-30D3-A440-3538C25B91C7	55	2021-07-31 00:00:00
293	lorem eu metus.	in magna. Phasellus dolor elit, pellentesque a, facilisis non, bibendum sed, est. Nunc laoreet lectus quis massa. Mauris vestibulum,	4951046C-B883-CE8A-CA0F-A41D31CC9E40	482021-08-15 00:00:00
294	risus odio,	semper, dui lectus rutrum urna, nec luctus felis	AC2FEC48-EA56-C5E8-B850-D8B55372F195	186	2021-09-07 00:00:00
295	bibendum. Donec felis	quis, tristique ac, eleifend vitae, erat. Vivamus nisi. Mauris nulla. Integer urna. Vivamus molestie dapibus ligula. Aliquam erat	EC9BAFB9-B699-9A2D-E411-61321D130575	41	2021-10-04 00:00:00
296	Proin	eu nulla at sem molestie sodales. Mauris blandit enim consequat purus. Maecenas	A8764200-7BFA-12AA-1B72-1FA5B5EF4D44	158	2022-12-24 00:00:00
297	sed dictum eleifend,	ornare. Fusce mollis. Duis sit amet diam eu dolor egestas rhoncus. Proin nisl sem, consequat nec, mollis vitae, posuere	E27F2382-9BED-4D3B-098C-DB8352E2F389	113	2022-09-17 00:00:00
298	tempor, est ac	dictum magna. Ut tincidunt orci quis lectus.	08439D49-58B8-310C-2BAC-D3EC5CDF7CA2	160	2021-11-16 00:00:00
299	luctus	tincidunt vehicula risus. Nulla eget metus eu erat semper rutrum. Fusce dolor quam, elementum	254049D2-E2E6-6220-2C48-52DA48F7EEDF	118	2022-04-11 00:00:00
300	arcu vel	vulputate, risus a ultricies adipiscing, enim mi tempor lorem, eget mollis lectus pede	8995822A-17A3-FE11-9939-AA5EBA151D32	126	2021-11-03 00:00:00
\.


--
-- Data for Name: subscriptions; Type: TABLE DATA; Schema: public; Owner: user_1
--

COPY public.subscriptions (shop_id, user_id, confirmed_at) FROM stdin;
230	33	2021-09-20 00:00:00
19	197	2021-09-17 00:00:00
265	179	2022-10-02 00:00:00
155	180	2023-04-13 00:00:00
106	67	2021-09-14 00:00:00
28	170	2022-12-27 00:00:00
140	61	2022-07-25 00:00:00
276	198	2022-07-16 00:00:00
263	148	2022-08-23 00:00:00
244	71	2022-08-13 00:00:00
125	27	2023-05-20 00:00:00
149	117	2021-10-20 00:00:00
170	142	2022-10-17 00:00:00
66	57	2022-03-05 00:00:00
226	82	2022-12-24 00:00:00
271	135	2021-11-30 00:00:00
28	98	2022-05-15 00:00:00
106	25	2021-10-13 00:00:00
152	58	2021-05-24 00:00:00
267	161	2022-10-01 00:00:00
116	36	2023-03-28 00:00:00
26	78	2021-08-26 00:00:00
115	135	2023-02-25 00:00:00
222	119	2022-08-06 00:00:00
113	115	2021-12-09 00:00:00
295	178	2023-01-02 00:00:00
53	60	2021-09-28 00:00:00
276	54	2021-07-29 00:00:00
18	21	2022-12-17 00:00:00
120	12	2022-05-26 00:00:00
154	110	2022-10-20 00:00:00
69	46	2022-12-10 00:00:00
174	96	2022-03-18 00:00:00
273	138	2023-02-19 00:00:00
164	169	2022-07-22 00:00:00
223	199	2021-11-05 00:00:00
238	59	2023-05-19 00:00:00
159	179	2021-11-29 00:00:00
92	163	2022-05-26 00:00:00
255	168	2021-09-02 00:00:00
61	29	2022-12-14 00:00:00
190	88	2022-08-27 00:00:00
278	104	2022-06-17 00:00:00
50	197	2021-10-19 00:00:00
18	107	2022-12-19 00:00:00
251	35	2021-09-05 00:00:00
97	69	2021-08-28 00:00:00
103	128	2022-12-21 00:00:00
292	179	2022-09-24 00:00:00
232	150	2021-10-31 00:00:00
96	24	2021-10-01 00:00:00
242	164	2022-07-12 00:00:00
36	89	2023-04-25 00:00:00
260	54	2022-08-10 00:00:00
106	27	2021-10-04 00:00:00
45	144	2021-11-29 00:00:00
104	73	2021-12-13 00:00:00
119	119	2022-02-10 00:00:00
56	84	2021-10-27 00:00:00
234	172	2023-05-03 00:00:00
243	95	2021-08-25 00:00:00
282	139	2022-11-09 00:00:00
252	121	2022-05-15 00:00:00
287	187	2022-03-13 00:00:00
281	17	2021-12-25 00:00:00
135	2	2021-07-10 00:00:00
136	160	2021-12-09 00:00:00
210	52	2021-08-13 00:00:00
62	160	2023-02-20 00:00:00
19	81	2021-11-05 00:00:00
56	90	2023-03-14 00:00:00
246	155	2023-04-21 00:00:00
220	21	2021-11-28 00:00:00
114	27	2021-08-28 00:00:00
82	9	2022-09-24 00:00:00
53	175	2021-08-01 00:00:00
73	18	2022-06-16 00:00:00
47	61	2022-11-07 00:00:00
201	138	2022-07-10 00:00:00
285	69	2021-05-28 00:00:00
297	195	2021-11-06 00:00:00
16	116	2022-04-22 00:00:00
291	154	2021-07-23 00:00:00
188	65	2022-09-05 00:00:00
80	112	2023-02-05 00:00:00
28	171	2021-11-28 00:00:00
156	12	2021-07-21 00:00:00
227	157	2021-12-04 00:00:00
71	62	2022-05-31 00:00:00
59	109	2022-06-11 00:00:00
188	199	2022-03-07 00:00:00
261	53	2021-07-22 00:00:00
228	109	2023-03-21 00:00:00
54	112	2023-03-01 00:00:00
139	134	2022-01-28 00:00:00
99	105	2023-02-07 00:00:00
280	35	2022-04-16 00:00:00
63	72	2022-08-05 00:00:00
262	83	2022-03-03 00:00:00
110	125	2023-04-18 00:00:00
254	113	2022-07-30 00:00:00
124	137	2021-10-29 00:00:00
119	101	2022-09-05 00:00:00
37	100	2022-11-13 00:00:00
243	192	2021-06-04 00:00:00
18	106	2021-09-13 00:00:00
177	154	2022-09-11 00:00:00
1	104	2021-09-24 00:00:00
229	137	2023-05-11 00:00:00
179	119	2021-05-29 00:00:00
122	111	2022-04-22 00:00:00
1	110	2022-11-11 00:00:00
133	56	2022-04-04 00:00:00
192	157	2022-03-13 00:00:00
195	164	2023-05-15 00:00:00
277	155	2021-08-25 00:00:00
121	136	2021-07-14 00:00:00
109	162	2022-09-15 00:00:00
141	32	2022-03-02 00:00:00
31	115	2021-07-19 00:00:00
29	147	2023-01-14 00:00:00
267	191	2022-07-28 00:00:00
19	73	2023-03-09 00:00:00
283	94	2022-12-18 00:00:00
82	177	2022-12-10 00:00:00
173	92	2021-05-27 00:00:00
276	87	2021-12-22 00:00:00
91	190	2022-09-30 00:00:00
43	181	2021-06-04 00:00:00
211	95	2021-05-22 00:00:00
286	160	2022-08-10 00:00:00
8	64	2022-07-22 00:00:00
111	23	2021-06-17 00:00:00
103	181	2021-11-06 00:00:00
230	20	2021-12-15 00:00:00
267	101	2021-10-17 00:00:00
245	135	2022-10-04 00:00:00
108	178	2021-12-16 00:00:00
56	113	2021-07-01 00:00:00
121	14	2021-09-04 00:00:00
96	157	2022-11-18 00:00:00
58	99	2022-02-10 00:00:00
116	119	2023-04-18 00:00:00
120	22	2022-10-11 00:00:00
177	137	2022-08-06 00:00:00
213	136	2022-11-10 00:00:00
42	83	2021-10-27 00:00:00
187	30	2023-02-01 00:00:00
267	131	2021-09-27 00:00:00
209	135	2021-12-08 00:00:00
27	8	2021-11-11 00:00:00
58	41	2021-08-08 00:00:00
207	76	2022-10-25 00:00:00
123	128	2023-02-28 00:00:00
33	187	2021-10-13 00:00:00
51	113	2023-01-23 00:00:00
264	8	2022-01-28 00:00:00
211	36	2022-10-24 00:00:00
205	157	2022-04-10 00:00:00
33	21	2022-04-17 00:00:00
15	73	2023-03-03 00:00:00
276	45	2022-01-18 00:00:00
256	11	2023-04-17 00:00:00
153	180	2022-06-22 00:00:00
114	159	2021-10-04 00:00:00
260	46	2023-05-03 00:00:00
232	59	2021-10-23 00:00:00
150	93	2023-04-20 00:00:00
250	53	2022-09-08 00:00:00
274	56	2023-01-03 00:00:00
213	83	2023-05-16 00:00:00
243	17	2021-08-03 00:00:00
24	26	2023-05-16 00:00:00
211	62	2022-04-23 00:00:00
153	118	2022-03-24 00:00:00
292	129	2022-06-27 00:00:00
143	13	2021-10-04 00:00:00
77	3	2022-10-07 00:00:00
77	101	2023-04-26 00:00:00
186	118	2022-04-30 00:00:00
257	169	2021-12-10 00:00:00
135	136	2022-12-15 00:00:00
237	146	2021-05-26 00:00:00
49	85	2022-11-12 00:00:00
148	63	2022-10-19 00:00:00
30	111	2022-05-20 00:00:00
242	95	2022-01-26 00:00:00
167	197	2021-08-07 00:00:00
229	2	2021-06-17 00:00:00
85	70	2023-04-20 00:00:00
72	48	2021-07-20 00:00:00
64	160	2022-03-06 00:00:00
24	9	2021-07-26 00:00:00
152	168	2021-10-06 00:00:00
20	35	2023-04-11 00:00:00
46	188	2022-03-27 00:00:00
174	135	2021-09-03 00:00:00
164	42	2023-04-14 00:00:00
134	40	2023-05-16 00:00:00
277	180	2022-05-29 00:00:00
\.


--
-- Data for Name: users; Type: TABLE DATA; Schema: public; Owner: user_1
--

COPY public.users (id, first_name, last_name, email, phone, address, photo_url, created_at) FROM stdin;
1	Dolan	Burke	lacinia.mattis.integer@icloud.net	(475) 233-9819	Haren	58842964-FD66-64FB-442E-4ED196994651	2022-11-08 00:00:00
2	Cassidy	Sandoval	lacus.ut.nec@google.edu	(215) 345-9733	Stratford	32C3E3AD-BEED-271D-6239-8EF075B571E5	2022-07-02 00:00:00
3	Summer	Francis	nascetur@icloud.ca	(584) 567-0693	Bengkulu	7CDCAC1E-E362-C469-0173-20872696C8CD	2021-12-24 00:00:00
4	Chester	Tillman	morbi.tristique@protonmail.edu	(642) 491-6541	Sevastopol	7F025C35-2B67-1437-35B6-625724A3D7B2	2021-11-12 00:00:00
5	Carla	Schmidt	aliquam.adipiscing@hotmail.net	1-867-453-3431	Nha Trang	84F78675-6587-2FCE-39E0-5D7EFD2D39E3	2022-05-16 00:00:00
6	Brennan	Kerr	pede@aol.edu	1-451-327-4897	Enns	3A45677E-F295-6844-65CA-D42C4E6A1407	2022-02-26 00:00:00
7	Cody	Espinoza	tellus.imperdiet.non@outlook.edu	(477) 368-6585	Bionaz	67EFC3A8-FAE5-4BBF-6193-59B27E467221	2022-07-10 00:00:00
8	Porter	Ellison	habitant.morbi@protonmail.edu	1-413-551-8388	Pamplona	9E1371A2-C9C3-6137-B31D-39E3B70B8619	2022-02-28 00:00:00
9	Anastasia	Porter	eros.nec@protonmail.ca	1-550-386-1775	Calama	608444B8-8687-F48C-B96C-53504EAC242B	2022-03-23 00:00:00
10	Talon	Burton	cubilia.curae.donec@yahoo.com	1-757-316-6766	Melle	27C53A3F-02C3-02A4-ECB7-35E9532641D4	2023-01-22 00:00:00
11	Maite	Stevens	viverra.donec@google.ca	1-428-171-7713	Uruapan	DEAFBB1B-2427-0143-2232-F7EE9AE9B5DB	2021-11-18 00:00:00
12	Chester	Swanson	enim@google.couk	1-252-453-6489	Russell	B228D2B4-51AB-C9C6-45A2-150E41FEE814	2022-07-12 00:00:00
13	Christine	Sherman	gravida.nunc.sed@outlook.edu	1-426-681-3751	Bury St. Edmunds	84DB3824-EDAC-7EE7-12E9-989C503B0264	2021-11-14 00:00:00
14	Levi	Bradley	lacus.cras@icloud.net	(852) 313-1227	Launceston	09D29758-51D8-E247-EEBA-C60F13C95C2C	2022-11-30 00:00:00
15	Grant	Woodard	aliquam@protonmail.edu	(641) 753-7221	Upplands Vsby	96ABA83A-BEE5-D5A7-93ED-1BC4BA5892D4	2022-12-09 00:00:00
16	Allistair	Richmond	purus.nullam@google.edu	(517) 851-3547	Levanger	ED1EAA57-B7CA-E14D-74B5-658336E29320	2022-08-05 00:00:00
17	Timothy	Kidd	dapibus.gravida@protonmail.ca	(952) 860-5739	Port Harcourt	DD8E5789-A406-E68B-93E9-CEC59701DB56	2021-09-24 00:00:00
18	Daryl	Cherry	vulputate.posuere.vulputate@hotmail.com	(189) 176-2448	Kohima	294C71A9-42E4-F7DE-71B3-8CD4226147C9	2021-11-25 00:00:00
19	Fuller	Walsh	mollis.vitae@yahoo.ca	1-461-578-7308	San Luis Potos	56349AAC-9A4C-5269-C22C-7A6C42BD316D	2022-12-23 00:00:00
20	Yetta	Hardin	a.nunc@aol.ca	(751) 988-8191	Waitara	B1EC1E96-2B83-CAEB-9DD4-B7B6C8BD3AB2	2021-12-22 00:00:00
21	Macon	Cruz	sit.amet@aol.org	(472) 273-8127	Vitacura	6B70C8B5-B08F-A09E-5A32-E15EC1E9E3B2	2021-10-01 00:00:00
22	Aiko	Kelley	dolor.dapibus@yahoo.ca	(898) 315-0470	Orkanger	30C9D770-6257-BD83-EC91-3F939F0CD635	2022-03-17 00:00:00
23	Thaddeus	Underwood	mauris.blandit@aol.com	1-381-782-1188	Masbate City	3036A077-CB3B-BB9F-52DD-ABCBB15336B1	2021-09-04 00:00:00
24	Adara	Chapman	dolor.donec.fringilla@google.ca	(645) 424-2633	Agartala	E528C623-D67D-BC51-781A-9CE414828133	2022-11-29 00:00:00
25	Dale	Woodward	sed.malesuada@google.net	(122) 397-2150	Sorbo Serpico	B8A4B8D9-7920-8AA6-99CB-08CF4DD9E52A	2022-06-26 00:00:00
26	Orli	Davenport	donec@aol.edu	1-722-724-4685	Valparaso	E344690B-9679-F4E7-4E33-E9A44748CCB6	2022-05-16 00:00:00
27	Signe	Mcdaniel	dui.fusce@yahoo.edu	1-983-885-6171	Quibd	89B1D551-EB8B-5426-69F1-FF76C2371A8B	2023-01-18 00:00:00
28	Georgia	Wiley	eleifend@icloud.couk	1-904-424-7142	Nurda	1DEEADA5-3224-B9AD-8938-736B1411484C	2022-03-07 00:00:00
29	Ulla	Boone	metus@aol.edu	1-714-625-6334	Irkutsk	58336756-BCB0-A1CA-5A83-664C18C831FA	2022-02-25 00:00:00
30	Otto	Mays	massa.lobortis.ultrices@icloud.net	(781) 658-1639	Chimbote	473EFB06-8B93-A478-FDDC-F64D101D6814	2021-09-17 00:00:00
31	Steven	Christian	arcu@google.couk	1-630-123-2913	Morelia	8C3B45A9-4246-67B1-A363-C797741DDB83	2021-09-17 00:00:00
32	Nora	Wagner	ac.mattis@aol.net	1-665-327-8456	Gore	7B64A275-8E5E-3F1B-B27E-D959BE2370BF	2022-01-04 00:00:00
33	Hedy	King	dui.quis@google.org	1-528-250-1314	Bama	87377C7C-9938-F438-38B7-31B8B4A3A419	2021-06-13 00:00:00
34	Hermione	Walter	orci.phasellus.dapibus@icloud.couk	(575) 220-4353	Caprino Bergamasco	A40EBE45-CB24-27A8-6FA3-24ADF0A61DD4	2022-10-17 00:00:00
35	Zenia	Garza	amet.consectetuer@outlook.ca	1-586-885-4513	Beypazar	02CDF9A9-99C5-B609-10FB-EBC71E8FB1B3	2022-12-01 00:00:00
36	Jin	Wilcox	vivamus@yahoo.edu	1-303-157-3195	Bogot	A97BF894-5AB7-7EF1-7F7D-934C619057C5	2022-05-04 00:00:00
37	Brett	Bonner	nunc@icloud.com	(447) 901-5547	Puerto Nario	112AC39B-9BCE-110A-5825-D2C026152D02	2021-06-10 00:00:00
38	Veronica	Mendoza	cras.dolor@yahoo.com	1-517-363-4703	Hameln	06B82D72-DAA4-A298-4A52-2245B022BAE2	2022-10-28 00:00:00
39	Reagan	Hopkins	suspendisse.tristique@outlook.net	1-431-946-4671	Sluis	DCD70894-E5E1-C85D-ED4D-645B2B24416B	2022-03-14 00:00:00
40	Sonia	Mejia	nostra.per@icloud.org	1-633-734-6094	Bukit Batok	9294B2BD-BEDD-5F68-9C98-EBC8D72F9A0E	2022-09-04 00:00:00
41	Hillary	Jennings	eget.mollis@google.edu	(867) 816-7839	Whyalla	1487A447-E6CA-F6FB-C1B1-515014A0722D	2022-12-12 00:00:00
42	Samson	Skinner	purus.in@google.couk	(542) 696-3534	Puntarenas	1E8EA375-92C5-03EB-13D4-249272DDB5FC	2022-10-15 00:00:00
43	Hillary	Haynes	ut.molestie.in@aol.com	1-683-786-1152	Newcastle	120291FC-8AF8-2FDC-8EEE-391E4451936C	2022-12-23 00:00:00
44	Rina	Snow	egestas.blandit.nam@icloud.couk	1-775-535-8616	Pozo Almonte	4001CADA-D699-B199-5272-92C46ED8CC11	2021-10-29 00:00:00
45	Michael	Figueroa	sed.congue.elit@outlook.couk	1-325-798-4462	Nelspruit	FC5343FB-46A7-61E0-B8D6-B43EAD53046D	2022-03-03 00:00:00
46	Jameson	Taylor	amet@yahoo.couk	1-458-623-2609	Changi Bay	A45C23D8-46DF-C03E-4CE6-8B9DF361F71C	2021-06-01 00:00:00
47	Jelani	Burnett	euismod.urna.nullam@icloud.org	(250) 782-9501	Douai	D9519D33-8874-6297-A58E-76204EB86DFC	2022-05-14 00:00:00
48	Chadwick	Moody	malesuada.id@google.ca	(249) 473-2778	Saint-Lger	7428CE80-F422-A93E-3B11-9EEABDB87999	2021-09-27 00:00:00
49	Alan	Fitzpatrick	nibh.vulputate@hotmail.net	1-454-283-2344	Galway	5453CB81-1A4E-A5B1-73E1-1497B697E8DD	2022-03-29 00:00:00
50	Macy	Glover	id.enim.curabitur@hotmail.net	(871) 483-6836	Palangka Raya	24DCE146-441B-9753-7754-332906BB031C	2023-01-10 00:00:00
51	Dale	Gamble	pharetra.sed@aol.org	(781) 477-0236	Dufftown	193472BA-C5F5-2116-9965-376D6858A679	2022-01-26 00:00:00
52	Rylee	Mayer	urna.et.arcu@outlook.com	(580) 264-3725	Schriek	795AC89A-97AE-9F36-FD1B-D43B84371711	2021-08-28 00:00:00
53	Ira	George	interdum@hotmail.org	(231) 628-4433	Governador Valadares	32DD26AE-63C4-A1E8-0232-449930DBD426	2022-10-15 00:00:00
54	Quinn	Kane	nisl.sem.consequat@google.ca	(858) 955-7159	Paita	645A59EE-2BF8-97D6-79BD-6E752613CE3C	2021-08-26 00:00:00
55	Nathan	Armstrong	augue.eu@yahoo.com	(273) 641-8685	Oudenburg	1688B8D9-CB26-C84A-AA32-B9569C65FCAB	2022-04-26 00:00:00
56	Anthony	Glover	eu.euismod@protonmail.ca	(605) 192-5278	Raigarh	BD413229-7535-8C61-C6E4-B9F324E7834C	2022-10-14 00:00:00
57	Kaye	Short	venenatis.a@protonmail.couk	1-628-666-7554	Laval	8E113069-9ADD-4887-79DE-8CCAEE33FB4C	2023-03-03 00:00:00
58	Otto	Elliott	faucibus.id.libero@hotmail.net	(395) 106-4400	Canning	0FA4363B-5413-50DD-7D2F-BA03FC6A9578	2021-11-18 00:00:00
59	Basia	Howard	malesuada.vel.venenatis@icloud.net	(357) 812-5268	Kapiti	E0B72832-A3D4-9D22-5DE4-1099DD87428A	2022-02-17 00:00:00
60	Jack	Mccoy	non.luctus@protonmail.couk	1-218-328-9466	Rio Saliceto	ADF5CE5E-9A27-2B15-DAB4-E2FD6AC5E020	2022-04-18 00:00:00
61	Zenaida	Finch	mi.fringilla@protonmail.org	(553) 199-4270	Mohmand Agency	DDB44D7D-9B12-BDDF-54BC-71E626FC44B2	2021-12-10 00:00:00
62	Amity	Cash	dapibus.ligula@hotmail.edu	(289) 217-7350	Beijing	1DC24CEF-44AD-768B-D456-CEC296296718	2021-11-23 00:00:00
63	Cally	Owens	cras.pellentesque.sed@yahoo.com	1-789-762-1623	Oslo	C4C53ADA-1EE2-AE2E-4DD8-8A521115A8B3	2021-10-13 00:00:00
64	Destiny	Frost	sed.diam.lorem@google.com	1-631-172-4681	Andong	A457B3ED-3D3B-8C9B-E8C5-B4AAC6296850	2021-05-29 00:00:00
65	Edan	Goodwin	sagittis.placerat@google.net	(287) 945-2024	Jilin	8FCD9392-BCA9-1391-197F-A8DE2EFA33FB	2023-03-30 00:00:00
66	Addison	Reilly	nam.interdum@aol.com	(436) 300-2839	Talara	F96D589D-5D12-59E1-4E9C-C5C0F66999D5	2022-06-25 00:00:00
67	Edan	Massey	amet@hotmail.ca	1-817-849-2386	Murmansk	6A5C7350-B7D4-D1B1-2A19-022D6FD5E3D9	2022-03-06 00:00:00
68	Tad	Newman	mollis.integer.tincidunt@outlook.com	(827) 196-5164	Darwin	38964350-662D-DB19-7511-82127A6EAC88	2022-01-13 00:00:00
69	Michael	Hall	vestibulum@aol.ca	(423) 748-8016	Lipetsk	C9E0AC60-2897-A213-C097-7B9BF96E45AB	2021-10-28 00:00:00
70	Odessa	Small	ornare.libero@aol.com	1-961-286-3396	Orchard	AD11B817-84FB-ECFC-8C28-977325BC322E	2022-10-09 00:00:00
71	Allegra	Snyder	mollis.duis.sit@yahoo.edu	1-650-813-1810	Stargard Szczeciski	3C9B3E8C-A8A0-717C-48DA-1A4F5BA8F358	2021-11-30 00:00:00
72	Nerea	Guzman	sapien.aenean@icloud.org	(365) 713-5262	Gyeongsan	51AC1F67-1248-2775-A4E9-62E1C24AA8F6	2023-01-30 00:00:00
73	Garrett	Norton	nam@aol.com	1-399-221-2466	Leipzig	3B51B211-BC86-167E-D4D3-B96DB63D8D32	2021-10-02 00:00:00
74	Chaney	Swanson	tellus.non@hotmail.org	(756) 386-4244	Linkping	E5A15684-F720-5197-79DE-0D84DF8815AA	2022-01-23 00:00:00
75	India	Vargas	urna.nullam.lobortis@hotmail.couk	(439) 324-1193	Belfast	56DDE774-3E54-45E7-7695-704731468B3A	2022-11-25 00:00:00
76	Shelley	Norman	sed.leo@protonmail.couk	1-456-517-2115	Watson Lake	E79F1A38-C5EA-A222-563A-819C54DCA8D8	2023-02-15 00:00:00
77	Ginger	Compton	erat@hotmail.ca	1-228-586-2313	San Andrs	C5452B2E-E294-2E96-B5A5-14A4D198F1CA	2023-04-17 00:00:00
78	Constance	Jennings	integer.id@outlook.ca	(756) 756-2193	Mexico City	47626F34-9534-815A-E4BA-7B74285D3032	2021-06-08 00:00:00
79	Logan	Knowles	a.scelerisque@google.com	(957) 640-6724	Vienna	B33053E6-41A2-3B9C-7E9C-96F7EA350281	2021-08-21 00:00:00
80	Ulric	Barker	orci@icloud.edu	1-842-761-1616	Faisalabad	BADA985F-EC91-75B9-2565-97BFBCF59415	2022-02-23 00:00:00
81	Blythe	Mullen	dignissim@aol.org	1-874-639-4035	Hu	5EE608D5-BB88-042C-9755-8AA942C3F517	2022-07-23 00:00:00
82	Pamela	Carter	fermentum@yahoo.net	1-434-735-8687	Gjoa Haven	491057E3-B64C-7CD5-A7BB-763FAA66C8EC	2022-12-13 00:00:00
83	Cedric	Robinson	ut.mi@outlook.edu	1-792-560-1830	Nelson	CE59E46E-7E64-7BA4-95BC-30CE6656B8B7	2023-04-08 00:00:00
84	Sybill	Flores	et.malesuada@icloud.net	1-154-307-3402	Malaybalay	5E6C3327-F646-888F-2688-18CDF52B2D67	2022-08-06 00:00:00
85	Camilla	Cameron	pellentesque.massa@icloud.com	1-237-417-1614	Sankt Johann im Pongau	C72E4632-F40D-E2DE-596B-6D4BD2A2B57B	2022-02-02 00:00:00
86	Chester	Kennedy	rhoncus.donec@icloud.couk	(261) 513-2764	Puntarenas	23EB5E78-0E09-7E27-0032-99E513CA3133	2022-01-28 00:00:00
87	Vernon	Powell	ullamcorper.velit@aol.edu	1-197-329-3022	Awka	27CBC470-E87E-0B55-9545-C92BCEB7B5BF	2021-09-28 00:00:00
88	Yen	Mccullough	mauris.aliquam.eu@hotmail.edu	1-666-166-1823	Abeokuta	24E2BD76-A22E-197F-AA84-ED6EEA627AD8	2022-06-09 00:00:00
89	Lucius	Williamson	eu.sem@yahoo.edu	1-678-222-3761	Benestare	12D556D4-DDF7-1823-26AB-C793CDFBB39E	2021-06-18 00:00:00
90	Madonna	Davidson	consequat.enim@google.com	1-861-947-1784	Xinjiang	F5D6C461-354D-137A-2312-D6B6264E8877	2021-07-09 00:00:00
91	Brian	Duffy	augue@icloud.ca	1-369-808-6659	Ludvika	3C70F1FE-59FA-2973-9AEA-789965898A1E	2022-08-17 00:00:00
92	Nathan	Miranda	at.augue@yahoo.couk	(536) 536-7474	Saint-Jean-Geest	64E720E1-B56C-3278-C74F-8CD52D7F7E14	2022-02-17 00:00:00
93	Benedict	Whitehead	nunc.ullamcorper@aol.net	(807) 215-4275	Lakewood	E8A849C3-3C46-4F33-4309-53E554CEBB2E	2021-09-17 00:00:00
94	Brenna	Morrow	mollis.vitae@aol.net	1-457-287-1304	Manokwari	64631685-77E6-6E55-1D42-C0E92BBADAAB	2022-03-07 00:00:00
95	Nolan	Alvarado	nunc.sit@yahoo.net	1-807-365-1633	Ibadan	98E7075A-CC08-C85F-6B61-25B8F8CA491A	2022-10-06 00:00:00
96	Brennan	York	donec.elementum.lorem@protonmail.org	1-262-835-7915	Banjarmasin	1D9889E6-1794-7B2E-4E64-DB84B5869A07	2021-05-26 00:00:00
97	Shay	Fisher	convallis@protonmail.org	(828) 584-5911	Gijn	7FB8FE8A-26DA-6675-B961-B79E5BDE9C71	2022-05-16 00:00:00
98	Eric	Chambers	natoque.penatibus@yahoo.org	(333) 123-6419	Szczecin	017149E6-C294-410D-BABD-BD49866D1BCE	2022-03-01 00:00:00
99	Germane	Fuentes	mauris.elit.dictum@outlook.org	(215) 894-2263	Paderborn	9E6E8AAC-25B2-C173-BD0E-7F3A5339B529	2022-12-07 00:00:00
100	Violet	Maldonado	dui.lectus@aol.couk	1-679-373-2622	Masone	91D7A370-77AC-D05C-EB23-B8874F4A1FFD	2022-10-17 00:00:00
101	Dolan	Flowers	urna.justo@aol.ca	(583) 796-9458	Sparwood	2E863583-50F2-FB2D-A021-4946918377A0	2023-03-03 00:00:00
102	Xantha	Lloyd	curabitur.consequat@google.couk	1-268-747-2689	Wolvertem	B314DF07-2975-4887-CADE-8362C27E6C23	2022-12-18 00:00:00
103	Lucian	Nichols	ligula.nullam.feugiat@google.net	(483) 674-1312	Salzburg	EE1A990D-BAAB-C813-7E2A-231DABC6743B	2023-03-25 00:00:00
104	Aurora	Mccormick	egestas@aol.net	1-423-720-3795	Galway	A5B51EFC-6F55-6974-8252-2E4E886823EB	2023-03-13 00:00:00
105	Shoshana	Vincent	cum.sociis@protonmail.org	1-834-121-8518	rsta	96DE28BB-E81E-93BB-628D-DF666750B5B5	2023-04-30 00:00:00
106	Lareina	Mendez	nulla@aol.edu	1-578-272-9056	Sokoto	9A4A505E-AD66-B557-38A7-5BF6639DA22E	2021-05-25 00:00:00
107	Dahlia	Reilly	facilisi.sed@outlook.com	(618) 672-3816	Dieppe	9151F100-CBEC-ED6A-ED21-CC9BACD2EC1F	2021-06-12 00:00:00
108	Kareem	Dominguez	posuere.at@aol.ca	(488) 664-4379	Cork	0328807A-96D3-B384-27F4-D9A9C274FDA3	2022-11-30 00:00:00
109	Colt	Bruce	consequat.enim@yahoo.ca	1-362-721-0679	Cork	8794CC11-9E83-A92E-8B21-821B568DAA94	2021-06-10 00:00:00
110	Julie	Chavez	ornare@outlook.com	(314) 537-3478	Boulogne-sur-Mer	AFE47EA1-6DFD-C3B8-C5BD-AC410B60C612	2022-12-07 00:00:00
111	Tana	Weaver	lorem.vehicula@google.edu	(688) 731-3666	Chimbote	B51A838A-8239-C459-1CB8-2A5070897E8D	2022-02-24 00:00:00
112	Libby	Watson	in.magna@yahoo.net	(431) 237-8866	Santa Maria	7B3E1534-A4AD-1FE0-0A9D-DFE61AB00727	2023-03-21 00:00:00
113	Hanae	Winters	amet.consectetuer.adipiscing@outlook.couk	(144) 280-3825	Bregenz	ED8DB233-9171-BD54-369B-AE448D4E51E7	2022-10-28 00:00:00
114	Beatrice	Richardson	risus.at@google.edu	(442) 483-5177	Gaziantep	D3E1E100-1DCC-CF56-915C-23AF24956A55	2023-05-09 00:00:00
115	Kameko	Conley	nulla.at@hotmail.ca	(322) 141-6926	Voronezh	C59215B7-2D7A-5145-03CE-48663EB57951	2022-06-13 00:00:00
116	Zena	Cleveland	vestibulum.accumsan@yahoo.org	1-654-533-1846	Port Harcourt	EAE848EB-5C92-6DC2-29D4-B99498A6190A	2022-07-12 00:00:00
117	Hammett	Yang	phasellus.fermentum@icloud.edu	1-150-336-3572	Gretna	21DDA14A-75D4-86E7-2683-9CB329072BED	2022-06-10 00:00:00
118	Alfonso	Frederick	convallis.convallis@aol.couk	(560) 450-2221	Ulundi	0083A4C6-1A12-1DFB-4618-B74F80317040	2022-12-14 00:00:00
119	Savannah	Bowman	lacinia.vitae@hotmail.org	(212) 504-1811	Valle del Guamuez	5B59A377-79B7-91D6-ED54-FC993316496A	2023-04-25 00:00:00
120	Kiona	Knapp	ac.feugiat@icloud.net	(685) 221-4958	Tehuacn	9753D0CB-03A4-D17B-4B6E-4F24C77AB3E2	2022-10-18 00:00:00
121	Amelia	Stevens	curabitur@icloud.org	(890) 251-8206	Tando Allahyar	B9FCB183-AC28-B98B-22D7-916EB4A1BDA8	2022-05-02 00:00:00
122	Declan	Short	metus.sit@icloud.net	(339) 994-0783	Tambov	4CECBF4D-3689-E730-C8C7-08D2C77EDF06	2022-01-17 00:00:00
123	Damon	Whitfield	eu.tellus.phasellus@google.org	(450) 540-7936	anlurfa	586B9C3E-480B-2A23-2A46-AC567C2704FB	2023-01-30 00:00:00
124	Benedict	Orr	arcu.et@icloud.net	1-422-127-1361	Soledad de Graciano Snchez	6A935182-972D-328C-C3DA-5963B99944D2	2022-12-10 00:00:00
125	Jackson	Bush	feugiat.non@protonmail.couk	1-851-783-1321	Jiutepec	7D22DE85-433F-346B-8AEA-A6D3F2D05882	2022-02-13 00:00:00
126	Hu	English	fringilla.porttitor@outlook.com	(359) 436-8583	Woerden	3DEB65BE-4443-A2A5-4E96-25A9FE9A8BD6	2022-06-26 00:00:00
127	Noel	Doyle	in.ornare@outlook.ca	1-827-230-1874	Liaoning	1177C338-E3E0-6F56-21A1-8FA5EBEC928A	2022-02-13 00:00:00
128	Solomon	Brown	tellus@yahoo.net	(591) 698-9269	Lerum	2468A250-7B27-1AB4-FDBD-DDF0114A1505	2023-05-12 00:00:00
129	Kieran	Higgins	magna.lorem@protonmail.com	(718) 694-6060	Ilagan	141686E9-76A5-C510-5B10-69ECB84D0E29	2021-09-02 00:00:00
130	Ali	Hayden	faucibus.morbi.vehicula@aol.net	1-327-851-3416	Seogwipo	7C543F5B-F9ED-C5BC-DC1D-CEB8580E1931	2023-01-31 00:00:00
131	Ross	Bradshaw	enim.diam@outlook.com	(722) 767-6594	Zaria	D40728B1-184E-63C1-38D3-7C96AF45E69D	2021-06-23 00:00:00
132	Penelope	Ayers	proin.vel.arcu@outlook.edu	1-443-526-4082	Ancona	0DC3D5B2-5645-B6B2-6825-AB388D8D5BB1	2023-02-16 00:00:00
133	Brian	Mack	commodo@yahoo.ca	1-624-775-9586	Tuguegarao	62396436-A73E-6D68-43EE-F368B83F86B8	2021-06-16 00:00:00
134	Leroy	Dixon	nec.malesuada@google.edu	1-191-210-5478	Oaxaca	6EBF67CB-3BD4-3369-151F-99CD8E9678B7	2022-03-10 00:00:00
135	Nehru	Richards	urna.nunc@protonmail.couk	(964) 662-3587	Iquitos	D95CDA95-F532-1134-4DD0-BC633645645D	2023-03-23 00:00:00
136	Xanthus	Lyons	lacinia.orci.consectetuer@aol.couk	1-663-255-8738	Pachuca	FF993F2D-1A46-AAE2-C783-E3D869B1647C	2022-12-09 00:00:00
137	Sonya	Vinson	eu.eleifend@aol.org	1-118-573-2153	Leticia	DA951618-9C26-91BA-DB13-25D729C5E510	2022-10-27 00:00:00
138	Julian	Baxter	nisi.cum@protonmail.net	(917) 249-3692	Kurgan	8B7A488C-1F4A-4DD6-31F8-ABBB57BDBE99	2022-07-02 00:00:00
139	Alexa	Craig	id.ante@protonmail.net	(248) 599-8464	Arequipa	E91BDA5E-6ABD-CA92-AB8E-ED65FAD0F39D	2021-10-05 00:00:00
140	Upton	Moran	nulla.integer.urna@icloud.org	1-435-526-7305	Mojokerto	2253DAAC-35AC-E9BA-4C4D-D14C6195C2FA	2021-09-05 00:00:00
141	Alfonso	Meyers	pellentesque.habitant@google.edu	1-813-807-4553	Barranca	3D0D9B5F-7EE2-A9C6-CE3D-B41B988A6357	2022-08-01 00:00:00
142	Gray	Coleman	sapien@icloud.com	(670) 358-3526	Santiago	E1D0605A-B618-A317-8E64-AAE6A6CDABB2	2022-06-10 00:00:00
143	Fallon	Brown	sit.amet@yahoo.com	(742) 600-2617	Tirupati	691BCE7A-934A-91D1-C0AA-B7784638D2D8	2021-07-15 00:00:00
144	Camille	Leblanc	amet.luctus.vulputate@protonmail.com	(404) 872-4944	Huara	CDEDD1F3-D676-23D7-33BD-74444A2723B8	2022-02-21 00:00:00
145	Micah	Simon	eros@aol.org	1-137-582-8495	Burin	EAAB2267-69D1-0C48-28B4-E96464247735	2022-04-04 00:00:00
146	Veronica	Hess	nostra@outlook.couk	(250) 175-6715	Mandai	3ABDB27F-2B15-6998-383C-E78F0C1EB58C	2022-09-20 00:00:00
147	Len	Petersen	gravida.sit@outlook.ca	1-394-156-5265	Quimper	46BD4B3E-1E8B-CFE4-7931-C8E68B41A548	2022-01-19 00:00:00
148	Pascale	Church	parturient.montes@aol.org	(666) 386-1252	Yaroslavl	A578B635-14D7-ECC6-62DC-45A32859638C	2022-04-13 00:00:00
149	Helen	Allison	mus@google.com	(751) 687-8628	Milestone	6C52B4FD-41B8-2CE6-7A4E-ACAC2CFD4FD4	2021-12-09 00:00:00
150	Lev	Terry	fringilla.ornare.placerat@hotmail.edu	1-756-378-3387	Lebach	D37BF112-63C9-612C-E4AD-6C704546276B	2022-04-23 00:00:00
151	Kirby	Madden	nec.cursus@protonmail.net	(394) 553-5344	Levin	87546EBB-A3B5-7EB6-D443-92ACA5B172D3	2022-12-07 00:00:00
152	Lucas	Richardson	at.fringilla@protonmail.com	1-801-175-8682	Edremit	E1D93E45-74CC-8C61-F163-EE4B1DA14797	2021-09-02 00:00:00
153	Quinlan	Shaffer	proin.ultrices@outlook.net	(566) 433-9223	Mardan	E7A5112C-DEAE-D31D-F269-F99476EE9311	2022-05-01 00:00:00
154	Bruce	Bennett	tempor.bibendum@outlook.net	1-281-133-0442	Sembawang	41C5F592-1C96-6339-89AB-B0E2CFB4A4C6	2021-07-09 00:00:00
155	Donna	Kirk	curabitur.dictum@google.net	(333) 299-2230	Cusco	FAE3C76A-38EE-9F6E-588A-E34EB7278788	2021-08-06 00:00:00
156	Stacy	Branch	lacus.etiam.bibendum@icloud.edu	(788) 492-8856	Alcorcn	67D1FC17-CAD6-E521-D769-D1DAD76D7939	2023-01-27 00:00:00
157	Nash	Austin	penatibus.et@aol.edu	(307) 253-2606	Cao Lnh	D92D052E-1E42-ADEE-D55A-26A0E3E5D9B6	2023-03-28 00:00:00
158	Kiara	Hartman	in@protonmail.edu	(188) 720-2901	Barranca	81FC89F0-27EE-9386-1B59-9D575CD3E72C	2022-08-29 00:00:00
159	Dorian	Alford	eu.tellus@protonmail.com	1-185-343-7856	negl	A77D123D-96EF-9927-E84E-7B811BA69F9A	2021-12-16 00:00:00
160	Nathaniel	Leach	nulla@hotmail.couk	1-224-533-8294	Ulloa (Barrial]	5DC57582-1523-D388-519E-DB46B097E03B	2023-05-18 00:00:00
161	Jana	Gregory	dictum.eleifend@google.couk	(301) 626-7311	Skudeneshavn	28B8567F-127A-9C62-154E-43185E567019	2022-09-27 00:00:00
162	Angelica	Jensen	mollis.dui@icloud.net	1-824-586-7306	Leipzig	7046C0EE-4671-A450-1950-5D39CB99CBDE	2022-04-29 00:00:00
163	Felicia	Burke	pellentesque.ultricies.dignissim@outlook.edu	1-676-626-7217	Grafton	0136CBF8-2B9B-7AFD-24F1-281E6C1B1283	2022-08-10 00:00:00
164	Thor	Witt	non@aol.com	1-579-379-2981	Moelv	A5823C9B-ED0C-A447-B741-EED3B81E79CD	2022-10-03 00:00:00
165	Cassidy	Bean	velit.eget@icloud.edu	1-936-374-3629	Tomsk	B93C4F9C-DCB8-8624-82F6-6AD75ABA8E65	2023-01-19 00:00:00
166	Carson	Mccray	commodo.ipsum@icloud.com	(183) 346-4184	Uman	81D7E65A-8505-05A4-FD38-FB6B5E19DE50	2022-05-25 00:00:00
167	Omar	Pace	cursus.integer.mollis@google.com	(529) 785-3651	Campos dos Goytacazes	6F25AAC8-53BE-A201-3898-35DA784484B8	2021-12-31 00:00:00
168	Kuame	Wolfe	tempus.mauris.erat@protonmail.edu	1-313-861-4799	Charlottetown	E503CE1B-2C20-7594-7EC2-CD36592E3843	2023-03-05 00:00:00
169	Sylvester	Jensen	quisque.fringilla@protonmail.edu	1-513-953-3278	Coihaique	E07B6B62-540D-8C54-4C5E-1345FE34A906	2021-06-28 00:00:00
170	Rogan	Sellers	luctus@icloud.edu	1-438-487-6587	Bursa	96CC13A5-A131-0963-E031-CA3DB1AC13A1	2022-05-10 00:00:00
171	Hamish	Moss	id@aol.couk	1-569-522-4561	Tagum	734AD349-B6C5-146E-90CB-C85B3125E100	2021-12-13 00:00:00
172	Wynter	Schwartz	ut@hotmail.net	1-214-257-6769	Siquirres	B4D8A7DC-025D-FD0E-1057-6C1D1E27656C	2022-05-22 00:00:00
173	Gareth	Barnett	posuere.cubilia.curae@icloud.edu	1-289-367-2146	Grey County	E2E6D64D-EFF4-4985-76B7-264E3A7266FB	2022-02-05 00:00:00
174	Brynne	Salazar	ante.blandit@icloud.net	(876) 372-5523	Panjim	4121256D-7113-4D38-0ABD-471481B860D1	2022-01-31 00:00:00
175	Rae	Alford	magna.a@outlook.couk	1-853-876-4198	Pamplona	C1359EF6-2D9A-2927-5CBB-2E1E9870B5D1	2022-01-11 00:00:00
176	Shea	Allen	augue.ac.ipsum@google.net	(332) 375-3774	Kflach	4E5343B9-A86A-F34F-0883-8DA7F4E8D02E	2023-01-22 00:00:00
177	Cyrus	Rice	enim.commodo@outlook.edu	1-575-377-8843	Pondicherry	C1D5D55F-BB77-B474-DC29-C933875764C1	2022-01-18 00:00:00
178	Kalia	Hicks	commodo.hendrerit.donec@outlook.net	1-538-321-8231	Tuy Ha	4EA6ABBC-BCBD-C371-ABEA-4B7F585E2D64	2022-06-26 00:00:00
179	Alexander	Coleman	augue.sed.molestie@hotmail.couk	(261) 214-1014	Gorzw Wielkopolski	BA6B4461-18D8-3A2B-C782-95D2A2EE504C	2022-06-02 00:00:00
180	Brynn	Mays	ante.iaculis@icloud.ca	(845) 333-1354	Busan	55621779-A50B-CE55-29F9-3CEC69B6EAD6	2021-11-13 00:00:00
181	Isabella	Macdonald	malesuada.integer@google.net	1-587-511-5457	Fauske	A362FBA9-D4C4-D8A6-D3B8-48439623868E	2022-06-08 00:00:00
182	Camille	Wong	non.cursus@google.com	(448) 815-1676	Wimbledon	CE539BD6-4C54-AA35-3AA8-4B37DFD559A2	2021-10-23 00:00:00
183	Jordan	Reynolds	consequat.enim.diam@protonmail.ca	(786) 606-5998	Manokwari	CB16C865-7944-FB94-2769-8BE613776B7A	2023-03-24 00:00:00
184	Shea	Mckenzie	tincidunt.nibh.phasellus@google.com	1-555-472-5626	Paredones	4CFB7522-82A6-7C23-E76D-6BE339D8D2D7	2023-02-09 00:00:00
185	Brenden	White	ultricies.sem@hotmail.net	1-816-525-2387	Queenstown	B45B0AAC-36BE-CB39-8C85-770E5D5B91D8	2021-09-22 00:00:00
186	William	Peters	diam.lorem@google.org	(731) 747-0223	Beijing	5D48EC45-4791-4FAD-B85A-272CFEC4CE9B	2022-09-14 00:00:00
187	Victor	Hoffman	amet.risus@icloud.net	1-366-285-7982	Mexicali	AF43972B-B391-E7EA-1861-3F1988BE8A73	2022-07-24 00:00:00
188	Cameron	Wood	duis.volutpat.nunc@aol.couk	(428) 954-2758	Cartagena	BAEEABBE-A199-D6E3-ADBE-910C04728152	2022-08-22 00:00:00
189	Kenneth	Pratt	proin.sed@outlook.org	(535) 314-1266	Nizhyn	6541171C-6325-D5D9-1B86-E3C288345AD2	2021-08-20 00:00:00
190	Nigel	Guerrero	ut.tincidunt@icloud.ca	1-478-413-7142	Pichilemu	F19BDF46-982C-28B3-5356-BBB7BF8BE597	2022-11-17 00:00:00
191	Michael	Berry	tortor.nunc.commodo@icloud.com	(616) 740-2571	Atlanta	28C858F9-44F8-481D-A812-B6EA638B9EEE	2022-07-28 00:00:00
192	Genevieve	Ashley	id.nunc.interdum@outlook.org	1-501-162-5817	Vienna	DCB9E4A2-1349-5A73-9C72-11DC56397413	2021-08-23 00:00:00
193	Adam	Callahan	rutrum.urna.nec@outlook.couk	(277) 842-6882	Ashburton	E51C7421-DE2B-1948-4A8B-287235842B29	2023-05-03 00:00:00
194	Harriet	Livingston	placerat.orci.lacus@icloud.net	1-581-231-8363	Bellville	A13EB2F6-8065-AC97-64AE-664E1D5E6D82	2022-07-08 00:00:00
195	Shafira	Knox	ipsum.porta@aol.edu	1-495-369-9398	Dutse	AEB8C4B6-C516-4376-AC79-42B3DBDD29EC	2021-12-24 00:00:00
196	Brian	Gardner	commodo.hendrerit@outlook.org	1-788-667-6677	Abergavenny	59CD8C26-A777-6D2C-9264-274D6420A288	2022-07-13 00:00:00
197	Anthony	Velasquez	lacus.vestibulum.lorem@yahoo.couk	1-957-171-7760	Motueka	2B993C5A-7ACF-D124-F92F-A4A49869EDCA	2023-04-02 00:00:00
198	Asher	Dale	diam.lorem@hotmail.org	(577) 793-2292	Port Harcourt	1262EA0C-C993-1B37-75C4-52C12169DC29	2022-06-03 00:00:00
199	Nasim	Weeks	tellus.aenean@google.ca	(454) 570-8249	Pinetown	BBEB5432-D7C6-9357-E876-E1DF76C6E829	2023-01-16 00:00:00
200	Wyatt	Contreras	aliquam@yahoo.ca	(306) 434-7184	Bitung	46666191-392C-2D18-E5C2-DCD943CA2976	2022-07-09 00:00:00
\.


--
-- Name: cart_id_seq; Type: SEQUENCE SET; Schema: public; Owner: user_1
--

SELECT pg_catalog.setval('public.cart_id_seq', 1, false);


--
-- Name: categories_id_seq; Type: SEQUENCE SET; Schema: public; Owner: user_1
--

SELECT pg_catalog.setval('public.categories_id_seq', 1, false);


--
-- Name: goods_id_seq; Type: SEQUENCE SET; Schema: public; Owner: user_1
--

SELECT pg_catalog.setval('public.goods_id_seq', 1, false);


--
-- Name: messages_id_seq; Type: SEQUENCE SET; Schema: public; Owner: user_1
--

SELECT pg_catalog.setval('public.messages_id_seq', 1, false);


--
-- Name: order_status_id_seq; Type: SEQUENCE SET; Schema: public; Owner: user_1
--

SELECT pg_catalog.setval('public.order_status_id_seq', 1, false);


--
-- Name: orders_id_seq; Type: SEQUENCE SET; Schema: public; Owner: user_1
--

SELECT pg_catalog.setval('public.orders_id_seq', 1, false);


--
-- Name: photo_id_seq; Type: SEQUENCE SET; Schema: public; Owner: user_1
--

SELECT pg_catalog.setval('public.photo_id_seq', 1, false);


--
-- Name: sellers_id_seq; Type: SEQUENCE SET; Schema: public; Owner: user_1
--

SELECT pg_catalog.setval('public.sellers_id_seq', 1, false);


--
-- Name: shops_id_seq; Type: SEQUENCE SET; Schema: public; Owner: user_1
--

SELECT pg_catalog.setval('public.shops_id_seq', 1, false);


--
-- Name: users_id_seq; Type: SEQUENCE SET; Schema: public; Owner: user_1
--

SELECT pg_catalog.setval('public.users_id_seq', 1, false);


--
-- Name: cart cart_pkey; Type: CONSTRAINT; Schema: public; Owner: user_1
--

ALTER TABLE ONLY public.cart
    ADD CONSTRAINT cart_pkey PRIMARY KEY (id);


--
-- Name: categories categories_pkey; Type: CONSTRAINT; Schema: public; Owner: user_1
--

ALTER TABLE ONLY public.categories
    ADD CONSTRAINT categories_pkey PRIMARY KEY (id);


--
-- Name: goods goods_pkey; Type: CONSTRAINT; Schema: public; Owner: user_1
--

ALTER TABLE ONLY public.goods
    ADD CONSTRAINT goods_pkey PRIMARY KEY (id);


--
-- Name: messages messages_pkey; Type: CONSTRAINT; Schema: public; Owner: user_1
--

ALTER TABLE ONLY public.messages
    ADD CONSTRAINT messages_pkey PRIMARY KEY (id);


--
-- Name: order_status order_status_pkey; Type: CONSTRAINT; Schema: public; Owner: user_1
--

ALTER TABLE ONLY public.order_status
    ADD CONSTRAINT order_status_pkey PRIMARY KEY (id);


--
-- Name: order_status order_status_status_key; Type: CONSTRAINT; Schema: public; Owner: user_1
--

ALTER TABLE ONLY public.order_status
    ADD CONSTRAINT order_status_status_key UNIQUE (status);


--
-- Name: orders orders_pkey; Type: CONSTRAINT; Schema: public; Owner: user_1
--

ALTER TABLE ONLY public.orders
    ADD CONSTRAINT orders_pkey PRIMARY KEY (id);


--
-- Name: photo photo_pkey; Type: CONSTRAINT; Schema: public; Owner: user_1
--

ALTER TABLE ONLY public.photo
    ADD CONSTRAINT photo_pkey PRIMARY KEY (id);


--
-- Name: photo photo_url_key; Type: CONSTRAINT; Schema: public; Owner: user_1
--

ALTER TABLE ONLY public.photo
    ADD CONSTRAINT photo_url_key UNIQUE (url);


--
-- Name: sellers sellers_email_key; Type: CONSTRAINT; Schema: public; Owner: user_1
--

ALTER TABLE ONLY public.sellers
    ADD CONSTRAINT sellers_email_key UNIQUE (email);


--
-- Name: sellers sellers_inn_key; Type: CONSTRAINT; Schema: public; Owner: user_1
--

ALTER TABLE ONLY public.sellers
    ADD CONSTRAINT sellers_inn_key UNIQUE (inn);


--
-- Name: sellers sellers_phone_key; Type: CONSTRAINT; Schema: public; Owner: user_1
--

ALTER TABLE ONLY public.sellers
    ADD CONSTRAINT sellers_phone_key UNIQUE (phone);


--
-- Name: sellers sellers_pkey; Type: CONSTRAINT; Schema: public; Owner: user_1
--

ALTER TABLE ONLY public.sellers
    ADD CONSTRAINT sellers_pkey PRIMARY KEY (id);


--
-- Name: shops shops_photo_url_key; Type: CONSTRAINT; Schema: public; Owner: user_1
--

ALTER TABLE ONLY public.shops
    ADD CONSTRAINT shops_photo_url_key UNIQUE (photo_url);


--
-- Name: shops shops_pkey; Type: CONSTRAINT; Schema: public; Owner: user_1
--

ALTER TABLE ONLY public.shops
    ADD CONSTRAINT shops_pkey PRIMARY KEY (id);


--
-- Name: subscriptions subscriptions_pkey; Type: CONSTRAINT; Schema: public; Owner: user_1
--

ALTER TABLE ONLY public.subscriptions
    ADD CONSTRAINT subscriptions_pkey PRIMARY KEY (shop_id, user_id);


--
-- Name: users users_email_key; Type: CONSTRAINT; Schema: public; Owner: user_1
--

ALTER TABLE ONLY public.users
    ADD CONSTRAINT users_email_key UNIQUE (email);


--
-- Name: users users_phone_key; Type: CONSTRAINT; Schema: public; Owner: user_1
--

ALTER TABLE ONLY public.users
    ADD CONSTRAINT users_phone_key UNIQUE (phone);


--
-- Name: users users_photo_url_key; Type: CONSTRAINT; Schema: public; Owner: user_1
--

ALTER TABLE ONLY public.users
    ADD CONSTRAINT users_photo_url_key UNIQUE (photo_url);


--
-- Name: users users_pkey; Type: CONSTRAINT; Schema: public; Owner: user_1
--

ALTER TABLE ONLY public.users
    ADD CONSTRAINT users_pkey PRIMARY KEY (id);


--
-- PostgreSQL database dump complete
--

